Fecha,Demanda_kWh_0-7,Demanda_kWh_7-17,Demanda_kWh_17-23,Demanda_kWh_Dia
2022-01-01,6112.581,9910.632000000001,6953.136,22976.349000000002
2022-01-02,5856.6320000000005,11508.604000000001,8215.055,25580.291
2022-01-03,7160.325,15612.386,9695.601,32468.312
2022-01-04,7983.658,17539.95,10487.076000000001,36010.684
2022-01-05,8641.944,17399.306,10569.331,36610.581000000006
2022-01-06,8605.058,17902.914,10721.518,37229.490000000005
2022-01-07,8830.411,16935.010000000002,10395.299,36160.72
2022-01-08,8695.008,16163.797,9746.865,34605.67
2022-01-09,7746.146,12600.853000000001,8505.626,28852.625
2022-01-10,7104.432000000001,13943.101,9161.092,30208.625
2022-01-11,8356.057,17877.858,10484.429,36718.344000000005
2022-01-12,9079.18,18526.423000000003,10773.887,38379.490000000005
2022-01-13,9031.595000000001,17987.848,10604.722,37624.165
2022-01-14,8607.452000000001,18076.780000000002,11253.233,37937.465000000004
2022-01-15,9211.617,17270.034,10436.157000000001,36917.808000000005
2022-01-16,8345.209,14032.178,9326.412,31703.799000000003
2022-01-17,8415.26,18405.116,10983.076000000001,37803.452000000005
2022-01-18,9015.968,18450.956000000002,10630.196,38097.12
2022-01-19,8791.932,18549.514,11313.918,38655.364
2022-01-20,8895.204000000002,19125.906000000003,11266.008000000002,39287.118
2022-01-21,8879.839,19221.376,11460.894,39562.109000000004
2022-01-22,8804.593,16772.596,10277.528,35854.717000000004
2022-01-23,7939.394,13213.833,9687.328000000001,30840.555
2022-01-24,8543.724,18499.098,10993.242,38036.064000000006
2022-01-25,8987.744,18220.019,10912.044,38119.807
2022-01-26,8947.379,18504.861,11276.973000000002,38729.213
2022-01-27,9046.547,18224.009000000002,11278.841,38549.397000000004
2022-01-28,9005.961000000001,17993.665,11327.004,38326.630000000005
2022-01-29,8951.776,16764.543,10565.32,36281.639
2022-01-30,7977.492000000001,13730.631000000001,9531.230000000001,31239.353000000003
2022-01-31,8240.995,17113.776,10820.300000000001,36175.071
2022-02-01,8580.211,17511.52,10526.19,36617.921
2022-02-02,8428.043,17399.704,10634.315,36462.062
2022-02-03,8694.132000000001,18647.932,11164.702000000001,38506.766
2022-02-04,8707.231000000002,18290.114,11252.116,38249.461
2022-02-05,8748.281,15885.830000000002,10162.819,34796.93
2022-02-06,7320.8820000000005,13435.264000000001,9144.773000000001,29900.919
2022-02-07,7841.969,17582.888000000003,10743.262,36168.119
2022-02-08,8383.147,17341.696,10986.224,36711.067
2022-02-09,8597.595000000001,18107.370000000003,11061.371000000001,37766.336
2022-02-10,8764.117,17881.133,10540.572,37185.822
2022-02-11,8553.109,17764.89,10297.092,36615.091
2022-02-12,8322.127,16058.187,10085.274000000001,34465.588
2022-02-13,8002.081,13863.636,9264.429,31130.146
2022-02-14,7925.732,18248.756,11196.096000000001,37370.584
2022-02-15,8555.586000000001,18039.878,11015.73,37611.194
2022-02-16,8583.732,18582.658,11517.417000000001,38683.807
2022-02-17,8940.293000000001,18228.620000000003,11199.461000000001,38368.374
2022-02-18,9128.325,18947.127,11280.583,39356.035
2022-02-19,8936.381000000001,16794.729000000003,10164.352,35895.462
2022-02-20,8034.406,13183.1,8835.635,30053.141
2022-02-21,7613.754000000001,17104.165,10637.329,35355.248
2022-02-22,8505.607,18131.543,11136.756000000001,37773.906
2022-02-23,8325.976,17353.762000000002,11396.410000000002,37076.148
2022-02-24,8981.351,18412.985,11122.603000000001,38516.939
2022-02-25,8918.513,18626.049,10913.066,38457.628000000004
2022-02-26,8386.722,16063.550000000001,9660.355,34110.627
2022-02-27,7270.321,12592.401000000002,8209.202000000001,28071.924000000003
2022-02-28,6778.401,16078.559000000001,9475.141,32332.101000000002
2022-03-01,7468.961,16678.198,9833.69,33980.849
2022-03-02,7853.817000000001,16792.384000000002,10133.688,34779.889
2022-03-03,8108.166,17202.606,10344.136,35654.908
2022-03-04,8148.555,17254.387000000002,10539.586000000001,35942.528000000006
2022-03-05,8192.854,15992.967,9782.145,33967.966
2022-03-06,7156.9310000000005,12730.711000000001,8390.26,28277.902000000002
2022-03-07,7273.946,16402.93,10162.208,33839.084
2022-03-08,7934.102,16911.163,10071.762,34917.027
2022-03-09,8095.183,17023.903000000002,10307.117,35426.203
2022-03-10,8250.559000000001,17088.621000000003,10126.582,35465.762
2022-03-11,8160.142000000001,17264.846,10502.599,35927.587
2022-03-12,8236.192000000001,16637.292,9903.559000000001,34777.043
2022-03-13,7506.0830000000005,12515.269,8444.634,28465.986
2022-03-14,7373.655000000001,17465.693000000003,10319.125,35158.473000000005
2022-03-15,8044.438,17096.162,10174.483,35315.083000000006
2022-03-16,8197.242,17622.843,10602.091,36422.176
2022-03-17,8375.501,17725.426,10808.798,36909.725
2022-03-18,8112.1,17806.654000000002,10720.499000000002,36639.253000000004
2022-03-19,8067.868,16840.933,10177.802,35086.603
2022-03-20,7868.131,13990.150000000001,9084.712000000001,30942.993000000002
2022-03-21,8362.843,15532.79,10051.319000000001,33946.952000000005
2022-03-22,8756.708,18332.641,11624.398000000001,38713.747
2022-03-23,8959.519,18465.394,11010.406,38435.319
2022-03-24,8668.709,19028.349000000002,10985.999,38683.057
2022-03-25,8728.938,18929.763000000003,11129.185000000001,38787.886
2022-03-26,8120.162,16283.083,10007.871000000001,34411.116
2022-03-27,8041.409,14049.207000000002,8635.494,30726.11
2022-03-28,7416.09,17346.084000000003,10302.911,35065.085
2022-03-29,8138.351000000001,17628.621,10287.469000000001,36054.441
2022-03-30,9178.911,19416.945,11696.026,40291.882000000005
2022-03-31,8645.548,18728.749,11186.960000000001,38561.257
2022-04-01,8801.468,19054.41,11219.327000000001,39075.205
2022-04-02,8899.862000000001,17580.174000000003,10524.317000000001,37004.353
2022-04-03,8284.103000000001,14687.454000000002,9305.933,32277.49
2022-04-04,7870.88,17638.41,10476.310000000001,35985.600000000006
2022-04-05,8507.492,17948.289,10570.262,37026.043
2022-04-06,8506.810000000001,19032.04,11342.096000000001,38880.946
2022-04-07,8555.005000000001,18278.571,10862.042000000001,37695.618
2022-04-08,8867.301000000001,18848.107,11113.861,38829.269
2022-04-09,8964.25,17379.45,10745.5,37089.200000000004
2022-04-10,8492.579,15162.386,9693.76,33348.725
2022-04-11,8295.711000000001,18553.247,11189.856,38038.814
2022-04-12,8588.971000000001,17836.441,11201.045,37626.457
2022-04-13,8617.988000000001,17579.545000000002,10758.171,36955.704
2022-04-14,8293.604000000001,14297.28,9108.737000000001,31699.621000000003
2022-04-15,7036.697,11880.966,8100.835000000001,27018.498
2022-04-16,6856.501,13715.735,8528.947,29101.183
2022-04-17,6793.675,12434.988000000001,8194.300000000001,27422.963
2022-04-18,7072.393,17930.116,10408.298,35410.807
2022-04-19,8597.135,16964.752,10668.494,36230.381
2022-04-20,9263.09,19083.769,11764.463,40111.322
2022-04-21,8866.104,18351.874,10933.396,38151.374
2022-04-22,8807.155,18160.385000000002,10970.756000000001,37938.296
2022-04-23,9116.712000000001,17735.345,10623.073,37475.130000000005
2022-04-24,8114.5470000000005,13734.102,8320.331,30168.980000000003
2022-04-25,7101.552,17211.092,10335.574,34648.218
2022-04-26,8073.241,18351.125,10870.775,37295.141
2022-04-27,8394.813,18791.146,11638.364000000001,38824.323000000004
2022-04-28,8817.349,18245.417,11184.507000000001,38247.273
2022-04-29,8904.064,19501.206,11296.462000000001,39701.732
2022-04-30,9062.2,17521.172000000002,10579.230000000001,37162.602
2022-05-01,8311.601,13897.517,8903.75,31112.868000000002
2022-05-02,7180.787,16843.398,10594.66,34618.845
2022-05-03,8023.626,18355.547000000002,11033.939,37413.112
2022-05-04,8860.973,19079.347,11293.487000000001,39233.807
2022-05-05,8692.521,18929.763000000003,10830.398000000001,38452.682
2022-05-06,8790.163,18137.757,10543.539,37471.459
2022-05-07,8260.204000000002,16513.749000000003,9866.845000000001,34640.798
2022-05-08,7570.349,12563.364000000001,7838.649,27972.362
2022-05-09,6873.785,18588.399,10745.219000000001,36207.403
2022-05-10,8027.341,18130.79,10964.002,37122.133
2022-05-11,8575.098,18325.142,11004.396,37904.636
2022-05-12,8448.778,18358.463,10943.684000000001,37750.925
2022-05-13,8751.207,18639.453,11165.836,38556.496
2022-05-14,8724.807,17456.564000000002,10610.007000000001,36791.378000000004
2022-05-15,7788.375,13694.298,8758.837000000001,30241.510000000002
2022-05-16,7361.557000000001,18071.959,10552.845000000001,35986.361000000004
2022-05-17,8319.944000000001,18694.41,10520.605000000001,37534.959
2022-05-18,8538.221000000001,18110.457000000002,10407.742,37056.420000000006
2022-05-19,8445.083,18499.363,10715.747,37660.193
2022-05-20,8678.092,18189.282,10838.207,37705.581000000006
2022-05-21,8556.613000000001,16908.859,10304.321,35769.793000000005
2022-05-22,7675.454000000001,12734.437,8442.732,28852.623
2022-05-23,7313.716,18252.992000000002,10320.439,35887.147000000004
2022-05-24,8242.837,18274.752,10875.636,37393.225000000006
2022-05-25,8728.343,18609.728,10851.736,38189.807
2022-05-26,8751.622000000001,18300.599000000002,10750.310000000001,37802.531
2022-05-27,8984.838000000002,18307.427,10597.776,37890.041000000005
2022-05-28,8607.173,16547.206000000002,9971.89,35126.269
2022-05-29,7677.14,11796.075,7912.313,27385.528000000002
2022-05-30,6652.116,13911.981000000002,8788.974,29353.071
2022-05-31,7301.909000000001,18214.711000000003,10336.926000000001,35853.546
2022-06-01,7812.404,18325.899,10578.563000000002,36716.866
2022-06-02,8067.442,18819.811999999998,10690.959,37578.213
2022-06-03,8303.117,17927.982,10435.509,36666.608
2022-06-04,8162.805,15790.849,9721.765,33675.419
2022-06-05,7420.1630000000005,12272.909000000001,7769.898,27462.97
2022-06-06,6937.253000000001,18636.521,10830.843,36404.617
2022-06-07,8172.661,18443.061,10408.272,37023.994
2022-06-08,7908.856000000001,18673.093,10691.544,37273.493
2022-06-09,8107.4710000000005,17985.25,10423.233,36515.954000000005
2022-06-10,7858.634,18713.545000000002,10875.334,37447.513
2022-06-11,8338.903,17015.242000000002,10269.971000000001,35624.116
2022-06-12,7396.599,13401.665,8437.706,29235.97
2022-06-13,6790.571,17978.756,10383.800000000001,35153.127
2022-06-14,8110.2210000000005,18046.452,10355.133000000002,36511.806000000004
2022-06-15,8172.312000000001,18237.010000000002,10642.517,37051.839
2022-06-16,8114.189,17188.667,9763.84,35066.696
2022-06-17,7575.871,17777.24,10683.51,36036.621
2022-06-18,7896.087,16407.183,9874.001,34177.271
2022-06-19,7417.901000000001,11700.128,7542.2,26660.229000000003
2022-06-20,6457.937000000001,13937.272,8800.24,29195.449
2022-06-21,7068.561000000001,17657.765,10371.873000000001,35098.199
2022-06-22,7886.087,17400.397,10333.043000000001,35619.527
2022-06-23,7941.537,18222.004,10587.442000000001,36750.983
2022-06-24,8267.843,17526.063000000002,10400.539,36194.445
2022-06-25,7747.987000000001,15727.946,10031.736,33507.669
2022-06-26,7293.334000000001,12851.878,8275.191,28420.403000000002
2022-06-27,6524.461,13724.056,8676.257,28924.774
2022-06-28,6981.846,17709.816000000003,10362.997000000001,35054.659
2022-06-29,7975.001,17893.503,10628.359,36496.863000000005
2022-06-30,8137.35,18055.268,10491.900000000001,36684.518000000004
2022-07-01,7782.0380000000005,17165.288,10717.326000000001,35664.652
2022-07-02,8145.063000000001,16766.858,10394.719000000001,35306.64
2022-07-03,7529.398999999999,13051.727,8199.861,28780.987
2022-07-04,6691.447,13686.834,8877.564,29255.845
2022-07-05,7231.524,18078.828,10312.304,35622.656
2022-07-06,7688.968000000001,17608.663,10495.214,35792.845
2022-07-07,7804.686000000001,18469.394,10704.757000000001,36978.837
2022-07-08,8135.611000000001,18150.914,10645.436,36931.961
2022-07-09,7912.934,16854.28,10546.191,35313.405
2022-07-10,7921.9130000000005,13186.213000000002,8407.038,29515.164
2022-07-11,7033.617,17139.078,10450.752,34623.447
2022-07-12,7938.011,18425.123,10556.57,36919.704
2022-07-13,8222.194000000001,18665.074,10758.053,37645.321
2022-07-14,8179.154,18423.202,10828.736,37431.092000000004
2022-07-15,8375.622000000001,18617.813000000002,10723.845000000001,37717.28
2022-07-16,7808.562,16819.012000000002,9897.212000000001,34524.786
2022-07-17,7630.367,12828.736,8118.301,28577.404000000002
2022-07-18,7014.746,18007.514,10418.615000000002,35440.875
2022-07-19,8035.585,18532.312,10415.814,36983.711
2022-07-20,8082.382,14999.924,9263.734,32346.04
2022-07-21,8101.895,19257.973,10860.173,38220.041000000005
2022-07-22,7843.455,18653.863,10790.797,37288.115000000005
2022-07-23,8042.633000000001,16749.303,10108.413,34900.349
2022-07-24,7434.022000000001,12754.741,8135.884,28324.647
2022-07-25,7181.417,17529.069000000003,10249.139000000001,34959.625
2022-07-26,8176.688,18084.855,10499.484,36761.027
2022-07-27,7767.8730000000005,18047.924,10116.073,35931.87
2022-07-28,7793.028,18183.524,10378.554,36355.106
2022-07-29,7719.446,18637.786,10686.029,37043.261
2022-07-30,7804.1410000000005,16486.688000000002,10752.432,35043.261
2022-07-31,7906.161,13896.636000000002,8419.876,30222.673000000003
2022-08-01,7146.983,16733.437,10442.7,34323.12
2022-08-02,8160.773000000001,17934.323,10204.275000000001,36299.371
2022-08-03,8076.296,18472.951,10674.929,37224.176
2022-08-04,8042.169,18442.714,10717.688,37202.571
2022-08-05,8237.683,18309.939000000002,10915.739,37463.361000000004
2022-08-06,8074.369000000001,16103.456000000002,9854.815,34032.64
2022-08-07,7354.362,12529.543000000001,8139.601000000001,28023.506
2022-08-08,6896.130999999999,18035.123,10855.089,35786.343
2022-08-09,8242.011,19285.345,10529.495,38056.851
2022-08-10,7927.2080000000005,18608.747,11210.118,37746.073000000004
2022-08-11,8348.612000000001,19278.06,11052.479000000001,38679.151000000005
2022-08-12,7918.395,18645.2,10304.783,36868.378000000004
2022-08-13,7815.871000000001,16671.163,10155.234,34642.268000000004
2022-08-14,7499.286,13045.902,8227.529,28772.717
2022-08-15,7015.229,14258.879,8960.701000000001,30234.809
2022-08-16,6899.765,17253.451,10358.675000000001,34511.891
2022-08-17,7940.64,18959.517,10749.628,37649.785
2022-08-18,7927.704,19034.228,11367.072,38329.004
2022-08-19,8332.642,19779.285,11563.539,39675.466
2022-08-20,8496.327000000001,16968.795000000002,10407.131000000001,35872.253000000004
2022-08-21,7525.395,12996.496000000001,8238.812,28760.703
2022-08-22,7112.0160000000005,18172.259000000002,10531.123,35815.398
2022-08-23,8055.81,18232.928,10771.397,37060.135
2022-08-24,8051.919000000001,18691.303,11080.497000000001,37823.719000000005
2022-08-25,8379.578000000001,19109.339,11189.284000000001,38678.201
2022-08-26,8369.729000000001,18633.622,10953.863000000001,37957.214
2022-08-27,8547.352,17252.992000000002,10669.139000000001,36469.483
2022-08-28,7723.569,13647.03,8776.393,30146.992000000002
2022-08-29,7031.721,17686.005,10507.597,35225.323000000004
2022-08-30,8013.595,18279.804,10944.672,37238.071
2022-08-31,8068.667,17475.924000000003,10949.161,36493.752
2022-09-01,8496.559000000001,18964.803,11032.083,38493.445
2022-09-02,8215.196,17952.924000000003,10930.183,37098.303
2022-09-03,8373.322,17411.605,10074.130000000001,35859.057
2022-09-04,7411.752,12952.198,8214.695,28578.645
2022-09-05,7125.722000000001,17280.149,10586.035000000002,34991.906
2022-09-06,8334.651,18625.259000000002,10998.528,37958.438
2022-09-07,8355.472,18884.653000000002,10900.559000000001,38140.684
2022-09-08,8208.434000000001,19253.464,11062.304,38524.202000000005
2022-09-09,8167.6230000000005,18027.0,10652.244,36846.867000000006
2022-09-10,8143.64,17203.232000000004,10296.016,35642.888000000006
2022-09-11,6974.696,11917.529,8999.452000000001,27891.677
2022-09-12,7692.582,17293.376,10799.953000000001,35785.911
2022-09-13,8389.039,18886.632,11173.68,38449.351
2022-09-14,8324.349,18510.408000000003,11356.985,38191.742000000006
2022-09-15,8300.54,18876.344,11374.272,38551.156
2022-09-16,8387.553,18709.841,10807.448,37904.842000000004
2022-09-17,7948.6720000000005,16993.511000000002,10325.068000000001,35267.251000000004
2022-09-18,7353.746,13566.032000000001,8472.470000000001,29392.248
2022-09-19,6917.704000000001,17309.521,10499.439,34726.664000000004
2022-09-20,7697.9580000000005,18194.873,10928.095000000001,36820.926
2022-09-21,7943.012000000001,19189.996,11396.36,38529.368
2022-09-22,8308.145,18720.016,10769.87,37798.031
2022-09-23,8031.128000000001,18958.507,11049.571,38039.206000000006
2022-09-24,8380.444,17396.658000000003,10377.195,36154.297000000006
2022-09-25,7370.225,13420.236,8490.933,29281.394
2022-09-26,6968.157,18510.671000000002,10618.173,36097.001000000004
2022-09-27,7904.496000000001,17754.622,10546.44,36205.558000000005
2022-09-28,8154.280000000001,18869.506,10578.001,37601.787000000004
2022-09-29,7844.417,18816.083000000002,10724.406,37384.906
2022-09-30,7994.724,18342.112,10983.224,37320.060000000005
2022-10-01,8154.943,16484.537,9991.846,34631.326
2022-10-02,7301.513,12579.273000000001,8016.148,27896.934
2022-10-03,6911.559,17876.217,10329.649000000001,35117.425
2022-10-04,8049.405000000001,18536.022,10521.143,37106.57
2022-10-05,7964.886,18744.887000000002,10712.27,37422.043000000005
2022-10-06,8095.584000000001,17810.18,10853.655,36759.419
2022-10-07,8026.656000000001,18261.707000000002,10796.002,37084.365000000005
2022-10-08,8021.137000000001,16776.985,10143.433,34941.555
2022-10-09,7108.367,12244.121000000001,7795.004,27147.492000000002
2022-10-10,6787.729,17680.068,10913.334,35381.131
2022-10-11,7876.816000000001,18577.849000000002,10642.371000000001,37097.036
2022-10-12,7998.838000000001,18121.888000000003,10559.821,36680.547000000006
2022-10-13,8074.216,17879.455,11263.023000000001,37216.694
2022-10-14,8406.124,18673.188000000002,10783.988000000001,37863.3
2022-10-15,8265.783,16841.725000000002,10287.518,35395.026000000005
2022-10-16,7615.611000000001,13523.169000000002,8247.366,29386.146
2022-10-17,6743.450000000001,13537.056,8391.984,28672.49
2022-10-18,6885.893,16905.884000000002,9664.338,33456.115000000005
2022-10-19,7749.499000000001,18331.595,10811.739000000001,36892.833000000006
2022-10-20,8093.320000000001,17869.391,10535.416000000001,36498.127
2022-10-21,7895.540000000001,18148.391,11259.286,37303.217000000004
2022-10-22,8007.360000000001,16513.119000000002,10034.254,34554.733
2022-10-23,7117.143,12276.851,7903.337,27297.331000000002
2022-10-24,6534.01,17469.83,10377.289,34381.129
2022-10-25,7768.624,17608.929,10271.925000000001,35649.478
2022-10-26,7634.058,17758.507,10455.333,35847.898
2022-10-27,8090.871,17541.07,10502.191,36134.132000000005
2022-10-28,8061.27,17236.99,10528.457,35826.717000000004
2022-10-29,7778.514000000001,16058.391000000001,9889.451000000001,33726.356
2022-10-30,7175.481000000001,13185.844000000001,8373.439,28734.764000000003
2022-10-31,6558.469,17468.014000000003,10392.983,34419.466
2022-11-01,8044.559,18079.903,10612.659,36737.121
2022-11-02,8031.765,18344.177,10650.525,37026.467000000004
2022-11-03,8055.1810000000005,18370.526,11035.659000000001,37461.366
2022-11-04,8175.753000000001,18414.426,11185.616,37775.795
2022-11-05,8334.563,16795.585000000003,10234.03,35364.178
2022-11-06,6646.9220000000005,11340.929,7657.811000000001,25645.662
2022-11-07,6399.889,13308.912,8904.371000000001,28613.172000000002
2022-11-08,7199.752,17508.758,10518.918000000001,35227.428
2022-11-09,7838.167,18217.057,10716.896,36772.12
2022-11-10,7907.896000000001,18293.363,10280.459,36481.718
2022-11-11,7568.854,17793.178,10784.444000000001,36146.476
2022-11-12,7856.647,16690.685,10267.461000000001,34814.793
2022-11-13,7172.1410000000005,12763.630000000001,8403.958,28339.729000000003
2022-11-14,6950.767,14102.016,9530.452000000001,30583.235
2022-11-15,7813.196000000001,17698.933,10743.640000000001,36255.769
2022-11-16,8404.037,18420.216,11221.004,38045.257000000005
2022-11-17,8591.607,18072.855,11043.380000000001,37707.842000000004
2022-11-18,8152.254,17751.559,10830.392,36734.205
2022-11-19,8268.479,16863.062,10544.591,35676.132000000005
2022-11-20,7930.537,12968.259,8561.809000000001,29460.605000000003
2022-11-21,7374.707,18068.928,10644.987000000001,36088.622
2022-11-22,8902.825,19147.994,11543.005000000001,39593.824
2022-11-23,8675.673,19422.037,11431.847000000002,39529.557
2022-11-24,8363.797,18645.151,10754.963000000002,37763.911
2022-11-25,8328.147,18736.034,11248.337,38312.518000000004
2022-11-26,8529.519,16649.892,9894.753,35074.164000000004
2022-11-27,6724.398,12356.01,8271.648000000001,27352.056
2022-11-28,6772.096,17094.739,10181.799,34048.634
2022-11-29,7713.336,17609.752,10146.842,35469.93
2022-11-30,7294.341,16520.637000000002,10207.743,34022.721000000005
2022-12-01,8228.5,17617.946,10051.6,35898.046
2022-12-02,7905.6669999999995,18163.589,10521.415,36590.671
2022-12-03,7969.652,16917.545000000002,10588.221000000001,35475.418
2022-12-04,7896.232,14295.482000000002,8866.724,31058.438000000002
2022-12-05,6800.51,16267.813,10183.016,33251.339
2022-12-06,7717.157,17668.691,10834.900000000001,36220.748
2022-12-07,7822.357000000001,17419.782,10072.969000000001,35315.108
2022-12-08,6936.218000000001,13383.495,8472.426,28792.139000000003
2022-12-09,7135.189,17493.475000000002,10783.868,35412.532
2022-12-10,8267.976,16515.363,10485.93,35269.269
2022-12-11,7048.7970000000005,12131.363000000001,8003.964000000001,27184.124000000003
2022-12-12,6636.803,16287.949,10123.943000000001,33048.695
2022-12-13,7383.927000000001,17314.952,10396.59,35095.469000000005
2022-12-14,7652.079000000001,17443.646,10059.582,35155.307
2022-12-15,7770.362,17947.666,10638.169000000002,36356.197
2022-12-16,7779.479,17597.034,10489.114000000001,35865.627
2022-12-17,7725.137000000001,16136.929,10330.744,34192.810000000005
2022-12-18,7347.649,13567.512,8867.150000000001,29782.311
2022-12-19,6880.955,16666.072,10538.949,34085.976
2022-12-20,7794.615,17395.393,11024.403,36214.411
2022-12-21,7997.465,17122.61,10973.466,36093.541000000005
2022-12-22,7933.648,17907.326,10773.701000000001,36614.675
2022-12-23,7534.814,16035.263,9720.495,33290.572
2022-12-24,7050.443,12960.819000000001,7785.0560000000005,27796.318000000003
2022-12-25,5875.629000000001,9440.146,7090.790000000001,22406.565000000002
2022-12-26,5909.694,15074.885,9866.439,30851.018
2022-12-27,7111.084000000001,15510.833,9961.313,32583.230000000003
2022-12-28,7390.545,16540.64,10668.531,34599.716
2022-12-29,7721.552000000001,16073.743,10178.739000000001,33974.034
2022-12-30,7485.56,15446.436000000002,9699.779,32631.775
2022-12-31,7476.331,12581.900000000001,7809.472,27867.703
2023-01-01,6041.924,9164.865,6820.8910000000005,22027.68
2023-01-02,5959.702,13044.996000000001,8343.001,27347.699
2023-01-03,6560.822,13874.552000000001,8755.291000000001,29190.665
2023-01-04,6414.794,14302.791000000001,9313.876,30031.461000000003
2023-01-05,7799.75,16640.028000000002,10437.549,34877.327000000005
2023-01-06,8438.995,17945.252,11126.479000000001,37510.726
2023-01-07,8652.662,16710.639000000003,10604.677000000001,35967.978
2023-01-08,8818.377,14097.093,9204.787,32120.257
2023-01-09,7076.023,13980.029,9424.17,30480.222
2023-01-10,7612.6320000000005,16893.671000000002,10349.725,34856.028
2023-01-11,8336.745,17735.994000000002,11306.824,37379.563
2023-01-12,9341.799,19004.947,11635.735,39982.481
2023-01-13,9455.513,19485.046000000002,10702.804,39643.363000000005
2023-01-14,9563.499000000002,17913.694,11596.776000000002,39073.969000000005
2023-01-15,8711.673,14243.49,9778.937000000002,32734.100000000002
2023-01-16,8447.948,18124.125,11389.753,37961.826
2023-01-17,9114.503,19341.208,11758.391000000001,40214.102
2023-01-18,9229.397,19368.082000000002,11922.54,40520.019
2023-01-19,9345.502,18920.077,12346.119,40611.698000000004
2023-01-20,9717.161,19377.434,12409.526000000002,41504.121
2023-01-21,9620.113000000001,18281.188000000002,11795.522,39696.823000000004
2023-01-22,8896.478000000001,14764.088000000002,9906.74,33567.306000000004
2023-01-23,8188.866,19206.961000000003,12242.074,39637.901
2023-01-24,9269.813,19555.511000000002,11765.989000000001,40591.313
2023-01-25,9227.455,19381.531,11852.61,40461.596000000005
2023-01-26,9293.58,19653.576,12137.019,41084.175
2023-01-27,9457.579,19522.094,12237.842,41217.515
2023-01-28,9397.191,17505.545000000002,11505.460000000001,38408.196
2023-01-29,9017.106,13689.175000000001,9479.178,32185.459000000003
2023-01-30,7819.860000000001,19712.327,12099.015000000001,39631.202000000005
2023-01-31,9268.019,18968.873,12013.769,40250.661
2023-02-01,9211.048,19326.333000000002,12449.27,40986.651000000005
2023-02-02,9293.310000000001,19933.898,12040.085000000001,41267.293000000005
2023-02-03,9515.778,19751.382,12582.609,41849.769
2023-02-04,9758.346000000001,18445.506,12004.627,40208.479
2023-02-05,9080.474,14237.461000000001,9222.674,32540.609000000004
2023-02-06,7925.046,19702.653000000002,12156.503,39784.202000000005
2023-02-07,9552.077000000001,19807.548000000003,12071.352,41430.977
2023-02-08,9335.199,19969.303,12004.885,41309.387
2023-02-09,9385.766000000001,20046.780000000002,11979.218,41411.764
2023-02-10,9632.638,20775.55,12797.472,43205.66
2023-02-11,10417.107,18974.495,11995.695,41387.297
2023-02-12,8400.511,13558.726,9496.601,31455.838000000003
2023-02-13,8004.013000000001,20597.815000000002,12397.548,40999.376000000004
2023-02-14,9563.699,19856.521,12382.915,41803.135
2023-02-15,9871.953000000001,20542.945000000003,12592.453000000001,43007.351
2023-02-16,10497.056,20337.096,12229.709,43063.861000000004
2023-02-17,9560.066,19616.675000000003,12293.999,41470.740000000005
2023-02-18,10004.487000000001,18275.143,11666.857000000002,39946.487
2023-02-19,8973.609,13715.995,9383.007000000001,32072.611
2023-02-20,7853.937000000001,18681.5,12049.165,38584.602
2023-02-21,9708.043000000001,20485.449,11626.019,41819.511
2023-02-22,9318.373,19176.829,11924.366000000002,40419.568
2023-02-23,9544.482,19817.582000000002,12439.885000000002,41801.949
2023-02-24,9583.918000000001,19953.436999999998,12386.275000000001,41923.630000000005
2023-02-25,10097.041000000001,18973.528000000002,12446.867,41517.436
2023-02-26,9421.995,15056.28,10419.871000000001,34898.146
2023-02-27,8491.836,19374.568,12614.987000000001,40481.391
2023-02-28,9839.882000000001,20197.257,12706.876,42744.015
2023-03-01,9419.332,20939.074,12731.972000000002,43090.378000000004
2023-03-02,9922.856,20034.561999999998,12506.345000000001,42463.763
2023-03-03,9736.432,20416.913,12451.393,42604.738000000005
2023-03-04,9528.135,18602.635000000002,12067.008000000002,40197.778000000006
2023-03-05,9179.132000000001,14706.065,9111.446,32996.643000000004
2023-03-06,7886.668000000001,19229.904000000002,12567.168000000001,39683.740000000005
2023-03-07,9609.497000000001,19996.818,12200.408000000001,41806.723000000005
2023-03-08,9152.796,19066.481,11619.667000000001,39838.944
2023-03-09,9094.481,18374.099000000002,11011.37,38479.950000000004
2023-03-10,8943.317000000001,18207.092,11385.441,38535.85
2023-03-11,9824.278,18268.382,11698.69,39791.35
2023-03-12,9189.341,14477.639000000001,9131.747000000001,32798.727
2023-03-13,7524.042,18525.817000000003,11530.757,37580.616
2023-03-14,9011.807,19015.485,11390.755000000001,39418.047000000006
2023-03-15,8667.902,18706.424,11909.935000000001,39284.261
2023-03-16,9289.736,19301.878,11400.332,39991.946
2023-03-17,9107.746000000001,17894.02,11048.894,38050.66
2023-03-18,9070.85,17766.352,11297.68,38134.882000000005
2023-03-19,9147.808,12954.899000000001,9152.522,31255.229000000003
2023-03-20,7061.436000000001,13034.153,9118.703000000001,29214.292
2023-03-21,7743.436000000001,19009.023,11992.804,38745.263
2023-03-22,9236.532000000001,19753.038,11849.808,40839.378000000004
2023-03-23,9357.122000000001,19596.296000000002,12308.925000000001,41262.343
2023-03-24,9655.978000000001,20318.027000000002,12561.502,42535.507
2023-03-25,9665.117,19077.2,12139.308,40881.625
2023-03-26,9177.109,13946.011,9404.407000000001,32527.527000000002
2023-03-27,8036.319,20860.765,12645.869,41542.953
2023-03-28,9481.503,20524.404000000002,12029.130000000001,42035.037000000004
2023-03-29,9083.006000000001,20048.744000000002,12110.299,41242.049
2023-03-30,9064.324,20224.213,11922.317000000001,41210.854
2023-03-31,9420.844000000001,20182.485,12544.389000000001,42147.718
2023-04-01,9130.966,17831.535,11488.712,38451.213
2023-04-02,8635.457,12956.262,9024.111,30615.83
2023-04-03,7657.4220000000005,17348.751,11555.047,36561.22
2023-04-04,9108.504,18540.255,11694.928,39343.687
2023-04-05,9373.937,18193.733,11465.359,39033.029
2023-04-06,8521.472,12799.428,8683.294,30004.194000000003
2023-04-07,6803.120000000001,10988.264000000001,7875.933,25667.317000000003
2023-04-08,6828.674000000001,14086.808,9378.194,30293.676
2023-04-09,7093.64,12388.145,8361.213,27842.998000000003
2023-04-10,7184.772000000001,18221.539,11271.278,36677.589
2023-04-11,9120.751,19529.013000000003,11903.349,40553.113000000005
2023-04-12,9147.579000000002,19581.814000000002,11924.456,40653.849
2023-04-13,9408.062000000002,20154.298000000003,12269.152,41831.512
2023-04-14,9400.307,20726.847,12616.627,42743.781
2023-04-15,9793.059000000001,19088.171000000002,11825.271,40706.501000000004
2023-04-16,8466.955,13617.574,9076.150000000001,31160.679000000004
2023-04-17,7544.684,18208.964,11792.582000000002,37546.23
2023-04-18,9264.418,19174.798000000003,12338.106,40777.322
2023-04-19,9811.078000000001,20173.812,12316.574,42301.464
2023-04-20,9976.717,20590.9,12446.111,43013.728
2023-04-21,9681.442000000001,19408.332,11531.907000000001,40621.681000000004
2023-04-22,9708.072,17894.429,12021.839000000002,39624.340000000004
2023-04-23,9141.477,13794.322,9461.748000000001,32397.547000000002
2023-04-24,7945.6230000000005,18437.864,11613.931,37997.418000000005
2023-04-25,9565.003,19641.804,12243.347000000002,41450.154
2023-04-26,9395.082,19677.010000000002,12314.088000000002,41386.18
2023-04-27,9745.896,19807.517,12549.579000000002,42102.992
2023-04-28,9968.28,19724.64,12325.176,42018.096
2023-04-29,9683.197000000002,18023.593,12288.603000000001,39995.393000000004
2023-04-30,8989.769,13920.920000000002,9293.287,32203.976000000002
2023-05-01,7276.635,14100.094000000001,9612.642000000002,30989.371000000003
2023-05-02,7796.032,19805.006,12116.434000000001,39717.472
2023-05-03,9072.997000000001,20313.999000000003,12483.753,41870.749
2023-05-04,9280.881000000001,20052.727000000003,12336.29,41669.898
2023-05-05,9092.491,20787.244,12669.106,42548.841
2023-05-06,9219.628,18958.561,11969.063,40147.252
2023-05-07,8287.49,13602.447,9292.397,31182.334000000003
2023-05-08,7443.9980000000005,20086.265,12275.384,39805.647000000004
2023-05-09,9183.646,19555.166,12176.403,40915.215000000004
2023-05-10,9094.796,20764.163,12220.249,42079.208
2023-05-11,9375.858,20673.939000000002,12606.034,42655.831000000006
2023-05-12,9219.999,20409.451,12193.334,41822.784
2023-05-13,9124.742,18748.881,11552.124000000002,39425.747
2023-05-14,7746.865000000001,13407.300000000001,9057.526,30211.691000000003
2023-05-15,7575.715,19477.402000000002,11832.324,38885.441
2023-05-16,8996.122000000001,20178.676,11691.855000000001,40866.653000000006
2023-05-17,9270.189,19783.494,12049.968,41103.651000000005
2023-05-18,9545.417000000001,21771.725000000002,12953.209,44270.351
2023-05-19,9584.229000000001,21288.815000000002,12767.758,43640.802
2023-05-20,9495.471000000001,19106.155,12149.547,40751.173
2023-05-21,8600.474,13518.972000000002,9001.688,31121.134000000002
2023-05-22,7031.537,14291.803,9265.373000000001,30588.713000000003
2023-05-23,7861.91,18726.403000000002,11330.604,37918.917
2023-05-24,8953.238000000001,20410.756,12169.159,41533.153000000006
2023-05-25,9194.362000000001,20134.928,12052.544,41381.834
2023-05-26,9009.518,20470.527000000002,12103.996000000001,41584.041000000005
2023-05-27,8768.633,18726.148,11421.897,38916.678
2023-05-28,7999.89,13655.464000000002,8916.686000000002,30572.040000000005
2023-05-29,7324.079000000001,19206.582000000002,11553.143,38083.804000000004
2023-05-30,8680.752,19117.683,11391.043,39189.478
2023-05-31,8544.94,19641.906000000003,12320.024000000001,40506.87
2023-06-01,9229.685000000001,20002.999000000003,11976.126,41208.810000000005
2023-06-02,8970.678,19578.115,11993.184000000001,40541.977
2023-06-03,8962.047,18393.903000000002,11658.745,39014.695
2023-06-04,7564.812,13418.239000000001,8681.665,29664.716
2023-06-05,7381.27,17863.221,10915.536,36160.027
2023-06-06,8673.351,19410.036,11596.021,39679.408
2023-06-07,8530.787,19636.115,12281.157000000001,40448.059
2023-06-08,9177.659,20394.614,12080.503,41652.776000000005
2023-06-09,9058.61,19935.464000000004,12259.283,41253.357
2023-06-10,9024.59,17744.517,11587.081000000002,38356.188
2023-06-11,8144.983,14094.297,9139.195,31378.475000000002
2023-06-12,7353.791,13756.269,9180.108,30290.168
2023-06-13,7804.39,19204.613,11782.699,38791.702000000005
2023-06-14,8953.735,19588.83,11785.082,40327.647000000004
2023-06-15,8861.913,18721.657000000003,11962.691,39546.261000000006
2023-06-16,9484.602,20248.443,11937.668000000001,41670.713
2023-06-17,8991.741,18027.097,11194.041000000001,38212.879
2023-06-18,7766.022000000001,12814.740000000002,8889.233,29469.995000000003
2023-06-19,7016.804,13725.822,9607.763,30350.389000000003
2023-06-20,7758.466,18732.213,11448.872000000001,37939.551
2023-06-21,8833.658,20610.764,12104.86,41549.282
2023-06-22,8931.167000000001,20070.13,11351.164,40352.461
2023-06-23,8750.386,19804.847,11922.073,40477.306000000004
2023-06-24,9055.801,17910.148,11276.474,38242.423
2023-06-25,7775.224,13937.445000000002,9227.67,30940.339
2023-06-26,7523.417,19104.955,11566.681,38195.053
2023-06-27,9037.390000000001,19903.591,11869.077000000001,40810.058000000005
2023-06-28,8861.904,19853.996,12074.535000000002,40790.435000000005
2023-06-29,9366.533000000001,20610.639,12104.626,42081.798
2023-06-30,8867.485,20358.916,12291.261,41517.662000000004
2023-07-01,9050.617,17778.34,11680.125,38509.082
2023-07-02,8139.348000000001,13740.366,9200.376,31080.09
2023-07-03,7239.265,14245.378,9529.587,31014.23
2023-07-04,7997.843,19054.829,11405.068000000001,38457.740000000005
2023-07-05,8750.969000000001,19749.408,11429.934000000001,39930.311
2023-07-06,8827.77,19639.101000000002,11622.656,40089.527
2023-07-07,8890.502,18632.956000000002,11998.889000000001,39522.347
2023-07-08,10013.922,19612.131,12416.43,42042.483
2023-07-09,8860.723,14634.716,9733.026,33228.465000000004
2023-07-10,7560.802000000001,19555.814000000002,11969.574,39086.19
2023-07-11,9186.941,19529.198,11139.196,39855.335
2023-07-12,8654.972,19950.136000000002,12666.75,41271.858
2023-07-13,9105.832,20045.741,12497.866,41649.439
2023-07-14,9371.936000000002,19936.106,12198.235,41506.277
2023-07-15,8828.057,17953.159,11925.753,38706.969000000005
2023-07-16,8245.753,13995.045,9315.087,31555.885000000002
2023-07-17,7588.493,19465.048000000003,12112.310000000001,39165.851
2023-07-18,9333.754,20251.773,12493.925000000001,42079.452000000005
2023-07-19,9046.077000000001,20160.096,12464.084,41670.257000000005
2023-07-20,8792.256000000001,15321.582000000002,10664.436000000002,34778.274000000005
2023-07-21,8337.053,20230.690000000002,12245.783,40813.526000000005
2023-07-22,9220.158000000001,18958.712,12259.183,40438.053
2023-07-23,8115.894,13628.186000000002,9024.942000000001,30769.022
2023-07-24,7456.2880000000005,19388.021,12523.049,39367.358
2023-07-25,9255.446,20678.229,12216.78,42150.455
2023-07-26,8494.688,20389.984,12994.318000000001,41878.990000000005
2023-07-27,9866.54,21026.896,12689.667000000001,43583.103
2023-07-28,9180.156,20638.517,12878.61,42697.283
2023-07-29,9992.724,19246.117000000002,12227.176000000001,41466.017
2023-07-30,7985.174,14061.371000000001,9236.626,31283.171000000002
2023-07-31,7195.3460000000005,18560.977,12442.077000000001,38198.4
2023-08-01,9552.825,20398.386000000002,12322.257000000001,42273.468
2023-08-02,8996.549,18791.433,12524.051000000001,40312.033
2023-08-03,9554.411,20189.028000000002,12568.021,42311.46000000001
2023-08-04,9254.212000000001,20805.394,12902.036000000002,42961.642
2023-08-05,9603.649000000001,18466.671000000002,12158.721000000001,40229.041000000005
2023-08-06,8301.406,13659.09,8810.738000000001,30771.234000000004
2023-08-07,6911.686,14151.211000000001,9821.734,30884.631
2023-08-08,7877.8330000000005,19547.574,12370.189,39795.596000000005
2023-08-09,9378.238000000001,20558.857,12645.067000000001,42582.162000000004
2023-08-10,9331.84,20580.217,12726.188,42638.245
2023-08-11,9393.208,20852.614,13243.395,43489.217000000004
2023-08-12,9287.031,18781.248,12337.696,40405.975000000006
2023-08-13,8516.924,14185.714000000002,9350.09,32052.728000000003
2023-08-14,7637.01,19116.797000000002,12528.562000000002,39282.369000000006
2023-08-15,9605.974,19892.608,12585.676,42084.258
2023-08-16,10090.248000000001,21271.563000000002,13409.753,44771.564000000006
2023-08-17,9074.231000000002,20541.975000000002,13233.538,42849.744000000006
2023-08-18,9649.122000000001,21279.777000000002,13061.812,43990.711
2023-08-19,9296.815,18317.18,11944.6,39558.595
2023-08-20,8273.963,13269.004,8846.611,30389.578
2023-08-21,7504.5869999999995,13548.301000000001,9741.261,30794.149
2023-08-22,8365.527,20043.853000000003,12528.262,40937.642
2023-08-23,9640.721000000001,19659.121,12267.383,41567.225
2023-08-24,9299.438,20771.119000000002,12817.349,42887.906
2023-08-25,9605.757,21495.788,12816.046,43917.591
2023-08-26,9487.427,19056.441000000003,11825.331,40369.199
2023-08-27,7871.168000000001,14354.413,9339.574,31565.155000000002
2023-08-28,7574.255000000001,20101.808,12653.058,40329.12100000001
2023-08-29,9372.728000000001,21097.588,12742.158000000001,43212.474
2023-08-30,9122.342,21110.052,12745.346000000001,42977.740000000005
2023-08-31,9098.114000000001,20420.284,12462.681,41981.079000000005
2023-09-01,9131.001,21308.407,12992.899000000001,43432.307
2023-09-02,9536.227,18643.691000000003,12040.894,40220.812000000005
2023-09-03,8625.810000000001,14205.295,9833.891000000001,32664.996000000003
2023-09-04,7918.566000000001,19189.353000000003,11513.972000000002,38621.891
2023-09-05,8851.559000000001,20223.712,11889.736,40965.007
2023-09-06,9256.575,21536.537,12897.587000000001,43690.699
2023-09-07,9541.830000000002,21080.224000000002,12642.207,43264.261
2023-09-08,9578.439,21482.421000000002,13261.583,44322.443
2023-09-09,9786.506000000001,19482.134000000002,11997.230000000001,41265.87
2023-09-10,8353.054,13218.098,9294.793,30865.945
2023-09-11,7670.490000000001,19583.665,11483.666000000001,38737.821
2023-09-12,8639.537,19935.086000000003,12175.874000000002,40750.497
2023-09-13,9016.216,21249.698,13002.451000000001,43268.365000000005
2023-09-14,10014.886,22603.268,13065.476,45683.630000000005
2023-09-15,9336.199,22730.492000000002,13311.24,45377.931000000004
2023-09-16,9197.757000000001,19426.082000000002,12005.304,40629.143000000004
2023-09-17,8499.829,13821.604000000001,9250.444000000001,31571.877
2023-09-18,7707.4310000000005,20706.938000000002,12091.867,40506.236000000004
2023-09-19,9351.177000000001,21401.327,12617.123,43369.627
2023-09-20,9349.321,22468.907000000003,12995.2,44813.428
2023-09-21,9688.222000000002,22239.122000000003,13319.372000000001,45246.716
2023-09-22,9809.646,22574.629,12921.149000000001,45305.424
2023-09-23,9588.23,19745.216,12210.663,41544.109000000004
2023-09-24,8518.688,14224.724,9555.104000000001,32298.516000000003
2023-09-25,8071.798000000001,21678.393000000004,12589.898000000001,42340.089
2023-09-26,9298.113000000001,22346.161,12557.766,44202.04
2023-09-27,9559.53,22758.941,13067.826000000001,45386.297
2023-09-28,9800.774000000001,22427.184,12423.335000000001,44651.293000000005
2023-09-29,9250.434000000001,21660.236,12896.433,43807.103
2023-09-30,9335.602,19356.447,11715.755000000001,40407.804000000004
2023-10-01,8199.769,14194.294,9657.397,32051.460000000003
2023-10-02,8125.573,20928.646,12379.277,41433.496
2023-10-03,9557.486,22033.757,12845.223,44436.466
2023-10-04,9127.242,22271.133,13109.118,44507.493
2023-10-05,9639.971000000001,22441.271,13377.366000000002,45458.608
2023-10-06,9996.809000000001,22345.016000000003,13297.238000000001,45639.063
2023-10-07,9675.182,19810.032000000003,12262.501,41747.715000000004
2023-10-08,8427.005000000001,13636.299,9131.285,31194.589
2023-10-09,7774.329,20959.004,12682.699,41416.032
2023-10-10,9575.242,22124.757,12674.52,44374.519
2023-10-11,9691.249000000002,22700.522,13088.461,45480.232
2023-10-12,9741.329000000002,22148.315000000002,12764.25,44653.894
2023-10-13,9001.907000000001,21462.242000000002,12890.900000000001,43355.049
2023-10-14,9259.45,18029.138000000003,11612.595000000001,38901.183000000005
2023-10-15,8162.466,13734.396,9278.118,31174.98
2023-10-16,7348.166,14779.281,9988.933,32116.38
2023-10-17,8484.733,20737.997,11853.407,41076.137
2023-10-18,8868.401000000002,21839.729,13066.646,43774.776000000005
2023-10-19,9511.977,21701.784,13003.692000000001,44217.453
2023-10-20,9686.86,21450.454,12936.164,44073.478
2023-10-21,9366.307,19148.751,12089.86,40604.918000000005
2023-10-22,8247.367,13184.859,9367.413,30799.639000000003
2023-10-23,7992.266,21269.098,12503.344000000001,41764.708
2023-10-24,9672.772,22029.322,12710.552000000001,44412.646
2023-10-25,9159.968,20757.358,12820.306,42737.632
2023-10-26,9519.772,22154.988,12490.996,44165.756
2023-10-27,9342.459,21561.611,12758.423,43662.493
2023-10-28,9136.818000000001,18721.443,11011.058,38869.319
2023-10-29,8190.659,13050.434000000001,9218.994,30460.087
2023-10-30,7780.051,21261.196,12647.203000000001,41688.45
2023-10-31,9362.592,20740.786,11947.954,42051.332
2023-11-01,9515.73,20864.526,12484.329,42864.585
2023-11-02,9415.84,20946.971,12635.907000000001,42998.718
2023-11-03,9468.205,21777.076,13038.719000000001,44284.0
2023-11-04,9480.561000000002,18815.976000000002,11702.187,39998.724
2023-11-05,8152.966,14186.766000000001,9294.911,31634.643
2023-11-06,7721.206,15312.959,9962.194,32996.359000000004
2023-11-07,8500.089,20421.569,12125.482,41047.14
2023-11-08,9600.009,22567.412,13205.137,45372.558000000005
2023-11-09,9557.526000000002,22319.570000000003,13107.880000000001,44984.976
2023-11-10,9144.754,22885.456000000002,13699.794000000002,45730.004
2023-11-11,9940.616,20806.57,12828.408000000001,43575.594000000005
2023-11-12,8844.567000000001,14719.514000000001,9769.368,33333.449
2023-11-13,7948.765,16290.320000000002,10822.465,35061.55
2023-11-14,8824.047,22703.199,13421.866,44949.112
2023-11-15,9846.467,22786.032,13359.529,45992.028000000006
2023-11-16,9841.635,22579.47,13441.03,45862.135
2023-11-17,9996.211000000001,22253.116,14037.891,46287.218
2023-11-18,9767.296,19587.854,12673.191,42028.341
2023-11-19,8339.238000000001,14226.27,9159.768,31725.276
2023-11-20,7875.646000000001,20971.515,13374.468,42221.629
2023-11-21,9972.159,22629.944000000003,13064.523000000001,45666.626000000004
2023-11-22,9914.601,22727.621,13520.493,46162.715000000004
2023-11-23,9432.096000000001,23016.143,13480.266,45928.505000000005
2023-11-24,9734.003,22178.982,13855.527000000002,45768.512
2023-11-25,9876.538,20200.541,12675.317000000001,42752.396
2023-11-26,8281.526,14072.992,9791.981,32146.499
2023-11-27,8136.389,21392.076,13531.965,43060.43
2023-11-28,10149.387,22167.428,13592.064,45908.879
2023-11-29,9979.845000000001,21869.789,13300.579,45150.213
2023-11-30,10062.224,22136.517,13610.08,45808.821
2023-12-01,9991.457,21122.516000000003,12670.073,43784.046
2023-12-02,9692.615,19125.838,12722.078000000001,41540.531
2023-12-03,8729.095,14239.331,9984.656,32953.082
2023-12-04,8259.491,20068.713,12049.897,40378.101
2023-12-05,9438.044000000002,21226.615,13195.948,43860.607
2023-12-06,9395.048,21563.317000000003,12913.584,43871.949
2023-12-07,9431.075,21675.193,12581.492,43687.76
2023-12-08,9283.98,15870.919000000002,10590.683,35745.582
2023-12-09,8471.767,19018.452,12402.323,39892.542
2023-12-10,8706.163,14909.808,10109.835000000001,33725.806000000004
2023-12-11,8256.136,21469.351,12883.239000000001,42608.726
2023-12-12,9391.719000000001,22556.238,13213.146,45161.103
2023-12-13,9163.078000000001,23102.965,13849.477,46115.520000000004
2023-12-14,9849.286,23562.048000000003,13683.466,47094.8
2023-12-15,9751.460000000001,22135.428,13353.751,45240.639
2023-12-16,9537.593,18659.448,11613.368,39810.409
2023-12-17,8392.662,14113.043000000001,9883.251,32388.956000000002
2023-12-18,8152.8,20522.870000000003,13156.883000000002,41832.553
2023-12-19,9447.075,21102.871,12836.787,43386.733
2023-12-20,9200.834,20706.193,13139.326000000001,43046.353
2023-12-21,9513.841,20638.414,13088.205,43240.46
2023-12-22,9366.561000000002,20106.306,12971.247000000001,42444.114
2023-12-23,9583.835000000001,18187.285,11804.469000000001,39575.589
2023-12-24,8304.899000000001,13406.900000000001,9015.653,30727.452
2023-12-25,7290.988,11719.474,8467.858,27478.32
2023-12-26,7266.368,17967.162,11686.297,36919.827000000005
2023-12-27,9194.62,19693.338,12399.629,41287.587
2023-12-28,9027.155,19395.960000000003,12324.609,40747.724
2023-12-29,9074.52,19381.382,12342.205,40798.107
2023-12-30,9016.871000000001,16820.282,11347.059000000001,37184.212
2023-12-31,7966.130000000001,13305.151,9081.811000000002,30353.092
2024-01-01,7132.454000000001,11206.614,8516.097,26855.165
2024-01-02,7169.3330000000005,15723.6,9949.36,32842.293000000005
2024-01-03,7613.655000000001,17333.87,11973.424,36920.949
2024-01-04,8922.859,18273.161,11780.239,38976.259
2024-01-05,9281.673,18797.047000000002,12222.984,40301.704000000005
2024-01-06,9411.113000000001,17260.257,11458.879,38130.249
2024-01-07,8737.12,14069.255000000001,9917.105,32723.480000000003
2024-01-08,8136.737,13201.062000000002,9803.774000000001,31141.573
2024-01-09,8434.869,18945.017,11317.685000000001,38697.571
2024-01-10,8783.026,19352.314000000002,12127.044,40262.384000000005
2024-01-11,9397.449,19997.667,12167.106,41562.222
2024-01-12,9646.614000000001,20503.91,12268.797,42419.321
2024-01-13,9643.664,18533.928,11700.198,39877.79
2024-01-14,9048.128,15378.851,10115.154,34542.133
2024-01-15,8518.896,20135.471,12547.517,41201.884
2024-01-16,10059.594000000001,20706.82,12386.889000000001,43153.303
2024-01-17,9798.197,21041.640000000003,12488.038,43327.875
2024-01-18,10137.317000000001,21088.799,12651.851,43877.967000000004
2024-01-19,10122.924,21484.084,12532.631000000001,44139.639
2024-01-20,10242.447,19492.574,12536.810000000001,42271.831000000006
2024-01-21,9873.12,15717.637,10800.082,36390.839
2024-01-22,9489.193000000001,21228.851000000002,12700.699,43418.743
2024-01-23,10170.813,21262.721,12867.485,44301.019
2024-01-24,10304.54,21548.765,12852.184,44705.489
2024-01-25,10306.399000000001,21980.928,13062.783,45350.11
2024-01-26,10360.09,21835.808,13183.131000000001,45379.029
2024-01-27,10468.18,19264.709,12495.183,42228.072
2024-01-28,9628.630000000001,15876.386,10719.177000000001,36224.193
2024-01-29,9083.151,22064.538,12946.471000000001,44094.16
2024-01-30,10420.274000000001,21813.800000000003,12777.724,45011.798
2024-01-31,10204.634,21992.903000000002,13151.849,45349.386
2024-02-01,10603.949,21878.354,12891.359,45373.662000000004
2024-02-02,10396.028,21626.067000000003,12752.607000000002,44774.702000000005
2024-02-03,10249.294,19017.777000000002,11904.053,41171.124
2024-02-04,9276.774000000001,14579.421,9854.95,33711.145000000004
2024-02-05,8181.212,20640.105,12439.415,41260.732
2024-02-06,9835.328000000001,21645.194,12365.947,43846.469000000005
2024-02-07,9757.363,20540.476000000002,12596.174,42894.013000000006
2024-02-08,9917.615000000002,20886.682,12281.486,43085.783
2024-02-09,9844.871000000001,20564.518,12212.245,42621.634000000005
2024-02-10,9562.599,18405.757,11960.316,39928.672
2024-02-11,9046.203000000001,14688.496000000001,9941.66,33676.359000000004
2024-02-12,8368.731,21138.663,12755.291000000001,42262.685000000005
2024-02-13,10238.368,22029.065000000002,12793.662,45061.095
2024-02-14,10239.062,22092.258,13024.61,45355.93
2024-02-15,10135.131000000001,22675.36,13050.739000000001,45861.23
2024-02-16,10145.413,22492.979,13241.405,45879.797000000006
2024-02-17,10120.771,19299.677,12310.452000000001,41730.9
2024-02-18,9246.921,14639.338000000002,10104.334,33990.593
2024-02-19,8526.681,21836.461000000003,13195.483,43558.625
2024-02-20,10580.732,22482.898,12784.756000000001,45848.386000000006
2024-02-21,10077.889000000001,22258.56,12886.547,45222.996
2024-02-22,10151.652000000002,21449.143,12734.909,44335.704000000005
2024-02-23,9992.996000000001,21817.773,12958.037,44768.806000000004
2024-02-24,10170.306,19208.299,12355.342,41733.947
2024-02-25,9282.802000000001,15115.254,9805.949,34204.005000000005
2024-02-26,8526.235,20825.800000000003,12530.817000000001,41882.852000000006
2024-02-27,10280.354000000001,22320.116,12966.479000000001,45566.949
2024-02-28,9922.618,23017.067,13539.472,46479.157
2024-02-29,10221.316,22841.428,12592.576000000001,45655.32
2024-03-01,9794.338,22190.914,12956.195,44941.447
2024-03-02,9478.526,18128.844,11813.365,39420.735
2024-03-03,9540.03,15277.171,10458.994,35276.195
2024-03-04,8888.382000000001,22046.026,12839.926000000001,43774.334
2024-03-05,10265.099,22077.71,13025.117,45367.926
2024-03-06,10072.098,22988.662,13457.228000000001,46517.988000000005
2024-03-07,10604.586000000001,23381.009000000002,13235.070000000002,47220.665
2024-03-08,10295.118,23253.065,13442.976,46991.159
2024-03-09,10190.965,19729.376,12240.315,42160.656
2024-03-10,9549.668000000001,15809.52,10190.060000000001,35549.248
2024-03-11,8492.018,23149.528000000002,13519.797,45161.343
2024-03-12,10611.687000000002,23036.009000000002,13230.57,46878.266
2024-03-13,10145.150000000001,23011.224000000002,13313.021,46469.395000000004
2024-03-14,10765.117,23381.332000000002,13198.298,47344.747
2024-03-15,10677.352,23447.054,13467.803,47592.209
2024-03-16,10244.849,19458.733,12305.395,42008.977
2024-03-17,8703.194000000001,13830.562000000002,9631.354000000001,32165.11
2024-03-18,8308.947,21856.568000000003,12869.078000000001,43034.593
2024-03-19,10561.841,22768.596,12277.298,45607.735
2024-03-20,9693.324,22609.454,13062.156,45364.934
2024-03-21,10048.687000000002,22125.955,12671.605,44846.247
2024-03-22,9803.86,21028.211000000003,13081.955,43914.026000000005
2024-03-23,10213.608,18875.946,12220.596000000001,41310.15
2024-03-24,9027.091,14061.638,9718.329000000002,32807.058000000005
2024-03-25,7733.8240000000005,15976.035000000002,11247.667000000001,34957.526000000005
2024-03-26,9186.863000000001,19111.341,12576.023000000001,40874.227000000006
2024-03-27,10357.712000000001,20199.896,12061.435000000001,42619.043000000005
2024-03-28,8754.124,13415.984,9010.825,31180.933
2024-03-29,6847.194,11351.820000000002,8204.913,26403.927
2024-03-30,6974.478000000001,16190.223000000002,10626.42,33791.121
2024-03-31,7723.070000000001,12740.867,8519.422,28983.359
2024-04-01,7420.282,19878.408000000003,11567.912,38866.602000000006
2024-04-02,9587.17,21344.486,12053.133,42984.789000000004
2024-04-03,9674.87,21429.24,12452.094000000001,43556.204000000005
2024-04-04,9926.976,21042.157,12178.209,43147.342000000004
2024-04-05,9592.84,21297.111,12767.323,43657.274000000005
2024-04-06,9860.897,19107.525,11926.684000000001,40895.106
2024-04-07,9203.281,14581.293000000001,10105.619,33890.193
2024-04-08,8767.607,22844.397,12595.945000000002,44207.949
2024-04-09,9864.392000000002,22164.126,12613.457000000002,44641.975000000006
2024-04-10,10120.237000000001,22326.022,12975.322,45421.581000000006
2024-04-11,10118.531,22819.739,13852.732,46791.002
2024-04-12,10634.481,23431.247000000003,13347.946000000002,47413.674000000006
2024-04-13,9994.241,19515.93,12592.346000000001,42102.517
2024-04-14,9703.432,15740.265000000001,10662.452000000001,36106.149000000005
2024-04-15,8964.047,22519.249,13354.589,44837.885
2024-04-16,10706.415,22776.983,12944.433,46427.831000000006
2024-04-17,9880.453000000001,21611.403,12970.629,44462.485
2024-04-18,10613.934000000001,22559.203,12868.884,46042.021
2024-04-19,10366.712000000001,21123.847,12599.504,44090.063
2024-04-20,9605.076000000001,18738.264,12392.62,40735.96
2024-04-21,8930.934000000001,13964.985,9417.076000000001,32312.995000000003
2024-04-22,8328.92,21616.814000000002,12357.074,42302.808000000005
2024-04-23,9908.855,21317.975000000002,12345.264000000001,43572.094000000005
2024-04-24,10449.301000000001,22441.321,13436.324,46326.946
2024-04-25,10813.0,22833.682,13265.109,46911.791000000005
2024-04-26,10459.993,22224.429,13187.916000000001,45872.338
2024-04-27,10264.197,19363.102000000003,12403.730000000001,42031.029
2024-04-28,9346.182,14699.550000000001,9812.926000000001,33858.658
2024-04-29,8335.988000000001,20503.194,12802.714,41641.896
2024-04-30,10699.757000000001,22130.813000000002,12209.712,45040.282
2024-05-01,9408.074,15557.495,10104.159000000001,35069.728
2024-05-02,8589.629,20484.574,11679.105,40753.308000000005
2024-05-03,9269.567000000001,20994.603,12393.649000000001,42657.819
2024-05-04,9669.704000000002,17817.515000000003,11766.79,39254.009000000005
2024-05-05,8456.249,13491.711000000001,9242.141000000001,31190.101000000002
2024-05-06,7965.338000000001,20764.22,12239.819000000001,40969.377
2024-05-07,9339.458,21673.372000000003,12128.519,43141.349
2024-05-08,9550.883000000002,20864.082000000002,12380.080000000002,42795.045000000006
2024-05-09,9241.795000000002,20598.237,12110.135,41950.167
2024-05-10,9694.279,21677.594,12484.941,43856.814000000006
2024-05-11,9115.976,17736.045000000002,11558.742,38410.763
2024-05-12,8262.917000000001,13418.526000000002,8941.081,30622.524
2024-05-13,7189.146000000001,14501.059000000001,9972.768,31662.973
2024-05-14,8253.177,20467.567,11675.566,40396.31
2024-05-15,9442.067000000001,21685.576,12218.716,43346.359000000004
2024-05-16,9830.287,22029.958,12714.721000000001,44574.966
2024-05-17,9922.139000000001,21669.377,12590.238000000001,44181.754
2024-05-18,9760.942000000001,18624.174000000003,11795.208,40180.324
2024-05-19,8973.408000000001,14259.145,10096.411,33328.964
2024-05-20,8645.550000000001,21441.91,12278.024000000001,42365.484000000004
2024-05-21,9750.137,20712.278000000002,11925.538,42387.953
2024-05-22,9453.460000000001,20764.645,12242.138,42460.243
2024-05-23,9840.674,22099.708,12704.146,44644.528000000006
2024-05-24,9532.337000000001,21150.224000000002,12443.651000000002,43126.212
2024-05-25,9477.219000000001,18114.688000000002,11057.732000000002,38649.639
2024-05-26,8781.856,14343.055,9841.864000000001,32966.775
2024-05-27,8299.762,20361.322,11939.44,40600.524000000005
2024-05-28,9250.310000000001,21195.850000000002,12460.331,42906.491
2024-05-29,9525.41,20624.778000000002,12146.177,42296.365000000005
2024-05-30,9720.031,21502.729,12257.701000000001,43480.461
2024-05-31,9641.855000000001,20393.89,12183.217,42218.962
2024-06-01,8482.184000000001,15672.985,10148.801000000001,34303.97
2024-06-02,7379.35,11457.941,7976.744000000001,26814.035
2024-06-03,6427.886,11907.975,8038.1230000000005,26373.984
2024-06-04,7054.1990000000005,18515.809,10374.902,35944.91
2024-06-05,7868.037,18402.254,10793.645,37063.936
2024-06-06,8586.177000000001,19601.158000000003,11052.106000000002,39239.441000000006
2024-06-07,8409.916000000001,19323.928,11072.302,38806.146
2024-06-08,8595.588,16044.214000000002,9885.323,34525.125
2024-06-09,7047.437000000001,11295.978000000001,7862.088,26205.503
2024-06-10,6461.338000000001,12097.327000000001,8581.521,27140.186
2024-06-11,7040.371,17972.854,10683.109,35696.334
2024-06-12,8045.881,18182.869,10920.86,37149.61
2024-06-13,8110.218000000001,18969.763000000003,10577.554,37657.535
2024-06-14,7972.765,18725.553,10998.58,37696.898
2024-06-15,7945.789000000001,14987.227,9951.11,32884.126000000004
2024-06-16,7480.802000000001,11978.011,7636.936000000001,27095.749000000003
2024-06-17,6566.111000000001,16989.668,10103.018,33658.797
2024-06-18,7721.914000000001,17898.919,9933.536,35554.369
2024-06-19,7950.976000000001,17935.65,10657.447,36544.073000000004
2024-06-20,8303.926,18219.548,10220.397,36743.871
2024-06-21,8008.919,18459.575,10591.276,37059.770000000004
2024-06-22,8105.328,15655.811000000002,10017.618,33778.757
2024-06-23,7196.732,11442.166000000001,8025.0470000000005,26663.945
2024-06-24,6974.174000000001,17514.577,10053.471,34542.222
2024-06-25,7614.542,17343.381,9809.838,34767.761
2024-06-26,7600.694,17308.619,10303.589,35212.902
2024-06-27,8074.169000000001,17735.301,10039.918000000001,35849.388000000006
2024-06-28,8172.641,17782.582000000002,10352.381000000001,36307.604
2024-06-29,8080.046,15562.664,10019.748000000001,33662.458000000006
2024-06-30,7573.053,12360.593,8496.071,28429.717
2024-07-01,7014.6810000000005,12237.342,8713.34,27965.363
2024-07-02,7056.511,17366.933,9948.111,34371.555
2024-07-03,7687.4490000000005,18099.607,10662.525000000001,36449.581
2024-07-04,8405.630000000001,18270.859,10478.083,37154.572
2024-07-05,8251.616,17976.405,10477.481,36705.502
2024-07-06,7605.420000000001,14906.764000000001,9659.822,32172.006
2024-07-07,6992.984,11257.657000000001,7829.383000000001,26080.024
2024-07-08,6834.977000000001,18221.727,10250.294000000002,35306.998
2024-07-09,8243.082,19070.059,10982.928,38296.069
2024-07-10,8206.379,19870.561,11136.389000000001,39213.329
2024-07-11,8632.578,18949.093,11089.394,38671.065
2024-07-12,8258.488000000001,18438.225000000002,11480.11,38176.823000000004
2024-07-13,8252.408,15596.055,10032.905,33881.368
2024-07-14,7548.92,12530.024000000001,7783.860000000001,27862.804
2024-07-15,6774.184,19118.333000000002,10989.353000000001,36881.87
2024-07-16,8560.875,19208.726000000002,10572.112000000001,38341.713
2024-07-17,7865.849,18032.745,10609.216,36507.81
2024-07-18,8328.227,18187.357,10214.019,36729.603
2024-07-19,8066.269,17967.259000000002,10703.823,36737.351
2024-07-20,7799.136,13600.711000000001,9061.151,30460.998
2024-07-21,7252.486000000001,12145.835000000001,8315.561000000002,27713.882
2024-07-22,7100.758,18254.612,10312.549,35667.919
2024-07-23,8160.808000000001,19189.655000000002,10950.419,38300.882000000005
2024-07-24,8421.566,19642.084,11391.812,39455.462
2024-07-25,8519.633,19627.063000000002,11127.472000000002,39274.168000000005
2024-07-26,8008.341,19041.572,10872.638,37922.551
2024-07-27,8358.844000000001,16239.140000000001,10516.103000000001,35114.087
2024-07-28,7478.293,11964.127,8308.143,27750.563000000002
2024-07-29,7256.639,19214.95,11092.391,37563.98
2024-07-30,8873.709,19572.624,10926.924,39373.257000000005
2024-07-31,8313.479,18502.211000000003,11536.743,38352.433000000005
2024-08-01,8935.722,20024.107000000004,11006.731,39966.560000000005
2024-08-02,8309.086,18636.349000000002,11486.242,38431.677
2024-08-03,8363.745,15983.611,9952.977,34300.333
2024-08-04,7189.66,11708.035,7886.275000000001,26783.97
2024-08-05,6830.120000000001,18654.566,11085.312,36569.998
2024-08-06,8363.874,19282.36,11148.066,38794.3
2024-08-07,8254.562000000002,14041.632000000001,9357.148000000001,31653.342000000004
2024-08-08,7508.511,19447.076,11063.523000000001,38019.11
2024-08-09,8343.774,20038.844,10952.256000000001,39334.874
2024-08-10,7582.735000000001,15946.547,9578.919,33108.201
2024-08-11,6789.461,11114.192000000001,7809.644,25713.297000000002
2024-08-12,7239.652,20028.429,11292.574,38560.655
2024-08-13,8170.121000000001,19887.56,11152.147,39209.828
2024-08-14,7741.715,20484.473,11203.149000000001,39429.337
2024-08-15,8445.836000000001,20251.328,11505.721000000001,40202.885
2024-08-16,8278.064,20538.16,11067.377,39883.601
2024-08-17,7941.463,15760.721000000001,9501.007000000001,33203.191
2024-08-18,6793.003000000001,11378.209,8235.145,26406.357
2024-08-19,6303.58,12236.173,8139.816000000001,26679.569000000003
2024-08-20,7089.4529999999995,20425.068,10980.304,38494.825000000004
2024-08-21,7806.942,20671.921000000002,11323.995,39802.858
2024-08-22,8207.492,20025.011000000002,11724.2,39956.703
2024-08-23,9117.234,20561.175,11213.601,40892.01
2024-08-24,8201.462,16712.635000000002,9914.099,34828.196
2024-08-25,6745.492,11423.269,7700.0869999999995,25868.848
2024-08-26,6790.035,18811.398,10186.522,35787.955
2024-08-27,7712.885,19160.370000000003,10723.519,37596.774000000005
2024-08-28,7963.101000000001,20294.712,11298.203000000001,39556.016
2024-08-29,8308.25,19994.523,11117.43,39420.203
2024-08-30,8032.460000000001,19491.688000000002,11285.865,38810.013000000006
2024-08-31,8101.957,16614.046000000002,10246.254,34962.257000000005
2024-09-01,6819.481,12332.924,7893.722000000001,27046.127
2024-09-02,6759.126,19143.186,10399.653,36301.965000000004
2024-09-03,7703.127,19363.783,10628.005000000001,37694.915
2024-09-04,7602.545,18706.683,10234.802,36544.03
2024-09-05,7625.078,18389.154000000002,9785.087000000001,35799.319
2024-09-06,7851.0070000000005,18956.359,10213.686,37021.052
2024-09-07,7799.519,16177.184000000001,10052.091,34028.794
2024-09-08,7275.942,11856.62,7919.652000000001,27052.214
2024-09-09,6864.242,19926.154000000002,10829.153,37619.549
2024-09-10,7932.589,19685.502,10675.124000000002,38293.215000000004
2024-09-11,8092.445,19982.412,11121.981,39196.838
2024-09-12,8383.578,20344.548000000003,11253.678,39981.804000000004
2024-09-13,8134.127,20740.838,11860.967,40735.932
2024-09-14,8503.692000000001,17734.797000000002,10771.505000000001,37009.994000000006
2024-09-15,7721.160000000001,12957.693000000001,8294.730000000001,28973.583000000002
2024-09-16,7058.879000000001,19565.672000000002,11199.269,37823.82
2024-09-17,8531.826000000001,20783.841,11528.729,40844.396
2024-09-18,8575.373,20843.953,11888.909000000001,41308.235
2024-09-19,8721.781,20678.709000000003,11520.587,40921.077000000005
2024-09-20,8687.066,20976.491,12191.09,41854.647000000004
2024-09-21,8919.079,17786.371,10892.765,37598.215000000004
2024-09-22,7564.93,12486.741000000002,8482.035,28533.706000000002
2024-09-23,7360.438000000001,19536.905,11299.413,38196.756
2024-09-24,8386.004,20380.956000000002,11150.647,39917.607
2024-09-25,8611.324,20488.791,11223.471000000001,40323.586
2024-09-26,8523.345000000001,19640.533000000003,11702.473000000002,39866.351
2024-09-27,8757.17,20783.692,12378.336,41919.198000000004
2024-09-28,8756.807,17619.375,11064.418000000001,37440.6
2024-09-29,7783.822,12900.174,8177.237,28861.233
2024-09-30,7347.673,19946.407,11378.351,38672.431000000004
2024-10-01,8392.454,19896.107,11168.153,39456.714
2024-10-02,8228.904,20709.338,11824.449,40762.691000000006
2024-10-03,8732.087000000001,20322.185,11705.300000000001,40759.572
2024-10-04,8895.733,20949.156000000003,11470.807,41315.696
2024-10-05,8848.162,17020.358,10466.237000000001,36334.757000000005
2024-10-06,7287.1320000000005,11930.345000000001,8380.179,27597.656000000003
2024-10-07,7344.996,19656.353,11074.315,38075.664000000004
2024-10-08,8655.675000000001,20500.956000000002,11004.118,40160.749
2024-10-09,8663.02,20604.519,11864.351,41131.89
2024-10-10,9095.937,20097.415,11675.855000000001,40869.207
2024-10-11,8610.041000000001,20287.458,11853.953000000001,40751.452000000005
2024-10-12,8823.473,17197.300000000003,10603.303,36624.076
2024-10-13,7520.83,12121.118,8368.772,28010.72
2024-10-14,6898.655000000001,13665.623000000001,9376.240000000002,29940.518000000004
2024-10-15,8026.384,20358.437,11259.613000000001,39644.434
2024-10-16,8654.146,20393.609,11191.352,40239.107
2024-10-17,8770.635,21250.053,11989.409,42010.097
2024-10-18,8808.673,21507.308,12389.635000000002,42705.616
2024-10-19,8544.924,17815.954,10851.165,37212.043000000005
2024-10-20,7702.207,12091.829000000002,8448.977,28243.013000000003
2024-10-21,7521.032,20980.592,11591.744,40093.368
2024-10-22,8527.901,20218.323,11437.143,40183.367
2024-10-23,8598.949,20671.729,11630.869,40901.547
2024-10-24,8593.650000000001,20120.234,11579.066,40292.950000000004
2024-10-25,8811.832,20985.103,11993.076000000001,41790.011
2024-10-26,8806.911,17396.582000000002,10513.037,36716.53
2024-10-27,7727.018,12528.263,8579.721000000001,28835.002
2024-10-28,7503.578,20563.408000000003,11245.449,39312.435000000005
2024-10-29,8870.245,21245.093,11879.699,41995.037000000004
2024-10-30,8912.449,20910.892,11582.588,41405.929000000004
2024-10-31,9027.904,20263.235,11631.462,40922.601
2024-11-01,8776.732,20490.308,11364.337,40631.377
2024-11-02,8545.022,16868.423,10138.553,35551.998
2024-11-03,7385.351000000001,11909.126,8272.36,27566.837
2024-11-04,6955.040000000001,13303.299,8626.086000000001,28884.425000000003
2024-11-05,7661.907000000001,19918.159,11466.145,39046.211
2024-11-06,8544.146,20050.387000000002,11662.373,40256.906
2024-11-07,8753.179,20078.262,11231.702000000001,40063.143000000004
2024-11-08,8348.433,20452.702,11317.788,40118.923
2024-11-09,8103.901,16494.210000000003,9889.535,34487.646
2024-11-10,7434.7570000000005,11958.558,8316.838,27710.153000000002
2024-11-11,6978.773,13714.374,8900.917000000001,29594.064000000002
2024-11-12,7764.8820000000005,19833.711,11226.52,38825.113000000005
2024-11-13,8437.245,19982.967,11218.717,39638.929000000004
2024-11-14,8802.125,19011.151,10709.181,38522.457
2024-11-15,8465.061,19929.388000000003,11218.308,39612.757000000005
2024-11-16,8507.84,16918.420000000002,10544.549,35970.809
2024-11-17,7596.423000000001,12358.01,8199.24,28153.673000000003
2024-11-18,7161.926,18714.171000000002,10554.550000000001,36430.647000000004
2024-11-19,8397.028,19223.486,11096.351,38716.865000000005
2024-11-20,8784.988000000001,20429.067000000003,11680.149000000001,40894.204000000005
2024-11-21,8761.188,20003.32,11303.384000000002,40067.89200000001
2024-11-22,8792.681,20125.379,12018.492,40936.552
2024-11-23,8713.756000000001,16273.194000000001,10081.132000000001,35068.082
2024-11-24,7365.781,11765.508,8272.586000000001,27403.875
2024-11-25,7471.675,20224.999,11713.421,39410.095
2024-11-26,9370.709,20712.191000000003,11397.051,41479.951
2024-11-27,8466.915,20192.54,11251.606,39911.061
2024-11-28,8662.279,20128.325,11381.502,40172.106
2024-11-29,8851.152,21260.349000000002,12116.973,42228.474
2024-11-30,9008.817000000001,17922.147,11158.055,38089.019
2024-12-01,8179.254000000001,13432.022,8794.371,30405.647
2024-12-02,7510.691000000001,19419.807,11378.993,38309.491
2024-12-03,8439.45,19923.195,10822.181,39184.826
2024-12-04,8414.104,20729.894,12155.570000000002,41299.568
2024-12-05,9379.601,20442.13,12006.152000000002,41827.883
2024-12-06,9255.855000000001,20856.249,12318.277000000002,42430.381
2024-12-07,9249.710000000001,17217.395,10530.189,36997.294
2024-12-08,7910.023000000001,13184.258000000002,8959.978000000001,30054.259000000002
2024-12-09,7938.661,19727.117000000002,11177.125,38842.903000000006
2024-12-10,8623.002,20604.825,11914.813,41142.64
2024-12-11,9172.0,20595.453,12093.667000000001,41861.12
2024-12-12,9396.647,20261.102,11883.026000000002,41540.775
2024-12-13,9121.523000000001,20268.666,12227.648000000001,41617.837
2024-12-14,9001.89,17177.291,11282.566,37461.747
2024-12-15,8254.147,13180.597000000002,8859.107,30293.851000000002
2024-12-16,7589.437,18548.183,11226.397,37364.017
2024-12-17,9004.449,20061.704,11620.211000000001,40686.364
2024-12-18,9036.231,20358.753,11896.975,41291.959
2024-12-19,8831.060000000001,19370.171000000002,11790.263,39991.494
2024-12-20,8713.387,19861.079,12255.444,40829.91
2024-12-21,8477.953000000001,16781.849000000002,10801.398000000001,36061.200000000004
2024-12-22,7863.805,13516.33,8971.359,30351.494000000002
2024-12-23,7377.071,17644.973,10554.992,35577.036
2024-12-24,7761.860000000001,15327.454,8496.87,31586.184
2024-12-25,6496.6810000000005,10166.782,7673.539000000001,24337.002
2024-12-26,6940.996,17092.138000000003,10245.803,34278.937000000005
2024-12-27,7587.805,17302.778000000002,11165.023000000001,36055.606
2024-12-28,8191.516,15911.228000000001,10377.799,34480.543000000005
2024-12-29,7998.4310000000005,14453.956000000002,9397.751,31850.138000000003
2024-12-30,7469.4,17225.912,10473.915,35169.227
2024-12-31,7695.503000000001,13574.168000000001,7925.89,29195.561
2025-01-01,7411.908,11348.039,8178.664000000001,26938.611
2025-01-02,7518.502,16919.71,10434.413,34872.625
2025-01-03,8990.837000000001,18772.468,11472.165,39235.47
2025-01-04,9569.417000000001,19015.168,12013.626,40598.211
2025-01-05,9998.181,15423.253,9754.368,35175.802
2025-01-06,8825.394,16668.93,11587.733,37082.057
2025-01-07,10775.608,22877.157,15231.682,48884.447
2025-01-08,12062.651,24660.178000000004,16359.648000000001,53082.477000000006
2025-01-09,14624.279,27323.253,17201.485,59149.01700000001
2025-01-10,12941.376,24639.938000000002,14606.488000000001,52187.802
2025-01-11,14963.320000000002,24719.644,14627.616000000002,54310.58
2025-01-12,10922.873,17312.581000000002,11622.364000000001,39857.818
2025-01-13,10953.623000000001,25506.339,17111.648,53571.61
2025-01-14,15650.648000000001,27185.303,17460.891000000003,60296.842000000004
2025-01-15,15611.905999999999,26371.704,17475.946000000004,59459.556000000004
2025-01-16,15765.971000000001,26888.327,17621.369000000002,60275.667
2025-01-17,14951.887999999999,28940.996000000003,17920.879,61813.763
2025-01-18,15459.762,24276.368000000002,15407.239,55143.369
2025-01-19,13553.818000000001,19032.927,12756.633,45343.378000000004
2025-01-20,12037.625,26898.049000000003,16561.43,55497.10400000001
2025-01-21,14056.354,26536.546000000002,16316.543000000001,56909.443
2025-01-22,13897.230000000001,26799.906000000003,16436.484,57133.62
2025-01-23,13740.102,26936.42,16557.437,57233.959
2025-01-24,14352.573,27632.943000000003,16280.876,58266.39200000001
2025-01-25,13682.849,23923.278000000002,14400.552,52006.679000000004
2025-01-26,12322.245,17366.589,11691.649000000001,41380.483
2025-01-27,11428.456000000002,27031.194000000003,15682.177,54141.827000000005
2025-01-28,14179.505000000001,27922.791,15963.159,58065.455
2025-01-29,14407.565,28803.254,17058.534,60269.353
2025-01-30,14892.416000000001,28477.968,16727.528000000002,60097.912000000004
2025-01-31,15032.448,29098.149,16732.670000000002,60863.267
2025-02-01,14233.673,23669.819000000003,14682.051000000001,52585.543000000005
2025-02-02,12465.429,17324.034,12160.929,41950.392
2025-02-03,11604.133000000002,27329.347,16236.491000000002,55169.971000000005
2025-02-04,14063.237000000001,27780.871000000003,16678.384000000002,58522.492000000006
2025-02-05,14725.174,29038.313000000002,16813.003,60576.490000000005
2025-02-06,14955.899000000001,27971.656000000003,17244.371,60171.92600000001
2025-02-07,15388.714000000002,29084.736,17483.612,61957.062000000005
2025-02-08,14749.263,24280.573,15798.288,54828.124
2025-02-09,13682.695,17176.083000000002,11643.666000000001,42502.444
2025-02-10,11145.497,27075.986,15263.797,53485.28
2025-02-11,13284.363000000001,27569.188000000002,15864.813000000002,56718.364
2025-02-12,13886.778,28279.527000000002,16661.306,58827.611000000004
2025-02-13,14595.145,28375.755,16349.468,59320.368
2025-02-14,14232.818000000001,29392.953,18339.967,61965.738000000005
2025-02-15,16635.813000000002,26150.715000000004,16530.862,59317.39
2025-02-16,13706.207,16843.638000000003,13222.926000000001,43772.771
2025-02-17,12863.956,29376.315000000002,17000.827,59241.098000000005
2025-02-18,15567.906,30848.395,18270.529000000002,64686.83
2025-02-19,15513.062,28696.448,16505.345,60714.855
2025-02-20,14078.338000000002,28226.253,16669.748,58974.33900000001
2025-02-21,14718.841,28535.429,16485.955,59740.225
2025-02-22,13833.956000000002,23582.334000000003,14846.021,52262.311
2025-02-23,12774.903,17541.891000000003,11950.101,42266.895000000004
2025-02-24,11782.289,28300.837000000003,16733.172,56816.298
2025-02-25,14471.131000000001,30199.241,18253.814000000002,62924.186
2025-02-26,16837.815000000002,30035.572,18813.599000000002,65686.986
2025-02-27,17141.994,31739.881,18276.523,67158.398
2025-02-28,16430.981,29685.096,18634.158000000003,64750.23500000001
2025-03-01,16413.314000000002,23373.497000000003,15020.94,54807.751000000004
2025-03-02,12116.972000000002,16452.65,11893.921,40463.543000000005
2025-03-03,11533.985,26041.453,15980.564000000002,53556.002
2025-03-04,13662.733,26609.057,15893.98,56165.770000000004
2025-03-05,14549.819000000001,30225.003,18940.459000000003,63715.281
2025-03-06,16829.986,31326.914,19011.683,67168.583
2025-03-07,16915.257,31449.958000000002,18975.337,67340.55200000001
2025-03-08,16710.191,26858.686,17139.472,60708.349
2025-03-09,14234.193000000001,19637.364,12145.508,46017.065
2025-03-10,11768.542000000001,27355.210000000003,17106.979,56230.731
2025-03-11,15358.566,29075.591,16856.885,61291.042
2025-03-12,15324.44,29560.772,17496.806,62382.018000000004
2025-03-13,15626.939,29906.549000000003,17037.49,62570.978
2025-03-14,15292.135000000002,29799.776,16895.042,61986.953
2025-03-15,14680.738000000001,24755.800000000003,15020.740000000002,54457.278000000006
2025-03-16,12223.773000000001,17815.882,12561.525000000001,42601.18
2025-03-17,12471.171,29159.285000000003,17202.316000000003,58832.772000000004
2025-03-18,14976.066,28960.96,18113.444000000003,62050.47
2025-03-19,16663.808,30740.335000000003,18834.987,66239.13
2025-03-20,17181.278000000002,32290.913,19079.362,68551.553
2025-03-21,17363.665,31324.300000000003,19539.272,68227.23700000001
2025-03-22,16953.373,26896.491,15919.781,59769.645000000004
2025-03-23,13245.053,18942.088,13087.948,45275.089
2025-03-24,12115.380000000001,21028.678,14487.448,47631.506
2025-03-25,13751.548,29678.769000000004,17084.523,60514.840000000004
2025-03-26,14907.141,30189.527000000002,17624.175000000003,62720.843
2025-03-27,15404.234,31532.987,19208.922000000002,66146.14300000001
2025-03-28,16672.722,32575.591,18496.264000000003,67744.577
2025-03-29,15411.105,26872.787,17459.050000000003,59742.942
2025-03-30,14262.630000000001,19393.620000000003,13777.086000000001,47433.336
2025-03-31,13728.401,30811.824,17820.436,62360.661
2025-04-01,15999.782000000001,29796.305,16872.505,62668.592000000004
2025-04-02,14726.512,30135.773,17234.4,62096.685000000005
2025-04-03,14495.165,29684.441000000003,17323.531000000003,61503.137
2025-04-04,14761.938,30159.067000000003,18341.563000000002,63262.56800000001
2025-04-05,15797.099,26499.018000000004,16132.283000000001,58428.4
2025-04-06,12855.755000000001,18542.821,13242.534,44641.11
2025-04-07,12776.217,29575.528000000002,18898.653000000002,61250.398
2025-04-08,16617.098,31151.086000000003,17317.512000000002,65085.696
2025-04-09,14851.766,31986.786,19072.823,65911.375
2025-04-10,17376.586,32500.417,18850.662,68727.66500000001
2025-04-11,16172.111,28925.511000000002,17201.506,62299.128000000004
2025-04-12,14829.088,24768.248,15450.213000000002,55047.549
2025-04-13,12802.691,18800.519,13968.716,45571.926
2025-04-14,12862.588,27677.663,19246.051,59786.302
2025-04-15,16744.399,29476.637000000002,18656.72,64877.75600000001
2025-04-16,16624.96,28672.431,18198.912,63496.30300000001
2025-04-17,14714.525,18830.475000000002,12414.983,45959.983
2025-04-18,10785.394,14806.676000000001,10690.996000000001,36283.066
2025-04-19,9804.589,19088.782000000003,12374.727,41268.098000000005
2025-04-20,10226.668000000001,15815.804000000002,11350.655,37393.127
2025-04-21,11086.436000000002,28958.287,17443.636000000002,57488.359000000004
2025-04-22,15283.333,31826.812,18606.604,65716.74900000001
2025-04-23,17199.186,32122.989,19060.196,68382.371
2025-04-24,17442.338,32134.478000000003,18841.074,68417.89
2025-04-25,17433.561,30754.892000000003,17813.916,66002.369
2025-04-26,14963.447,26044.314000000002,15565.197,56572.958000000006
2025-04-27,12658.883,17321.156,12220.03,42200.069
2025-04-28,11426.427,29517.618000000002,18736.928,59680.973000000005
2025-04-29,16669.832000000002,32474.845,18803.684,67948.361
2025-04-30,17044.31,30938.379,18904.43,66887.119
2025-05-01,15559.686,21633.49,14604.155,51797.331
2025-05-02,13977.059000000001,29341.279000000002,17031.873,60350.211
2025-05-03,14081.829000000002,24790.565000000002,14950.958,53823.352
2025-05-04,12065.645,16079.953000000001,11514.838,39660.436
2025-05-05,11417.865,26925.562,16561.483,54904.91
2025-05-06,15027.849,30039.45,17404.883,62472.182
2025-05-07,15987.524000000001,29741.948,18181.881,63911.353
2025-05-08,16449.497,29394.832000000002,18140.272,63984.601
2025-05-09,16551.832000000002,29591.863,17127.813000000002,63271.508
2025-05-10,14262.744,23851.778000000002,14930.769,53045.291000000005
2025-05-11,12177.902,16690.706000000002,11748.364000000001,40616.972
2025-05-12,11790.452000000001,28445.665,16608.635000000002,56844.752
2025-05-13,15054.077000000001,30297.105000000003,18474.757,63825.939000000006
2025-05-14,16591.38,31381.350000000002,18377.467,66350.197
2025-05-15,16822.753,30596.576,17583.57,65002.899000000005
2025-05-16,16373.653,31460.821000000004,19093.422000000002,66927.89600000001
2025-05-17,16538.561,26216.5,16404.154000000002,59159.215000000004
2025-05-18,13922.569,20919.441,14290.714,49132.724
2025-05-19,13652.614000000001,30095.073,18313.602,62061.289000000004
2025-05-20,16866.54,32243.160000000003,19185.574,68295.274
2025-05-21,16840.370000000003,29589.752000000004,17007.178,63437.3
2025-05-22,14274.742000000002,30790.95,17765.934,62831.626000000004
2025-05-23,15425.552,29527.883,17385.357000000004,62338.792
2025-05-24,14839.156,25290.659000000003,15798.456,55928.271
2025-05-25,12366.844000000001,17269.645,11672.282,41308.771
2025-05-26,11305.062,28717.514000000003,17072.899,57095.475000000006
2025-05-27,16204.560000000001,31198.604000000003,18534.263,65937.42700000001
2025-05-28,16206.627,32044.45,18865.676,67116.753
2025-05-29,16782.871,31785.768000000004,19406.182,67974.82100000001
2025-05-30,16716.565000000002,31934.605000000003,17621.989,66273.159
2025-05-31,14799.977,26095.604000000003,16630.394,57525.975000000006
2025-06-01,13288.972,17373.652000000002,12085.097,42747.721
2025-06-02,10890.945,22314.447,15275.272,48480.664000000004
2025-06-03,14283.577000000001,29311.482000000004,17973.412,61568.471000000005
2025-06-04,15597.055,28857.739,18773.165,63227.959
2025-06-05,16576.942,31374.359000000004,18787.568,66738.869
2025-06-06,16650.298,30845.017,17493.043,64988.358
2025-06-07,15042.066,25807.333000000002,16017.854000000001,56867.253000000004
2025-06-08,12378.157000000001,16534.29,11605.617,40518.064000000006
2025-06-09,11332.077000000001,28405.946,17045.59,56783.613000000005
2025-06-10,14284.575,28302.738,16053.210000000001,58640.52300000001
2025-06-11,13854.300000000001,29316.503,16299.743000000002,59470.546
2025-06-12,14343.721000000001,29015.236000000004,16900.327,60259.284
2025-06-13,15771.577000000001,29994.872000000003,18920.809,64687.258
2025-06-14,15897.901000000002,25873.874000000003,16648.912,58420.687000000005
2025-06-15,13122.686,18480.361,11812.447,43415.494
2025-06-16,11170.107,27078.020000000004,16301.433,54549.560000000005
2025-06-17,14357.816,27601.568000000003,15521.103,57480.487
2025-06-18,13484.879,29195.577,17985.318,60665.774000000005
2025-06-19,15580.626000000002,29624.024,17738.531000000003,62943.181000000004
2025-06-20,15716.067000000001,30165.754,19449.752,65331.573000000004
2025-06-21,16194.186000000002,27781.007,17092.805,61067.998
2025-06-22,13199.195,15772.829000000002,11398.759000000002,40370.783
2025-06-23,10137.332,20017.22,14191.051,44345.603
2025-06-24,13083.314,27376.617000000002,17225.463000000003,57685.39400000001
2025-06-25,15124.563,28910.480000000003,18720.229,62755.272000000004
2025-06-26,15993.989000000001,29017.186,17682.007,62693.182
2025-06-27,14295.099000000002,28147.428,18855.786,61298.313
2025-06-28,16091.738000000001,26819.272,15356.794,58267.804000000004
2025-06-29,11504.475,16021.345000000001,10999.448,38525.268000000004
2025-06-30,9595.251,18619.894,12687.960000000001,40903.105
2025-07-01,12723.672,27943.872000000003,16903.546000000002,57571.090000000004
2025-07-02,14974.796,29394.024,17142.575,61511.395000000004
2025-07-03,14053.271,29700.183,19274.209000000003,63027.663
2025-07-04,16426.484,29539.317000000003,17236.648,63202.449
2025-07-05,14192.198,24155.805,15416.366000000002,53764.369000000006
2025-07-06,12286.182,17374.815000000002,12364.659000000001,42025.656
2025-07-07,11721.54,28715.465,18166.370000000003,58603.375
2025-07-08,16646.608,30425.226000000002,17888.455,64960.289000000004
2025-07-09,14907.045,30173.576,18621.553,63702.174000000006
2025-07-10,15916.785,32294.533000000003,19944.568,68155.886
2025-07-11,17502.95,33759.867,19261.724000000002,70524.541
2025-07-12,16659.585,28548.472,17196.034,62404.091
2025-07-13,13612.352,20415.158,14162.408000000001,48189.918000000005
2025-07-14,13549.541000000001,30542.211000000003,19344.912,63436.664000000004
2025-07-15,16906.879,32158.023,18835.175000000003,67900.077
2025-07-16,16420.287,31729.916,19574.143000000004,67724.346
2025-07-17,17357.196,32506.479000000003,18598.951,68462.626
2025-07-18,15293.611,31650.384000000002,19846.710000000003,66790.705
2025-07-19,16870.440000000002,28798.374000000003,17339.788,63008.602
2025-07-20,13582.092,18301.391,14487.25,46370.733
2025-07-21,12084.833,28464.550000000003,17420.889,57970.272000000004
2025-07-22,15754.626,33319.100000000006,19180.472,68254.198
2025-07-23,15249.787,31696.593,19571.865,66518.24500000001
2025-07-24,16025.421,32474.651,18544.077,67044.149
2025-07-25,16032.51,32440.421000000002,19249.385000000002,67722.316
2025-07-26,14942.278000000002,25441.187,15310.196,55693.66100000001
2025-07-27,11865.903,18166.584,12473.25,42505.737
2025-07-28,11319.722000000002,29786.076,19778.251,60884.049
2025-07-29,15912.509000000002,33062.209,19370.201,68344.91900000001
2025-07-30,16725.036,32944.204000000005,20156.587,69825.827
2025-07-31,17397.622,32676.525,19754.402000000002,69828.549
2025-08-01,17207.959,33272.008,20784.502,71264.46900000001
2025-08-02,17271.377,28875.543,17269.541,63416.461
2025-08-03,11823.026,18686.429,12911.651,43421.106
2025-08-04,12199.702000000001,30642.309,18290.688000000002,61132.699
2025-08-05,15799.006000000001,32440.625,18411.46,66651.091
2025-08-06,15733.672000000002,32586.309,18358.486,66678.467
2025-08-07,14981.564,24364.867000000002,17117.124,56463.55500000001
2025-08-08,17022.788,34742.612,21044.723,72810.123
2025-08-09,17802.973,30263.351000000002,17152.783,65219.107
2025-08-10,13247.689000000002,19531.475,13029.762,45808.926
2025-08-11,12396.892,33043.109000000004,20127.208000000002,65567.209
2025-08-12,17399.932,34930.491,20861.620000000003,73192.043
2025-08-13,18244.348,34295.186,21100.713,73640.247
2025-08-14,16625.689000000002,34789.188,21104.378,72519.255
2025-08-15,18280.166,35538.9,21872.792,75691.85800000001
2025-08-16,18388.237,30827.124000000003,17329.175000000003,66544.53600000001
2025-08-17,14782.470000000001,21796.41,14109.818000000001,50688.698000000004
2025-08-18,11350.202000000001,21797.521,15305.829000000002,48453.552
2025-08-19,14747.855000000001,32390.230000000003,19505.026,66643.111
2025-08-20,17107.979,34076.991,20223.739,71408.709
2025-08-21,17148.510000000002,34065.671,19849.843,71064.024
2025-08-22,16767.231,33676.882000000005,19655.115,70099.228
2025-08-23,16058.636000000002,28785.254,16961.260000000002,61805.15
2025-08-24,13461.178000000002,20991.479,14235.309,48687.966
2025-08-25,13146.645,32858.313,20432.659,66437.617
2025-08-26,18402.379,36686.380000000005,19479.7,74568.459
2025-08-27,16195.891,34662.087,21085.210000000003,71943.18800000001
2025-08-28,18410.933,35135.513,20634.917,74181.363
2025-08-29,18411.030000000002,35348.137,21027.674000000003,74786.841
2025-08-30,16335.95,29678.731,17693.653000000002,63708.334
2025-08-31,13623.503,20600.697,13550.902,47775.102
2025-09-01,12512.976999999999,32383.381,17745.294,62641.652
2025-09-02,15768.341,32071.223,20300.587,68140.151
2025-09-03,18456.823,35852.839,19950.078,74259.74
2025-09-04,16909.976000000002,33078.699,18701.120000000003,68689.795
2025-09-05,16674.068,36111.689,21260.743000000002,74046.5
2025-09-06,18541.018,31090.355000000003,19101.367000000002,68732.74
2025-09-07,14612.917,20785.632,13764.105,49162.654
2025-09-08,13177.003,34021.467000000004,20698.164,67896.634
2025-09-09,18388.281000000003,34736.652,20835.155000000002,73960.088
2025-09-10,18837.535,34489.672,20213.411,73540.618
2025-09-11,19225.964,37045.72,21236.788,77508.47200000001
2025-09-12,18586.354,35423.137,21508.929,75518.42
2025-09-13,18632.953,30519.032000000003,17441.911,66593.89600000001
2025-09-14,13698.222000000002,20837.82,14015.059000000001,48551.101
2025-09-15,12878.871000000001,31175.677000000003,18873.420000000002,62927.968
2025-09-16,16352.093,33012.256,18871.719,68236.068
2025-09-17,16251.459,32818.609000000004,19674.920000000002,68744.988
2025-09-18,16870.494000000002,33024.955,19314.304,69209.753
2025-09-19,16660.043,32183.667,19514.485,68358.195
2025-09-20,15574.532000000001,27861.982,17107.315000000002,60543.829000000005
2025-09-21,12757.018,19144.919,13583.437,45485.374
2025-09-22,12809.388,32511.547000000002,19334.050000000003,64654.98500000001
2025-09-23,16935.58,33744.35,19281.08,69961.01000000001
2025-09-24,16759.196,34888.779,21304.933,72952.908
2025-09-25,19316.841,35565.612,21598.034,76480.48700000001
2025-09-26,18162.243000000002,35120.953,20740.581000000002,74023.777
2025-09-27,17147.219,30506.260000000002,17576.994000000002,65230.473000000005
2025-09-28,14004.611,19907.203,13683.291000000001,47595.105
2025-09-29,13300.578000000001,32389.133,18841.024,64530.73500000001
2025-09-30,16404.65,32575.254,18366.878,67346.782
2025-10-01,16089.605,32749.508,19366.258,68205.371
2025-10-02,16784.224000000002,32309.767000000003,19157.467,68251.458
2025-10-03,16380.853000000001,33833.953,20229.699,70444.505
2025-10-04,17641.121000000003,30644.539,19060.595,67346.255
2025-10-05,14955.917,21832.785,15592.819000000001,52381.521
2025-10-06,14789.616,32083.590000000004,19740.239,66613.445
2025-10-07,18157.796000000002,33522.990000000005,20107.763,71788.549
2025-10-08,18031.036,35283.262,20862.363,74176.66100000001
2025-10-09,17451.607,32482.877,19096.263000000003,69030.747
2025-10-10,15443.817000000001,31140.494000000002,18521.611,65105.922000000006
2025-10-11,16082.451000000001,27694.440000000002,16614.43,60391.321
2025-10-12,12577.916000000001,17539.772,12018.394,42136.082
2025-10-13,10797.933,20636.682,14608.649,46043.264
2025-10-14,13985.612000000001,32593.778000000002,19250.717,65830.107
2025-10-15,16975.547000000002,32925.1,19277.812,69178.459
2025-10-16,15527.285,31701.212,19847.993000000002,67076.49
2025-10-17,17096.854,33548.596000000005,20733.864,71379.314
2025-10-18,16605.687,29611.191000000003,17438.68,63655.558000000005
2025-10-19,13213.400000000001,19585.749,13650.172,46449.321
2025-10-20,13010.411,33293.657,20469.853000000003,66773.921
2025-10-21,18639.826,36090.75,20781.559,75512.13500000001
2025-10-22,18445.33,36329.337,21344.809,76119.47600000001
2025-10-23,18950.483,37132.771,22408.981,78492.235
2025-10-24,19869.383,36803.893000000004,22426.911,79100.187
2025-10-25,18804.778000000002,31475.977000000003,19989.170000000002,70269.925
2025-10-26,15112.068000000001,22685.824,14467.126,52265.018000000004
2025-10-27,13677.754,32634.847,19523.147,65835.748
2025-10-28,17262.628,34092.901,19801.02,71156.549
2025-10-29,17483.277000000002,34285.948000000004,19989.206000000002,71758.431
2025-10-30,17088.32,33216.33,19747.935,70052.585
2025-10-31,17139.208,33721.776,20267.067000000003,71128.051
2025-11-01,16589.411,27786.718,17239.08,61615.209
2025-11-02,13768.412,20226.526,13820.179,47815.117
2025-11-03,12359.057,22732.407,15487.466,50578.93
2025-11-04,14714.944000000001,32548.11,19691.944,66954.998
2025-11-05,17931.192000000003,35918.627,21966.509000000002,75816.32800000001
2025-11-06,19001.27,36317.199,21805.025,77123.494
2025-11-07,18568.625,35384.446,22800.612,76753.683
2025-11-08,19590.105,32579.255,20360.035,72529.395
2025-11-09,16017.32,23906.301000000003,16226.372000000001,56149.993
2025-11-10,13799.896,33898.345,21475.422000000002,69173.663
2025-11-11,18386.738,35875.804000000004,22267.442000000003,76529.98400000001
2025-11-12,19520.228000000003,36688.151,22566.706000000002,78775.085
2025-11-13,19771.596,38095.918000000005,23075.682,80943.19600000001
2025-11-14,20720.404000000002,37588.793000000005,22011.569000000003,80320.766
2025-11-15,20374.864,32196.727000000003,19094.383,71665.974
2025-11-16,15087.083,21670.366,13658.436000000002,50415.885
2025-11-17,12193.633,22672.967,15488.507000000001,50355.107
2025-11-18,14408.586000000001,32766.016000000003,18973.248,66147.85
2025-11-19,16476.266,33151.197,19619.256,69246.719
2025-11-20,17117.56,34287.865,20973.02,72378.445
2025-11-21,17097.069000000003,33765.487,20506.837,71369.39300000001
2025-11-22,16808.764,28839.726000000002,17893.777000000002,63542.267
2025-11-23,14029.6,21031.659,13570.912,48632.171
2025-11-24,13212.741000000002,33448.159,19345.441000000003,66006.341
2025-11-25,17071.719,35336.045,22788.210000000003,75195.974
2025-11-26,20321.433,39314.685000000005,22895.335000000003,82531.45300000001
2025-11-27,20363.858,36109.767,22691.793,79165.418
2025-11-28,20550.192000000003,38211.182,22962.71,81724.084
2025-11-29,19671.670000000002,30958.02,19672.563000000002,70302.253
2025-11-30,16774.564000000002,23130.279000000002,13893.055,53797.898
2025-12-01,13847.509000000002,31959.497000000003,20311.834000000003,66118.84000000001
2025-12-02,18394.269,35201.201,20030.61,73626.08
2025-12-03,17571.646,36292.237,21673.087,75536.97
2025-12-04,18149.699,33465.735,20584.044,72199.478
2025-12-05,17891.325,37397.144,22436.320000000003,77724.789
2025-12-06,18852.719,32285.975000000002,17727.377,68866.07100000001
2025-12-07,13790.820000000002,21199.041,13777.316,48767.177
2025-12-08,12115.058,23353.851000000002,16765.61,52234.519
2025-12-09,15273.794,32922.647000000004,19482.407000000003,67678.848
2025-12-10,17150.369000000002,34134.429000000004,20394.139000000003,71678.937
2025-12-11,17233.493000000002,34700.174000000006,20704.014,72637.68100000001
2025-12-12,17451.214,34872.39,21360.497000000003,73684.10100000001
2025-12-13,17816.958000000002,30052.931,18580.08,66449.96900000001
2025-12-14,14613.523000000001,22465.89,15166.088000000002,52245.501000000004
2025-12-15,13473.715,33144.696,20481.120000000003,67099.531
2025-12-16,17325.133,34282.587,21690.806,73298.526
2025-12-17,19558.64,36920.582,20413.169,76892.391
2025-12-18,17945.561,35675.566,21678.984,75300.111
2025-12-19,18272.777000000002,34623.009,21336.226,74232.012
2025-12-20,17567.227,29798.277000000002,18642.034,66007.538
2025-12-21,13907.899,23830.168,17359.303,55097.37
2025-12-22,15924.169,31928.787,20428.104,68281.06
2025-12-23,15919.914,30724.145000000004,19087.708000000002,65731.767
2025-12-24,15965.575,25020.451,12393.483,53379.509000000005
2025-12-25,9607.331,16111.896,11358.549,37077.776000000005
2025-12-26,10816.396,26407.529000000002,17160.972,54384.897000000004
2025-12-27,13989.611,24674.805,16391.915,55056.331000000006
2025-12-28,13231.799,21523.722,15044.392,49799.913
2025-12-29,13354.122000000001,27039.350000000002,17401.883,57795.355
2025-12-30,14510.153,26315.413,15105.699,55931.265
2025-12-31,11994.276,21438.941000000003,11986.911000000002,45420.128000000004
2026-01-01,10474.955,16867.545000000002,11984.677000000001,39327.177
2026-01-02,10918.155,23176.319,15207.688,49302.162000000004
2026-01-03,12440.851,24303.178000000004,16586.224000000002,53330.253000000004
2026-01-04,13661.704000000002,21524.602,14770.003,49956.309
2026-01-05,12847.474000000002,27590.965000000004,18834.292,59272.73100000001
2026-01-06,16642.689000000002,31750.733,19693.621,68087.043
2026-01-07,17078.453,32813.997,20698.197,70590.647
2026-01-08,18092.690000000002,33514.261,20219.815000000002,71826.766
2026-01-09,18192.58,33988.969000000005,21352.9,73534.44900000001
2026-01-10,18029.359,31962.798000000003,20414.308,70406.46500000001
2026-01-11,16358.627,21700.219,15030.108,53088.954
2026-01-12,13464.85,24334.57,16663.978000000003,54463.398
2026-01-13,15028.664,31541.190000000002,18624.612,65194.466
2026-01-14,16294.219000000001,32664.528000000002,19034.649,67993.39600000001
2026-01-15,16877.884000000002,33526.33500000001,18997.371,69401.59000000001
2026-01-16,16999.706000000002,32942.401,19294.378,69236.485
2026-01-17,16511.166,28365.665,17647.583000000002,62524.414000000004
2026-01-18,14357.487000000001,21464.419,14978.397,50800.303
2026-01-19,14576.074,35650.635,21915.350000000002,72142.05900000001
2026-01-20,19162.131,37305.146,21714.357,78181.634
2026-01-21,19440.056,37797.816,22248.635000000002,79486.507
2026-01-22,20248.635000000002,38724.989,22448.614,81422.23800000001
2026-01-23,19704.544,37441.96,22579.682,79726.186
2026-01-24,19040.265,33892.673,21343.584000000003,74276.522
2026-01-25,17458.015,23252.568,16498.489,57209.072
2026-01-26,15530.487000000001,37568.014,22141.244,75239.74500000001
2026-01-27,19486.841,38183.951,21992.154000000002,79662.94600000001
2026-01-28,20121.233,37600.814,22231.209000000003,79953.25600000001
2026-01-29,19723.898,38352.273,22469.268,80545.439
2026-01-30,19919.805,36841.913,20849.204,77610.922
2026-01-31,17525.418,29730.146,18496.336000000003,65751.90000000001
