Fecha,AportesHidricos_GWh
2022-01-01,213.389
2022-01-02,216.1326
2022-01-03,202.5926
2022-01-04,192.1692
2022-01-05,183.0946
2022-01-06,209.8716
2022-01-07,243.4076
2022-01-08,187.1878
2022-01-09,180.3552
2022-01-10,171.5968
2022-01-11,169.8156
2022-01-12,166.6176
2022-01-13,182.1894
2022-01-14,269.117
2022-01-15,182.3406
2022-01-16,156.057
2022-01-17,169.1852
2022-01-18,156.756
2022-01-19,142.8888
2022-01-20,137.4688
2022-01-21,136.4038
2022-01-22,152.8664
2022-01-23,158.506
2022-01-24,141.62
2022-01-25,195.857
2022-01-26,164.2048
2022-01-27,157.384
2022-01-28,152.3264
2022-01-29,134.3046
2022-01-30,118.249
2022-01-31,127.7264
2022-02-01,130.9742
2022-02-02,126.8382
2022-02-03,117.9928
2022-02-04,131.6146
2022-02-05,160.4178
2022-02-06,194.4562
2022-02-07,199.0056
2022-02-08,240.2264
2022-02-09,245.7014
2022-02-10,190.5918
2022-02-11,173.1896
2022-02-12,170.7816
2022-02-13,170.6222
2022-02-14,192.2178
2022-02-15,170.925
2022-02-16,169.6698
2022-02-17,163.8718
2022-02-18,221.5774
2022-02-19,215.66
2022-02-20,242.6528
2022-02-21,279.981
2022-02-22,240.4432
2022-02-23,201.956
2022-02-24,190.433
2022-02-25,227.864
2022-02-26,255.3418
2022-02-27,276.4676
2022-02-28,405.6578
2022-03-01,397.3666
2022-03-02,383.178
2022-03-03,349.9314
2022-03-04,326.4022
2022-03-05,339.0878
2022-03-06,494.951
2022-03-07,423.9374
2022-03-08,327.5218
2022-03-09,270.36
2022-03-10,287.55
2022-03-11,240.5366
2022-03-12,320.8448
2022-03-13,273.2314
2022-03-14,309.7608
2022-03-15,311.7162
2022-03-16,274.766
2022-03-17,277.2716
2022-03-18,261.4304
2022-03-19,237.059
2022-03-20,291.0474
2022-03-21,259.3036
2022-03-22,290.84
2022-03-23,265.5682
2022-03-24,245.8014
2022-03-25,271.9064
2022-03-26,275.3478
2022-03-27,399.1068
2022-03-28,335.2938
2022-03-29,374.7482
2022-03-30,390.9486
2022-03-31,403.3606
2022-04-01,441.9766
2022-04-02,396.8552
2022-04-03,300.2102
2022-04-04,351.7526
2022-04-05,349.3332
2022-04-06,359.7066
2022-04-07,575.9482
2022-04-08,429.3774
2022-04-09,369.9906
2022-04-10,345.4004
2022-04-11,290.1274
2022-04-12,368.3784
2022-04-13,312.3572
2022-04-14,228.0322
2022-04-15,235.6394
2022-04-16,273.8028
2022-04-17,317.7398
2022-04-18,383.9156
2022-04-19,511.4224
2022-04-20,569.4704
2022-04-21,661.371
2022-04-22,699.4078
2022-04-23,651.4488
2022-04-24,512.0208
2022-04-25,663.4224
2022-04-26,445.1266
2022-04-27,564.8066
2022-04-28,500.9742
2022-04-29,569.419
2022-04-30,380.1616
2022-05-01,342.5662
2022-05-02,369.5126
2022-05-03,289.8404
2022-05-04,258.0666
2022-05-05,414.7244
2022-05-06,340.7752
2022-05-07,642.436
2022-05-08,506.5662
2022-05-09,435.2048
2022-05-10,392.1946
2022-05-11,490.562
2022-05-12,451.5668
2022-05-13,450.3434
2022-05-14,561.383
2022-05-15,421.62
2022-05-16,525.948
2022-05-17,502.2716
2022-05-18,587.7796
2022-05-19,666.3736
2022-05-20,606.0154
2022-05-21,505.2872
2022-05-22,409.096
2022-05-23,410.3924
2022-05-24,395.5164
2022-05-25,470.5752
2022-05-26,406.6028
2022-05-27,512.3594
2022-05-28,372.7386
2022-05-29,443.5826
2022-05-30,522.992
2022-05-31,455.8744
2022-06-01,451.0688
2022-06-02,476.8862
2022-06-03,442.0162
2022-06-04,492.8376
2022-06-05,525.5924
2022-06-06,530.5576
2022-06-07,701.8334
2022-06-08,580.8106
2022-06-09,538.3062
2022-06-10,529.5426
2022-06-11,750.218
2022-06-12,621.2922
2022-06-13,542.544
2022-06-14,598.8066
2022-06-15,651.175
2022-06-16,605.691
2022-06-17,453.9212
2022-06-18,470.3508
2022-06-19,560.8418
2022-06-20,472.6128
2022-06-21,417.1182
2022-06-22,422.2104
2022-06-23,492.5402
2022-06-24,459.6076
2022-06-25,552.7934
2022-06-26,766.0862
2022-06-27,584.3678
2022-06-28,737.2918
2022-06-29,672.7184
2022-06-30,613.2996
2022-07-01,543.9556
2022-07-02,639.0012
2022-07-03,527.4046
2022-07-04,771.1432
2022-07-05,605.9304
2022-07-06,551.3132
2022-07-07,472.9396
2022-07-08,644.6094
2022-07-09,488.307
2022-07-10,459.5534
2022-07-11,619.5064
2022-07-12,464.4658
2022-07-13,690.9264
2022-07-14,433.9794
2022-07-15,366.4142
2022-07-16,341.489
2022-07-17,393.5962
2022-07-18,449.1118
2022-07-19,311.0454
2022-07-20,438.4582
2022-07-21,397.691
2022-07-22,383.5968
2022-07-23,449.1956
2022-07-24,413.1498
2022-07-25,510.1658
2022-07-26,528.176
2022-07-27,503.1532
2022-07-28,846.2328
2022-07-29,657.286
2022-07-30,398.8662
2022-07-31,462.2728
2022-08-01,651.8178
2022-08-02,762.6366
2022-08-03,502.7664
2022-08-04,467.9122
2022-08-05,684.5458
2022-08-06,1049.0812
2022-08-07,513.9004
2022-08-08,406.9074
2022-08-09,473.038
2022-08-10,475.5546
2022-08-11,435.0312
2022-08-12,343.1984
2022-08-13,404.7354
2022-08-14,528.85
2022-08-15,576.335
2022-08-16,502.4164
2022-08-17,367.2294
2022-08-18,320.912
2022-08-19,293.2546
2022-08-20,413.6126
2022-08-21,360.796
2022-08-22,457.0566
2022-08-23,317.497
2022-08-24,265.3126
2022-08-25,252.8628
2022-08-26,265.9372
2022-08-27,271.3232
2022-08-28,366.8102
2022-08-29,483.5562
2022-08-30,279.3466
2022-08-31,372.852
2022-09-01,346.2998
2022-09-02,377.5208
2022-09-03,526.3834
2022-09-04,406.752
2022-09-05,311.0822
2022-09-06,347.8766
2022-09-07,360.077
2022-09-08,323.4786
2022-09-09,362.6528
2022-09-10,318.1612
2022-09-11,315.3986
2022-09-12,377.5116
2022-09-13,414.8726
2022-09-14,415.646
2022-09-15,317.7666
2022-09-16,658.2804
2022-09-17,378.9772
2022-09-18,462.732
2022-09-19,417.0554
2022-09-20,418.993
2022-09-21,408.103
2022-09-22,451.6768
2022-09-23,430.892
2022-09-24,506.4592
2022-09-25,492.3282
2022-09-26,389.4674
2022-09-27,342.386
2022-09-28,372.7982
2022-09-29,396.6966
2022-09-30,430.152
2022-10-01,505.3538
2022-10-02,372.5986
2022-10-03,297.7658
2022-10-04,321.4916
2022-10-05,334.8594
2022-10-06,381.1838
2022-10-07,423.4914
2022-10-08,544.9398
2022-10-09,451.1544
2022-10-10,404.258
2022-10-11,386.6586
2022-10-12,354.628
2022-10-13,391.8554
2022-10-14,375.582
2022-10-15,397.0682
2022-10-16,435.9134
2022-10-17,493.8528
2022-10-18,486.3022
2022-10-19,559.4108
2022-10-20,646.5158
2022-10-21,514.7334
2022-10-22,606.0368
2022-10-23,655.4318
2022-10-24,695.4546
2022-10-25,579.4898
2022-10-26,596.1658
2022-10-27,643.172
2022-10-28,856.8418
2022-10-29,795.8678
2022-10-30,534.4928
2022-10-31,456.6036
2022-11-01,454.9814
2022-11-02,546.6538
2022-11-03,521.3644
2022-11-04,473.7116
2022-11-05,468.9788
2022-11-06,498.5644
2022-11-07,473.2538
2022-11-08,618.851
2022-11-09,625.4102
2022-11-10,738.664
2022-11-11,618.829
2022-11-12,675.0418
2022-11-13,758.2518
2022-11-14,686.7284
2022-11-15,650.0562
2022-11-16,565.2172
2022-11-17,496.0854
2022-11-18,558.4122
2022-11-19,526.6486
2022-11-20,512.7418
2022-11-21,488.2926
2022-11-22,499.9692
2022-11-23,524.7088
2022-11-24,499.8722
2022-11-25,451.7936
2022-11-26,488.4176
2022-11-27,437.372
2022-11-28,561.242
2022-11-29,605.7284
2022-11-30,568.5384
2022-12-01,550.2004
2022-12-02,495.2832
2022-12-03,484.4308
2022-12-04,509.5662
2022-12-05,506.9236
2022-12-06,503.1512
2022-12-07,513.9906
2022-12-08,577.2902
2022-12-09,525.6728
2022-12-10,465.3636
2022-12-11,458.5804
2022-12-12,507.8668
2022-12-13,477.751
2022-12-14,440.9034
2022-12-15,388.9342
2022-12-16,334.2708
2022-12-17,335.1238
2022-12-18,328.1632
2022-12-19,324.1332
2022-12-20,315.3778
2022-12-21,294.5142
2022-12-22,289.6548
2022-12-23,267.2426
2022-12-24,329.5912
2022-12-25,283.836
2022-12-26,301.4462
2022-12-27,340.6306
2022-12-28,313.1376
2022-12-29,288.2626
2022-12-30,265.4986
2022-12-31,289.4698
2023-01-01,285.8048
2023-01-02,327.1082
2023-01-03,368.1792
2023-01-04,382.9154
2023-01-05,326.8956
2023-01-06,351.8818
2023-01-07,443.3072
2023-01-08,452.5542
2023-01-09,384.3042
2023-01-10,511.3984
2023-01-11,553.2416
2023-01-12,624.4338
2023-01-13,529.061
2023-01-14,513.141
2023-01-15,502.6682
2023-01-16,458.4428
2023-01-17,412.745
2023-01-18,457.8234
2023-01-19,432.623
2023-01-20,429.8926
2023-01-21,381.4096
2023-01-22,373.038
2023-01-23,333.7708
2023-01-24,339.8302
2023-01-25,292.2942
2023-01-26,276.8412
2023-01-27,258.0778
2023-01-28,244.5714
2023-01-29,226.0546
2023-01-30,229.3762
2023-01-31,226.2806
2023-02-01,217.585
2023-02-02,230.57
2023-02-03,206.758
2023-02-04,222.1952
2023-02-05,195.234
2023-02-06,193.0274
2023-02-07,211.9042
2023-02-08,196.7454
2023-02-09,206.1648
2023-02-10,205.2666
2023-02-11,238.6584
2023-02-12,221.9058
2023-02-13,269.5224
2023-02-14,235.1534
2023-02-15,332.6108
2023-02-16,276.0688
2023-02-17,270.969
2023-02-18,290.2874
2023-02-19,282.595
2023-02-20,300.3668
2023-02-21,283.874
2023-02-22,309.4954
2023-02-23,256.0138
2023-02-24,234.8118
2023-02-25,206.2018
2023-02-26,197.3776
2023-02-27,208.607
2023-02-28,256.3002
2023-03-01,240.6796
2023-03-02,234.3924
2023-03-03,224.0566
2023-03-04,329.7324
2023-03-05,458.5674
2023-03-06,451.5928
2023-03-07,351.6396
2023-03-08,435.3668
2023-03-09,600.7668
2023-03-10,459.6516
2023-03-11,838.2636
2023-03-12,788.2356
2023-03-13,858.441
2023-03-14,713.2458
2023-03-15,677.731
2023-03-16,686.4306
2023-03-17,632.627
2023-03-18,587.4352
2023-03-19,597.5188
2023-03-20,507.9308
2023-03-21,441.749
2023-03-22,421.1682
2023-03-23,444.9884
2023-03-24,469.9888
2023-03-25,528.0796
2023-03-26,502.1144
2023-03-27,453.6746
2023-03-28,469.8292
2023-03-29,464.029
2023-03-30,422.0734
2023-03-31,483.264
2023-04-01,436.9946
2023-04-02,565.8434
2023-04-03,456.7976
2023-04-04,398.1914
2023-04-05,555.4766
2023-04-06,422.1282
2023-04-07,473.6622
2023-04-08,487.465
2023-04-09,429.303
2023-04-10,385.8366
2023-04-11,393.4626
2023-04-12,408.4752
2023-04-13,370.2342
2023-04-14,347.2438
2023-04-15,335.5076
2023-04-16,448.0402
2023-04-17,613.663
2023-04-18,656.6244
2023-04-19,474.0334
2023-04-20,448.3882
2023-04-21,495.396
2023-04-22,540.1084
2023-04-23,510.0936
2023-04-24,527.6972
2023-04-25,503.7622
2023-04-26,594.109
2023-04-27,500.3378
2023-04-28,767.537
2023-04-29,634.1222
2023-04-30,633.1864
2023-05-01,460.689
2023-05-02,403.2164
2023-05-03,336.4192
2023-05-04,311.12
2023-05-05,287.6204
2023-05-06,293.4066
2023-05-07,279.452
2023-05-08,258.4162
2023-05-09,275.5724
2023-05-10,313.4174
2023-05-11,299.796
2023-05-12,295.048
2023-05-13,291.9048
2023-05-14,307.0772
2023-05-15,328.5944
2023-05-16,331.5706
2023-05-17,449.2258
2023-05-18,298.129
2023-05-19,320.1948
2023-05-20,382.73
2023-05-21,375.7094
2023-05-22,419.9012
2023-05-23,657.9238
2023-05-24,613.6858
2023-05-25,716.888
2023-05-26,838.9058
2023-05-27,626.5522
2023-05-28,789.3072
2023-05-29,719.4214
2023-05-30,775.8102
2023-05-31,559.1496
2023-06-01,834.0684
2023-06-02,626.4194
2023-06-03,457.5706
2023-06-04,407.6052
2023-06-05,655.4274
2023-06-06,613.652
2023-06-07,482.5304
2023-06-08,609.3766
2023-06-09,550.2194
2023-06-10,450.0456
2023-06-11,563.5642
2023-06-12,395.0784
2023-06-13,342.7418
2023-06-14,395.5984
2023-06-15,464.3956
2023-06-16,508.9316
2023-06-17,473.5626
2023-06-18,440.3424
2023-06-19,362.1998
2023-06-20,315.3708
2023-06-21,358.5772
2023-06-22,364.6708
2023-06-23,392.6892
2023-06-24,435.796
2023-06-25,503.9772
2023-06-26,602.5864
2023-06-27,405.7202
2023-06-28,369.4212
2023-06-29,374.0534
2023-06-30,371.2922
2023-07-01,343.965
2023-07-02,504.4284
2023-07-03,396.164
2023-07-04,440.4922
2023-07-05,377.1508
2023-07-06,458.8826
2023-07-07,571.392
2023-07-08,536.035
2023-07-09,436.1362
2023-07-10,523.2974
2023-07-11,416.6196
2023-07-12,397.0634
2023-07-13,349.6226
2023-07-14,633.9446
2023-07-15,495.7982
2023-07-16,586.8748
2023-07-17,833.4728
2023-07-18,694.383
2023-07-19,653.308
2023-07-20,477.4252
2023-07-21,571.6212
2023-07-22,499.7
2023-07-23,395.9824
2023-07-24,456.4274
2023-07-25,362.4082
2023-07-26,344.1202
2023-07-27,355.342
2023-07-28,336.332
2023-07-29,316.783
2023-07-30,381.9006
2023-07-31,365.3432
2023-08-01,454.9478
2023-08-02,425.118
2023-08-03,351.0062
2023-08-04,327.9226
2023-08-05,414.1662
2023-08-06,328.2108
2023-08-07,424.1008
2023-08-08,360.8266
2023-08-09,476.1224
2023-08-10,327.8196
2023-08-11,369.9006
2023-08-12,373.9504
2023-08-13,436.029
2023-08-14,317.9098
2023-08-15,427.7924
2023-08-16,347.379
2023-08-17,324.0466
2023-08-18,350.6
2023-08-19,280.2104
2023-08-20,375.953
2023-08-21,412.3846
2023-08-22,750.7736
2023-08-23,469.651
2023-08-24,343.8798
2023-08-25,371.058
2023-08-26,339.1168
2023-08-27,273.6336
2023-08-28,247.8504
2023-08-29,277.4196
2023-08-30,230.4672
2023-08-31,209.819
2023-09-01,201.4522
2023-09-02,218.3504
2023-09-03,227.9186
2023-09-04,295.0488
2023-09-05,232.5054
2023-09-06,205.8474
2023-09-07,204.5642
2023-09-08,187.0258
2023-09-09,199.3452
2023-09-10,288.969
2023-09-11,515.6704
2023-09-12,368.9834
2023-09-13,290.6128
2023-09-14,308.9534
2023-09-15,263.6042
2023-09-16,212.5702
2023-09-17,278.5206
2023-09-18,222.0498
2023-09-19,197.7718
2023-09-20,182.122
2023-09-21,184.6994
2023-09-22,178.436
2023-09-23,220.8442
2023-09-24,213.7692
2023-09-25,243.6422
2023-09-26,218.7892
2023-09-27,180.327
2023-09-28,195.8896
2023-09-29,189.2638
2023-09-30,191.1052
2023-10-01,267.291
2023-10-02,216.4562
2023-10-03,223.1214
2023-10-04,282.489
2023-10-05,276.6826
2023-10-06,291.1656
2023-10-07,335.1536
2023-10-08,385.5082
2023-10-09,264.7558
2023-10-10,302.6478
2023-10-11,304.7506
2023-10-12,247.72
2023-10-13,260.578
2023-10-14,273.9146
2023-10-15,245.2492
2023-10-16,242.4422
2023-10-17,234.654
2023-10-18,229.134
2023-10-19,220.9994
2023-10-20,215.2498
2023-10-21,215.3634
2023-10-22,219.974
2023-10-23,285.4486
2023-10-24,354.036
2023-10-25,303.5796
2023-10-26,397.0208
2023-10-27,427.0934
2023-10-28,384.6378
2023-10-29,401.2852
2023-10-30,448.9358
2023-10-31,511.1342
2023-11-01,555.1158
2023-11-02,616.1382
2023-11-03,641.756
2023-11-04,670.6106
2023-11-05,517.968
2023-11-06,509.0428
2023-11-07,509.568
2023-11-08,389.1684
2023-11-09,360.3604
2023-11-10,360.062
2023-11-11,346.9212
2023-11-12,400.1828
2023-11-13,315.4454
2023-11-14,342.6468
2023-11-15,472.4868
2023-11-16,338.436
2023-11-17,380.2224
2023-11-18,510.9212
2023-11-19,449.5296
2023-11-20,461.3246
2023-11-21,403.2396
2023-11-22,359.323
2023-11-23,314.8754
2023-11-24,323.7872
2023-11-25,391.1462
2023-11-26,305.4328
2023-11-27,274.996
2023-11-28,283.4676
2023-11-29,247.809
2023-11-30,246.9438
2023-12-01,217.079
2023-12-02,207.5676
2023-12-03,198.432
2023-12-04,188.8114
2023-12-05,185.7352
2023-12-06,200.1178
2023-12-07,198.919
2023-12-08,195.5998
2023-12-09,186.5108
2023-12-10,240.4968
2023-12-11,195.1734
2023-12-12,204.8396
2023-12-13,174.1744
2023-12-14,174.0152
2023-12-15,208.6082
2023-12-16,250.3732
2023-12-17,330.6706
2023-12-18,274.0814
2023-12-19,256.3604
2023-12-20,258.0228
2023-12-21,258.2992
2023-12-22,237.8398
2023-12-23,228.3752
2023-12-24,225.6712
2023-12-25,223.0292
2023-12-26,268.6366
2023-12-27,268.392
2023-12-28,340.9642
2023-12-29,319.2332
2023-12-30,286.56
2023-12-31,287.3816
2024-01-01,227.906
2024-01-02,214.883
2024-01-03,209.4194
2024-01-04,193.0248
2024-01-05,188.4468
2024-01-06,185.2782
2024-01-07,168.3654
2024-01-08,159.723
2024-01-09,154.7698
2024-01-10,160.5202
2024-01-11,159.0294
2024-01-12,169.0176
2024-01-13,163.3412
2024-01-14,150.4882
2024-01-15,145.6474
2024-01-16,142.8622
2024-01-17,139.0784
2024-01-18,130.594
2024-01-19,130.2006
2024-01-20,126.4694
2024-01-21,128.1342
2024-01-22,130.5804
2024-01-23,126.7418
2024-01-24,118.801
2024-01-25,114.6468
2024-01-26,115.5796
2024-01-27,123.6492
2024-01-28,116.705
2024-01-29,111.6494
2024-01-30,113.3026
2024-01-31,127.6772
2024-02-01,147.0296
2024-02-02,157.5744
2024-02-03,235.0196
2024-02-04,239.4436
2024-02-05,245.3388
2024-02-06,257.7414
2024-02-07,228.45
2024-02-08,192.661
2024-02-09,183.207
2024-02-10,192.6848
2024-02-11,165.2792
2024-02-12,154.7104
2024-02-13,136.4668
2024-02-14,151.223
2024-02-15,135.2744
2024-02-16,146.4716
2024-02-17,142.4604
2024-02-18,144.2146
2024-02-19,123.4144
2024-02-20,127.353
2024-02-21,130.4502
2024-02-22,140.4408
2024-02-23,135.3364
2024-02-24,118.7188
2024-02-25,126.2226
2024-02-26,127.4898
2024-02-27,125.3278
2024-02-28,120.5894
2024-02-29,120.8342
2024-03-01,123.4416
2024-03-02,126.0416
2024-03-03,129.4516
2024-03-04,146.2116
2024-03-05,140.8618
2024-03-06,134.2438
2024-03-07,121.8672
2024-03-08,138.474
2024-03-09,161.0452
2024-03-10,135.5352
2024-03-11,185.53
2024-03-12,166.8876
2024-03-13,127.5898
2024-03-14,176.2468
2024-03-15,132.6958
2024-03-16,120.1244
2024-03-17,133.795
2024-03-18,122.7356
2024-03-19,150.6856
2024-03-20,137.359
2024-03-21,154.979
2024-03-22,154.5134
2024-03-23,127.9204
2024-03-24,112.1112
2024-03-25,140.704
2024-03-26,155.7538
2024-03-27,145.387
2024-03-28,131.6196
2024-03-29,135.1132
2024-03-30,132.6862
2024-03-31,155.5598
2024-04-01,185.9802
2024-04-02,279.2246
2024-04-03,247.4586
2024-04-04,338.4998
2024-04-05,296.7118
2024-04-06,276.6734
2024-04-07,206.4046
2024-04-08,192.725
2024-04-09,183.5686
2024-04-10,156.8878
2024-04-11,141.2474
2024-04-12,137.0298
2024-04-13,130.2924
2024-04-14,125.5924
2024-04-15,131.0058
2024-04-16,127.3666
2024-04-17,135.5878
2024-04-18,168.6636
2024-04-19,246.5602
2024-04-20,281.4426
2024-04-21,347.7106
2024-04-22,429.234
2024-04-23,384.4206
2024-04-24,330.3164
2024-04-25,336.5566
2024-04-26,350.3942
2024-04-27,381.8514
2024-04-28,412.3754
2024-04-29,606.4124
2024-04-30,409.7446
2024-05-01,424.0188
2024-05-02,460.4734
2024-05-03,399.9352
2024-05-04,632.9272
2024-05-05,701.025
2024-05-06,515.043
2024-05-07,411.3922
2024-05-08,631.2812
2024-05-09,937.463
2024-05-10,789.582
2024-05-11,586.644
2024-05-12,577.9408
2024-05-13,670.1298
2024-05-14,522.58
2024-05-15,748.2426
2024-05-16,675.3274
2024-05-17,498.296
2024-05-18,489.9044
2024-05-19,444.8796
2024-05-20,414.9248
2024-05-21,434.7938
2024-05-22,412.734
2024-05-23,405.6296
2024-05-24,453.6396
2024-05-25,485.1056
2024-05-26,396.4974
2024-05-27,394.3324
2024-05-28,539.2084
2024-05-29,894.4206
2024-05-30,719.6792
2024-05-31,796.4166
2024-06-01,549.1258
2024-06-02,436.4294
2024-06-03,472.2612
2024-06-04,1143.309
2024-06-05,673.6142
2024-06-06,550.9676
2024-06-07,461.3994
2024-06-08,486.4546
2024-06-09,563.9194
2024-06-10,554.7916
2024-06-11,655.9674
2024-06-12,459.7866
2024-06-13,446.9204
2024-06-14,496.66
2024-06-15,828.1172
2024-06-16,1286.8084
2024-06-17,729.6126
2024-06-18,648.4172
2024-06-19,682.78
2024-06-20,729.0992
2024-06-21,615.8166
2024-06-22,527.78
2024-06-23,776.9624
2024-06-24,601.2342
2024-06-25,666.8714
2024-06-26,942.2578
2024-06-27,750.6818
2024-06-28,767.1374
2024-06-29,666.8008
2024-06-30,564.469
2024-07-01,558.4028
2024-07-02,583.2514
2024-07-03,673.3952
2024-07-04,680.9172
2024-07-05,911.3952
2024-07-06,740.9252
2024-07-07,589.8864
2024-07-08,510.973
2024-07-09,512.8594
2024-07-10,441.0884
2024-07-11,394.7024
2024-07-12,391.1924
2024-07-13,445.3848
2024-07-14,403.1014
2024-07-15,419.8688
2024-07-16,380.3312
2024-07-17,356.4456
2024-07-18,341.7356
2024-07-19,323.7938
2024-07-20,313.577
2024-07-21,479.2242
2024-07-22,447.1506
2024-07-23,409.8828
2024-07-24,343.9096
2024-07-25,361.6118
2024-07-26,325.7266
2024-07-27,389.0708
2024-07-28,572.5946
2024-07-29,356.0272
2024-07-30,418.397
2024-07-31,466.768
2024-08-01,360.244
2024-08-02,326.4836
2024-08-03,293.3294
2024-08-04,281.1536
2024-08-05,361.6348
2024-08-06,399.689
2024-08-07,376.4544
2024-08-08,279.6822
2024-08-09,346.396
2024-08-10,355.047
2024-08-11,384.1468
2024-08-12,331.7304
2024-08-13,436.0458
2024-08-14,327.0262
2024-08-15,254.5208
2024-08-16,300.8134
2024-08-17,275.0098
2024-08-18,216.5846
2024-08-19,226.5572
2024-08-20,214.0914
2024-08-21,203.7464
2024-08-22,229.662
2024-08-23,301.4778
2024-08-24,292.2072
2024-08-25,307.6518
2024-08-26,245.1964
2024-08-27,226.9506
2024-08-28,217.6134
2024-08-29,264.632
2024-08-30,211.105
2024-08-31,189.4992
2024-09-01,300.667
2024-09-02,285.5628
2024-09-03,259.3074
2024-09-04,256.3802
2024-09-05,448.463
2024-09-06,222.5812
2024-09-07,271.2882
2024-09-08,203.6322
2024-09-09,189.1992
2024-09-10,217.536
2024-09-11,181.4716
2024-09-12,189.1436
2024-09-13,256.8648
2024-09-14,196.4728
2024-09-15,189.4704
2024-09-16,188.4028
2024-09-17,297.1676
2024-09-18,187.5926
2024-09-19,176.7556
2024-09-20,182.0642
2024-09-21,216.5648
2024-09-22,254.4398
2024-09-23,337.4068
2024-09-24,199.6742
2024-09-25,218.6548
2024-09-26,252.289
2024-09-27,240.72
2024-09-28,251.7458
2024-09-29,392.7964
2024-09-30,338.8198
2024-10-01,303.3768
2024-10-02,299.6782
2024-10-03,289.8516
2024-10-04,256.4344
2024-10-05,301.2914
2024-10-06,280.8304
2024-10-07,310.1314
2024-10-08,385.993
2024-10-09,392.1226
2024-10-10,503.079
2024-10-11,343.1966
2024-10-12,284.4346
2024-10-13,345.8724
2024-10-14,239.794
2024-10-15,245.2936
2024-10-16,244.8624
2024-10-17,250.6912
2024-10-18,217.4164
2024-10-19,273.148
2024-10-20,298.164
2024-10-21,329.6178
2024-10-22,365.9266
2024-10-23,373.6304
2024-10-24,398.035
2024-10-25,316.0764
2024-10-26,265.4404
2024-10-27,361.579
2024-10-28,294.6582
2024-10-29,241.9618
2024-10-30,251.4508
2024-10-31,322.4672
2024-11-01,310.4606
2024-11-02,321.321
2024-11-03,286.5042
2024-11-04,359.9916
2024-11-05,360.1618
2024-11-06,343.9834
2024-11-07,376.4104
2024-11-08,462.7366
2024-11-09,538.1538
2024-11-10,743.8648
2024-11-11,684.6708
2024-11-12,584.0714
2024-11-13,586.6762
2024-11-14,687.4416
2024-11-15,569.7726
2024-11-16,558.3434
2024-11-17,500.5714
2024-11-18,483.2742
2024-11-19,536.4866
2024-11-20,502.634
2024-11-21,631.7352
2024-11-22,677.2064
2024-11-23,632.815
2024-11-24,603.7412
2024-11-25,455.8274
2024-11-26,441.2434
2024-11-27,468.5156
2024-11-28,414.3314
2024-11-29,379.906
2024-11-30,319.305
2024-12-01,297.2014
2024-12-02,305.1994
2024-12-03,290.8456
2024-12-04,267.9048
2024-12-05,274.9726
2024-12-06,281.509
2024-12-07,280.8592
2024-12-08,264.7634
2024-12-09,233.8094
2024-12-10,238.0136
2024-12-11,226.0066
2024-12-12,222.5722
2024-12-13,238.613
2024-12-14,243.634
2024-12-15,312.0064
2024-12-16,321.024
2024-12-17,248.9198
2024-12-18,237.7994
2024-12-19,247.0956
2024-12-20,225.9012
2024-12-21,281.57
2024-12-22,308.379
2024-12-23,394.176
2024-12-24,308.4186
2024-12-25,263.0216
2024-12-26,344.4534
2024-12-27,362.881
2024-12-28,364.029
2024-12-29,407.415
2024-12-30,471.9472
2024-12-31,453.3588
2025-01-01,386.2452
2025-01-02,352.3206
2025-01-03,431.3188
2025-01-04,463.3924
2025-01-05,546.0848
2025-01-06,426.4758
2025-01-07,349.4446
2025-01-08,339.0554
2025-01-09,320.552
2025-01-10,305.0996
2025-01-11,279.6928
2025-01-12,244.9364
2025-01-13,235.3812
2025-01-14,211.2554
2025-01-15,214.6962
2025-01-16,200.1796
2025-01-17,203.588
2025-01-18,191.351
2025-01-19,195.9136
2025-01-20,181.4052
2025-01-21,168.4786
2025-01-22,164.4896
2025-01-23,165.821
2025-01-24,160.8162
2025-01-25,161.295
2025-01-26,211.8382
2025-01-27,199.5908
2025-01-28,204.9642
2025-01-29,218.4678
2025-01-30,225.1134
2025-01-31,230.6268
2025-02-01,200.5838
2025-02-02,180.073
2025-02-03,189.1304
2025-02-04,210.3482
2025-02-05,262.6304
2025-02-06,209.984
2025-02-07,223.4554
2025-02-08,264.8092
2025-02-09,292.826
2025-02-10,246.8178
2025-02-11,273.2386
2025-02-12,277.4218
2025-02-13,281.4116
2025-02-14,379.2144
2025-02-15,367.6474
2025-02-16,428.2556
2025-02-17,507.6668
2025-02-18,519.6546
2025-02-19,425.2576
2025-02-20,409.2502
2025-02-21,391.7654
2025-02-22,470.9324
2025-02-23,431.1966
2025-02-24,373.4396
2025-02-25,432.4608
2025-02-26,372.289
2025-02-27,354.6424
2025-02-28,371.4196
2025-03-01,367.6512
2025-03-02,342.5814
2025-03-03,358.5972
2025-03-04,411.128
2025-03-05,419.3142
2025-03-06,453.1378
2025-03-07,465.9314
2025-03-08,408.6524
2025-03-09,337.8756
2025-03-10,327.3054
2025-03-11,334.3708
2025-03-12,424.8528
2025-03-13,403.957
2025-03-14,446.0862
2025-03-15,401.318
2025-03-16,427.1524
2025-03-17,574.5164
2025-03-18,620.6934
2025-03-19,460.5552
2025-03-20,438.2906
2025-03-21,488.031
2025-03-22,447.7596
2025-03-23,359.5246
2025-03-24,308.3182
2025-03-25,289.15
2025-03-26,279.1562
2025-03-27,328.7726
2025-03-28,359.599
2025-03-29,424.9068
2025-03-30,423.6706
2025-03-31,529.821
2025-04-01,551.7418
2025-04-02,539.4678
2025-04-03,513.38
2025-04-04,552.5316
2025-04-05,616.286
2025-04-06,576.2648
2025-04-07,596.4108
2025-04-08,700.2952
2025-04-09,600.9584
2025-04-10,892.9284
2025-04-11,1174.4856
2025-04-12,733.4488
2025-04-13,579.3522
2025-04-14,516.6828
2025-04-15,445.6026
2025-04-16,394.0346
2025-04-17,440.4776
2025-04-18,375.791
2025-04-19,457.3194
2025-04-20,704.9006
2025-04-21,536.6696
2025-04-22,516.0726
2025-04-23,546.631
2025-04-24,667.8052
2025-04-25,659.3538
2025-04-26,805.7742
2025-04-27,767.2386
2025-04-28,988.2594
2025-04-29,842.2432
2025-04-30,1073.607
2025-05-01,875.6436
2025-05-02,752.4944
2025-05-03,885.9198
2025-05-04,739.4638
2025-05-05,1054.2712
2025-05-06,1144.8948
2025-05-07,1117.7386
2025-05-08,866.4534
2025-05-09,875.4426
2025-05-10,699.7534
2025-05-11,681.2624
2025-05-12,631.7078
2025-05-13,633.1544
2025-05-14,630.5084
2025-05-15,752.0846
2025-05-16,676.4708
2025-05-17,1115.9924
2025-05-18,960.1514
2025-05-19,1030.0922
2025-05-20,1240.4822
2025-05-21,955.2288
2025-05-22,1016.3292
2025-05-23,761.0756
2025-05-24,753.8614
2025-05-25,605.7884
2025-05-26,589.0982
2025-05-27,680.0752
2025-05-28,571.7526
2025-05-29,500.9936
2025-05-30,649.7052
2025-05-31,634.4384
2025-06-01,618.377
2025-06-02,707.466
2025-06-03,615.8082
2025-06-04,710.3712
2025-06-05,675.3036
2025-06-06,1014.253
2025-06-07,796.1294
2025-06-08,568.289
2025-06-09,835.0988
2025-06-10,896.6878
2025-06-11,810.322
2025-06-12,697.3196
2025-06-13,950.9794
2025-06-14,965.5672
2025-06-15,854.696
2025-06-16,697.9996
2025-06-17,991.8974
2025-06-18,929.2518
2025-06-19,638.793
2025-06-20,687.5432
2025-06-21,566.5284
2025-06-22,609.8572
2025-06-23,830.1928
2025-06-24,1006.0996
2025-06-25,723.9914
2025-06-26,570.7942
2025-06-27,743.1782
2025-06-28,905.6092
2025-06-29,653.523
2025-06-30,705.709
2025-07-01,857.632
2025-07-02,780.1032
2025-07-03,936.9294
2025-07-04,710.6516
2025-07-05,701.3252
2025-07-06,552.7678
2025-07-07,490.1218
2025-07-08,461.2474
2025-07-09,465.4634
2025-07-10,511.816
2025-07-11,901.2756
2025-07-12,751.1546
2025-07-13,687.5404
2025-07-14,736.6938
2025-07-15,548.966
2025-07-16,492.3134
2025-07-17,446.3304
2025-07-18,616.9898
2025-07-19,751.1364
2025-07-20,540.0716
2025-07-21,610.4792
2025-07-22,521.8864
2025-07-23,539.2956
2025-07-24,486.1728
2025-07-25,478.9424
2025-07-26,491.9794
2025-07-27,512.9656
2025-07-28,554.9672
2025-07-29,610.9022
2025-07-30,583.3334
2025-07-31,400.2294
2025-08-01,424.699
2025-08-02,464.1188
2025-08-03,557.4296
2025-08-04,581.8776
2025-08-05,407.292
2025-08-06,332.2132
2025-08-07,398.2794
2025-08-08,501.1472
2025-08-09,595.0954
2025-08-10,479.3732
2025-08-11,513.834
2025-08-12,445.917
2025-08-13,401.3138
2025-08-14,344.7064
2025-08-15,406.9966
2025-08-16,488.053
2025-08-17,401.0296
2025-08-18,618.4562
2025-08-19,454.071
2025-08-20,349.0548
2025-08-21,476.658
2025-08-22,426.6644
2025-08-23,427.2906
2025-08-24,399.2254
2025-08-25,412.4728
2025-08-26,362.2176
2025-08-27,471.5386
2025-08-28,452.93182344
2025-08-29,350.06902163999996
2025-08-30,334.88860552
2025-08-31,374.13814724
2025-09-01,471.38425266
2025-09-02,506.98524312
2025-09-03,569.8523622
2025-09-04,587.6264009199999
2025-09-05,533.82821354
2025-09-06,475.27749624
2025-09-07,706.91870312
2025-09-08,547.7984463600001
2025-09-09,447.28465276
2025-09-10,338.59295144
2025-09-11,414.80613669999997
2025-09-12,315.31619736
2025-09-13,285.21463858
2025-09-14,343.98348548
2025-09-15,336.79563392
2025-09-16,289.68425704000003
2025-09-17,303.1590908
2025-09-18,410.10378524000004
2025-09-19,381.83676462
2025-09-20,419.93986548000004
2025-09-21,321.53820152
2025-09-22,284.89698576
2025-09-23,283.30855654000004
2025-09-24,282.69035074
2025-09-25,340.74238812
2025-09-26,294.35928954
2025-09-27,305.15533466000005
2025-09-28,362.27355292000004
2025-09-29,335.96493636
2025-09-30,428.28457344
2025-10-01,363.41685986
2025-10-02,398.48928689999997
2025-10-03,403.80322431999997
2025-10-04,326.74259242
2025-10-05,370.1473732
2025-10-06,401.71404601999996
2025-10-07,379.12296456
2025-10-08,463.62241882
2025-10-09,366.17039582
2025-10-10,489.24101110000004
2025-10-11,449.01206728
2025-10-12,634.44143602
2025-10-13,469.27447728
2025-10-14,435.09707660000004
2025-10-15,382.9239093
2025-10-16,499.15375366
2025-10-17,513.21491998
2025-10-18,556.9108214199999
2025-10-19,426.05427222000003
2025-10-20,452.74766389999996
2025-10-21,457.57731658
2025-10-22,484.20164696
2025-10-23,510.63625738
2025-10-24,548.82951284
2025-10-25,525.40468486
2025-10-26,555.71746774
2025-10-27,641.0434491999999
2025-10-28,496.52445214
2025-10-29,478.27081558
2025-10-30,442.83205382
2025-10-31,468.45282142
2025-11-01,393.48621562
2025-11-02,399.2208265
2025-11-03,439.5151744
2025-11-04,400.28968796
2025-11-05,394.99578438
2025-11-06,485.8929031
2025-11-07,369.01290142
2025-11-08,306.09072224
2025-11-09,373.93821782
2025-11-10,457.69687904
2025-11-11,366.27147756
2025-11-12,346.2527723
2025-11-13,429.01990245999997
2025-11-14,628.48912126
2025-11-15,512.20275866
2025-11-16,819.83695044
2025-11-17,804.6630884
2025-11-18,531.7896057
2025-11-19,523.803592
2025-11-20,516.82791362
2025-11-21,475.03574313999997
2025-11-22,411.85449448
2025-11-23,442.01691569999997
2025-11-24,439.82971562
2025-11-25,414.9159444
2025-11-26,381.25708242
2025-11-27,409.14520474
2025-11-28,480.3438461
2025-11-29,469.338059
2025-11-30,500.59908754
2025-12-01,581.92243514
2025-12-02,531.0328998
2025-12-03,470.55898407999996
2025-12-04,494.99900754000004
2025-12-05,556.0396645
2025-12-06,475.52142460000005
2025-12-07,491.27397608
2025-12-08,442.24996283999997
2025-12-09,400.67278816
2025-12-10,352.9499652
2025-12-11,334.24135101999997
2025-12-12,384.23284356
2025-12-13,328.93041958
2025-12-14,302.55354466
2025-12-15,331.55055648
2025-12-16,355.77749475999997
2025-12-17,347.1892121
2025-12-18,339.86575532
2025-12-19,328.50626944
2025-12-20,342.76958954
2025-12-21,297.91977492
2025-12-22,330.23059928
2025-12-23,288.55010269999997
2025-12-24,285.42645944
2025-12-25,333.5621629
2025-12-26,283.36714802
2025-12-27,291.4968483
2025-12-28,281.01034860000004
2025-12-29,256.72322674000003
2025-12-30,256.58604642
2025-12-31,264.97917466
2026-01-01,255.20556318
2026-01-02,274.8909985
2026-01-03,297.6309468
2026-01-04,296.88262704000005
2026-01-05,338.71435492
2026-01-06,422.08139769999997
2026-01-07,470.951263
2026-01-08,355.18352408
2026-01-09,357.02251366
2026-01-10,374.16346508
2026-01-11,450.46111912
2026-01-12,571.12984358
2026-01-13,579.40925114
2026-01-14,550.623915
2026-01-15,516.36635648
2026-01-16,481.07313752
2026-01-17,395.75448374
2026-01-18,340.4308763
2026-01-19,313.69206412
2026-01-20,304.98854201999995
2026-01-21,295.25997862
2026-01-22,312.66143344
2026-01-23,305.62419996
2026-01-24,300.15025522
2026-01-25,283.92211324
2026-01-26,353.06883138
2026-01-27,384.54927854000005
2026-01-28,416.542259
2026-01-29,447.69414575999997
2026-01-30,370.07405674
2026-01-31,479.52940498000004
