Fecha,AportesHidricos_GWh,AportesHidricos_GWh_MA7
2024-01-01,227.906,227.906
2024-01-02,214.883,221.3945
2024-01-03,209.4194,217.40279999999998
2024-01-04,193.0248,211.3083
2024-01-05,188.4468,206.73600000000002
2024-01-06,185.2782,203.15970000000002
2024-01-07,168.3654,198.1890857142857
2024-01-08,159.723,188.44865714285717
2024-01-09,154.7698,179.86105714285713
2024-01-10,160.5202,172.87545714285716
2024-01-11,159.0294,168.01897142857143
2024-01-12,169.0176,165.24337142857144
2024-01-13,163.3412,162.10951428571428
2024-01-14,150.4882,159.55562857142857
2024-01-15,145.6474,157.54482857142855
2024-01-16,142.8622,155.84374285714284
2024-01-17,139.0784,152.7806285714286
2024-01-18,130.594,148.71842857142857
2024-01-19,130.2006,143.17314285714286
2024-01-20,126.4694,137.90574285714285
2024-01-21,128.1342,134.71231428571429
2024-01-22,130.5804,132.5598857142857
2024-01-23,126.7418,130.25697142857143
2024-01-24,118.801,127.36019999999998
2024-01-25,114.6468,125.08202857142858
2024-01-26,115.5796,122.99331428571428
2024-01-27,123.6492,122.59042857142857
2024-01-28,116.705,120.95768571428572
2024-01-29,111.6494,118.25325714285714
2024-01-30,113.3026,116.33337142857143
2024-01-31,127.6772,117.60140000000001
2024-02-01,147.0296,122.22751428571428
2024-02-02,157.5744,128.22677142857142
2024-02-03,235.0196,144.13682857142857
2024-02-04,239.4436,161.6709142857143
2024-02-05,245.3388,180.7694
2024-02-06,257.7414,201.40351428571427
2024-02-07,228.45,215.79962857142854
2024-02-08,192.661,222.31839999999997
2024-02-09,183.207,225.98019999999997
2024-02-10,192.6848,219.93237142857146
2024-02-11,165.2792,209.33745714285715
2024-02-12,154.7104,196.39054285714286
2024-02-13,136.4668,179.0656
2024-02-14,151.223,168.03317142857145
2024-02-15,135.2744,159.83508571428573
2024-02-16,146.4716,154.58717142857145
2024-02-17,142.4604,147.41225714285716
2024-02-18,144.2146,144.4030285714286
2024-02-19,123.4144,139.93217142857142
2024-02-20,127.353,138.6302
2024-02-21,130.4502,135.66265714285714
2024-02-22,140.4408,136.4007142857143
2024-02-23,135.3364,134.80997142857143
2024-02-24,118.7188,131.41831428571427
2024-02-25,126.2226,128.84802857142856
2024-02-26,127.4898,129.43022857142856
2024-02-27,125.3278,129.14091428571427
2024-02-28,120.5894,127.73222857142856
2024-02-29,120.8342,124.93128571428572
2024-03-01,123.4416,123.23202857142857
2024-03-02,126.0416,124.27814285714285
2024-03-03,129.4516,124.73942857142856
2024-03-04,146.2116,127.41397142857143
2024-03-05,140.8618,129.63311428571427
2024-03-06,134.2438,131.58374285714285
2024-03-07,121.8672,131.7313142857143
2024-03-08,138.474,133.8788
2024-03-09,161.0452,138.8793142857143
2024-03-10,135.5352,139.7484
2024-03-11,185.53,145.36531428571428
2024-03-12,166.8876,149.08328571428572
2024-03-13,127.5898,148.1327142857143
2024-03-14,176.2468,155.9012285714286
2024-03-15,132.6958,155.07577142857141
2024-03-16,120.1244,149.22994285714285
2024-03-17,133.795,148.98134285714286
2024-03-18,122.7356,140.0107142857143
2024-03-19,150.6856,137.69614285714286
2024-03-20,137.359,139.09174285714286
2024-03-21,154.979,136.0534857142857
2024-03-22,154.5134,139.1702857142857
2024-03-23,127.9204,140.28400000000002
2024-03-24,112.1112,137.18631428571427
2024-03-25,140.704,139.75322857142856
2024-03-26,155.7538,140.47725714285713
2024-03-27,145.387,141.62411428571428
2024-03-28,131.6196,138.28705714285715
2024-03-29,135.1132,135.5156
2024-03-30,132.6862,136.19642857142858
2024-03-31,155.5598,142.40337142857143
2024-04-01,185.9802,148.8714
2024-04-02,279.2246,166.5100857142857
2024-04-03,247.4586,181.09174285714286
2024-04-04,338.4998,210.64605714285713
2024-04-05,296.7118,233.7315714285714
2024-04-06,276.6734,254.30117142857145
2024-04-07,206.4046,261.5647142857143
2024-04-08,192.725,262.5282571428571
2024-04-09,183.5686,248.8631142857143
2024-04-10,156.8878,235.92442857142856
2024-04-11,141.2474,207.74551428571428
2024-04-12,137.0298,184.93380000000002
2024-04-13,130.2924,164.02222857142854
2024-04-14,125.5924,152.47762857142857
2024-04-15,131.0058,143.6606
2024-04-16,127.3666,135.63174285714285
2024-04-17,135.5878,132.5888857142857
2024-04-18,168.6636,136.50548571428573
2024-04-19,246.5602,152.15268571428572
2024-04-20,281.4426,173.74557142857142
2024-04-21,347.7106,205.47674285714285
2024-04-22,429.234,248.0807714285714
2024-04-23,384.4206,284.8027714285714
2024-04-24,330.3164,312.62114285714284
2024-04-25,336.5566,336.60585714285713
2024-04-26,350.3942,351.43928571428575
2024-04-27,381.8514,365.7834
2024-04-28,412.3754,375.0212285714286
2024-04-29,606.4124,400.3324285714286
2024-04-30,409.7446,403.9501428571429
2024-05-01,424.0188,417.3362
2024-05-02,460.4734,435.03860000000003
2024-05-03,399.9352,442.11588571428575
2024-05-04,632.9272,477.9838571428572
2024-05-05,701.025,519.2195142857144
2024-05-06,515.043,506.1667428571428
2024-05-07,411.3922,506.4021142857143
2024-05-08,631.2812,536.0110285714286
2024-05-09,937.463,604.1524
2024-05-10,789.582,659.8162285714286
2024-05-11,586.644,653.2043428571429
2024-05-12,577.9408,635.6208857142857
2024-05-13,670.1298,657.7761428571429
2024-05-14,522.58,673.6601142857143
2024-05-15,748.2426,690.3688857142857
2024-05-16,675.3274,652.9209428571429
2024-05-17,498.296,611.3086571428572
2024-05-18,489.9044,597.4887142857143
2024-05-19,444.8796,578.4799714285714
2024-05-20,414.9248,542.0221142857143
2024-05-21,434.7938,529.4812285714286
2024-05-22,412.734,481.5514285714286
2024-05-23,405.6296,443.02317142857146
2024-05-24,453.6396,436.6436857142857
2024-05-25,485.1056,435.95814285714283
2024-05-26,396.4974,429.04640000000006
2024-05-27,394.3324,426.1046285714286
2024-05-28,539.2084,441.021
2024-05-29,894.4206,509.8333714285714
2024-05-30,719.6792,554.6976
2024-05-31,796.4166,603.6657428571428
2024-06-01,549.1258,612.8114857142857
2024-06-02,436.4294,618.5160571428571
2024-06-03,472.2612,629.6487428571428
2024-06-04,1143.309,715.9488285714286
2024-06-05,673.6142,684.4050571428571
2024-06-06,550.9676,660.3034
2024-06-07,461.3994,612.4438
2024-06-08,486.4546,603.4907714285715
2024-06-09,563.9194,621.7036285714286
2024-06-10,554.7916,633.4936857142857
2024-06-11,655.9674,563.8734571428571
2024-06-12,459.7866,533.3266571428571
2024-06-13,446.9204,518.4627714285715
2024-06-14,496.66,523.5
2024-06-15,828.1172,572.3089428571428
2024-06-16,1286.8084,675.5788
2024-06-17,729.6126,700.5532285714287
2024-06-18,648.4172,699.4746285714285
2024-06-19,682.78,731.3308285714286
2024-06-20,729.0992,771.6420857142857
2024-06-21,615.8166,788.664457142857
2024-06-22,527.78,745.7591428571429
2024-06-23,776.9624,672.924
2024-06-24,601.2342,654.5842285714286
2024-06-25,666.8714,657.220542857143
2024-06-26,942.2578,694.2888
2024-06-27,750.6818,697.3720285714286
2024-06-28,767.1374,718.9892857142858
2024-06-29,666.8008,738.8494000000001
2024-06-30,564.469,708.4932
2024-07-01,558.4028,702.3744285714286
2024-07-02,583.2514,690.4287142857144
2024-07-03,673.3952,652.0197714285714
2024-07-04,680.9172,642.0534
2024-07-05,911.3952,662.661657142857
2024-07-06,740.9252,673.2508571428572
2024-07-07,589.8864,676.8819142857143
2024-07-08,510.973,670.1062285714286
2024-07-09,512.8594,660.0502285714285
2024-07-10,441.0884,626.8635428571428
2024-07-11,394.7024,585.9757142857143
2024-07-12,391.1924,511.66102857142863
2024-07-13,445.3848,469.44097142857146
2024-07-14,403.1014,442.75739999999996
2024-07-15,419.8688,429.74251428571426
2024-07-16,380.3312,410.80991428571434
2024-07-17,356.4456,398.71808571428573
2024-07-18,341.7356,391.1514
2024-07-19,323.7938,381.5230285714286
2024-07-20,313.577,362.69334285714285
2024-07-21,479.2242,373.56802857142856
2024-07-22,447.1506,377.46542857142856
2024-07-23,409.8828,381.6870857142857
2024-07-24,343.9096,379.8962285714285
2024-07-25,361.6118,382.7356857142857
2024-07-26,325.7266,383.01179999999994
2024-07-27,389.0708,393.7966285714286
2024-07-28,572.5946,407.13525714285714
2024-07-29,356.0272,394.1176285714286
2024-07-30,418.397,395.3339428571429
2024-07-31,466.768,412.88514285714285
2024-08-01,360.244,412.68974285714285
2024-08-02,326.4836,412.79788571428577
2024-08-03,293.3294,399.1205428571428
2024-08-04,281.1536,357.4861142857143
2024-08-05,361.6348,358.28720000000004
2024-08-06,399.689,355.61462857142857
2024-08-07,376.4544,342.7126857142857
2024-08-08,279.6822,331.20385714285715
2024-08-09,346.396,334.0484857142857
2024-08-10,355.047,342.8652857142857
2024-08-11,384.1468,357.57859999999994
2024-08-12,331.7304,353.3065428571429
2024-08-13,436.0458,358.50037142857144
2024-08-14,327.0262,351.43919999999997
2024-08-15,254.5208,347.8447142857143
2024-08-16,300.8134,341.33291428571425
2024-08-17,275.0098,329.8990285714286
2024-08-18,216.5846,305.9615714285714
2024-08-19,226.5572,290.9368285714286
2024-08-20,214.0914,259.22905714285713
2024-08-21,203.7464,241.61765714285713
2024-08-22,229.662,238.0664
2024-08-23,301.4778,238.16131428571427
2024-08-24,292.2072,240.61808571428574
2024-08-25,307.6518,253.6276857142857
2024-08-26,245.1964,256.29042857142855
2024-08-27,226.9506,258.12745714285717
2024-08-28,217.6134,260.10845714285716
2024-08-29,264.632,265.1041714285714
2024-08-30,211.105,252.19377142857144
2024-08-31,189.4992,237.5212
2024-09-01,300.667,236.5233714285714
2024-09-02,285.5628,242.29000000000002
2024-09-03,259.3074,246.9124
2024-09-04,256.3802,252.4505142857143
2024-09-05,448.463,278.7120857142857
2024-09-06,222.5812,280.3515428571428
2024-09-07,271.2882,292.0356857142857
2024-09-08,203.6322,278.17357142857145
2024-09-09,189.1992,264.40734285714285
2024-09-10,217.536,258.44
2024-09-11,181.4716,247.73877142857143
2024-09-12,189.1436,210.69314285714285
2024-09-13,256.8648,215.5908
2024-09-14,196.4728,204.90288571428573
2024-09-15,189.4704,202.87977142857144
2024-09-16,188.4028,202.76600000000002
2024-09-17,297.1676,214.14194285714285
2024-09-18,187.5926,215.0163714285714
2024-09-19,176.7556,213.24665714285715
2024-09-20,182.0642,202.56085714285715
2024-09-21,216.5648,205.43114285714287
2024-09-22,254.4398,214.71248571428572
2024-09-23,337.4068,235.99877142857142
2024-09-24,199.6742,222.07114285714286
2024-09-25,218.6548,226.50859999999997
2024-09-26,252.289,237.29908571428572
2024-09-27,240.72,245.6784857142857
2024-09-28,251.7458,250.70434285714285
2024-09-29,392.7964,270.46957142857144
2024-09-30,338.8198,270.6714285714286
2024-10-01,303.3768,285.4860857142857
2024-10-02,299.6782,297.0608571428571
2024-10-03,289.8516,302.4269428571428
2024-10-04,256.4344,304.67185714285716
2024-10-05,301.2914,311.7498
2024-10-06,280.8304,295.7546571428571
2024-10-07,310.1314,291.6563142857143
2024-10-08,385.993,303.45862857142856
2024-10-09,392.1226,316.6649714285714
2024-10-10,503.079,347.12602857142855
2024-10-11,343.1966,359.5206285714285
2024-10-12,284.4346,357.1125142857142
2024-10-13,345.8724,366.4042285714286
2024-10-14,239.794,356.3560285714285
2024-10-15,245.2936,336.25611428571426
2024-10-16,244.8624,315.21894285714285
2024-10-17,250.6912,279.1635428571429
2024-10-18,217.4164,261.19494285714285
2024-10-19,273.148,259.58257142857144
2024-10-20,298.164,252.7670857142857
2024-10-21,329.6178,265.59905714285713
2024-10-22,365.9266,282.83234285714286
2024-10-23,373.6304,301.22777142857143
2024-10-24,398.035,322.2768857142857
2024-10-25,316.0764,336.3711714285714
2024-10-26,265.4404,335.27008571428576
2024-10-27,361.579,344.32937142857145
2024-10-28,294.6582,339.33514285714284
2024-10-29,241.9618,321.62588571428574
2024-10-30,251.4508,304.1716571428571
2024-10-31,322.4672,293.3762571428571
2024-11-01,310.4606,292.574
2024-11-02,321.321,300.5569428571429
2024-11-03,286.5042,289.8319714285714
2024-11-04,359.9916,299.1653142857143
2024-11-05,360.1618,316.05102857142856
2024-11-06,343.9834,329.2699714285714
2024-11-07,376.4104,336.97614285714286
2024-11-08,462.7366,358.72985714285716
2024-11-09,538.1538,389.7059714285715
2024-11-10,743.8648,455.0432
2024-11-11,684.6708,501.42594285714284
2024-11-12,584.0714,533.4130285714285
2024-11-13,586.6762,568.0834285714286
2024-11-14,687.4416,612.5164571428571
2024-11-15,569.7726,627.8073142857144
2024-11-16,558.3434,630.6915428571428
2024-11-17,500.5714,595.9353428571428
2024-11-18,483.2742,567.1644
2024-11-19,536.4866,560.3665714285714
2024-11-20,502.634,548.3605428571428
2024-11-21,631.7352,540.4024857142857
2024-11-22,677.2064,555.7501714285714
2024-11-23,632.815,566.3889714285715
2024-11-24,603.7412,581.1275142857143
2024-11-25,455.8274,577.206542857143
2024-11-26,441.2434,563.6003714285714
2024-11-27,468.5156,558.7263142857144
2024-11-28,414.3314,527.6686285714285
2024-11-29,379.906,485.19714285714286
2024-11-30,319.305,440.40999999999997
2024-12-01,297.2014,396.61859999999996
2024-12-02,305.1994,375.1003142857143
2024-12-03,290.8456,353.6149142857143
2024-12-04,267.9048,324.9562285714286
2024-12-05,274.9726,305.04782857142857
2024-12-06,281.509,290.99111428571433
2024-12-07,280.8592,285.49885714285716
2024-12-08,264.7634,280.86485714285715
2024-12-09,233.8094,270.6662857142857
2024-12-10,238.0136,263.1188571428571
2024-12-11,226.0066,257.1334
2024-12-12,222.5722,249.64762857142858
2024-12-13,238.613,243.51962857142854
2024-12-14,243.634,238.20174285714285
2024-12-15,312.0064,244.95074285714284
2024-12-16,321.024,257.4099714285714
2024-12-17,248.9198,258.968
2024-12-18,237.7994,260.6526857142857
2024-12-19,247.0956,264.1560285714286
2024-12-20,225.9012,262.3400571428571
2024-12-21,281.57,267.7594857142857
2024-12-22,308.379,267.2412857142857
2024-12-23,394.176,277.6915714285714
2024-12-24,308.4186,286.1914
2024-12-25,263.0216,289.79457142857143
2024-12-26,344.4534,303.7028285714286
2024-12-27,362.881,323.2713714285714
2024-12-28,364.029,335.05122857142857
2024-12-29,407.415,349.1992285714286
2024-12-30,471.9472,360.30940000000004
2024-12-31,453.3588,381.01514285714285
2025-01-01,386.2452,398.6185142857143
2025-01-02,352.3206,399.7424
2025-01-03,431.3188,409.5192285714285
2025-01-04,463.3924,423.714
2025-01-05,546.0848,443.52397142857143
2025-01-06,426.4758,437.0280571428571
2025-01-07,349.4446,422.18317142857137
2025-01-08,339.0554,415.4417714285714
2025-01-09,320.552,410.90340000000003
2025-01-10,305.0996,392.87208571428573
2025-01-11,279.6928,366.6292857142857
2025-01-12,244.9364,323.6080857142857
2025-01-13,235.3812,296.30885714285716
2025-01-14,211.2554,276.5675428571429
2025-01-15,214.6962,258.8019428571429
2025-01-16,200.1796,241.6058857142857
2025-01-17,203.588,227.10422857142856
2025-01-18,191.351,214.48397142857144
2025-01-19,195.9136,207.4807142857143
2025-01-20,181.4052,199.76985714285715
2025-01-21,168.4786,193.65888571428573
2025-01-22,164.4896,186.4865142857143
2025-01-23,165.821,181.57814285714286
2025-01-24,160.8162,175.46788571428573
2025-01-25,161.295,171.17417142857144
2025-01-26,211.8382,173.4491142857143
2025-01-27,199.5908,176.0470571428571
2025-01-28,204.9642,181.2592857142857
2025-01-29,218.4678,188.97045714285716
2025-01-30,225.1134,197.4408
2025-01-31,230.6268,207.41374285714286
2025-02-01,200.5838,213.02642857142857
2025-02-02,180.073,208.48854285714287
2025-02-03,189.1304,206.99420000000003
2025-02-04,210.3482,207.76334285714285
2025-02-05,262.6304,214.07228571428573
2025-02-06,209.984,211.91094285714286
2025-02-07,223.4554,210.88645714285715
2025-02-08,264.8092,220.0615142857143
2025-02-09,292.826,236.1690857142857
2025-02-10,246.8178,244.41014285714283
2025-02-11,273.2386,253.39448571428574
2025-02-12,277.4218,255.50754285714288
2025-02-13,281.4116,265.71148571428574
2025-02-14,379.2144,287.96277142857144
2025-02-15,367.6474,302.65394285714285
2025-02-16,428.2556,322.00102857142855
2025-02-17,507.6668,359.2651714285715
2025-02-18,519.6546,394.4674571428572
2025-02-19,425.2576,415.5868571428572
2025-02-20,409.2502,433.8495142857143
2025-02-21,391.7654,435.6425142857143
2025-02-22,470.9324,450.3975142857143
2025-02-23,431.1966,450.8176571428572
2025-02-24,373.4396,431.64234285714286
2025-02-25,432.4608,419.1860857142857
2025-02-26,372.289,411.61914285714283
2025-02-27,354.6424,403.81802857142856
2025-02-28,371.4196,400.91148571428573
2025-03-01,367.6512,386.1570285714286
2025-03-02,342.5814,373.4977142857143
2025-03-03,358.5972,371.3773714285714
2025-03-04,411.128,368.3298285714286
2025-03-05,419.3142,375.0477142857143
2025-03-06,453.1378,389.11848571428567
2025-03-07,465.9314,402.6201714285715
2025-03-08,408.6524,408.4774857142857
2025-03-09,337.8756,407.80522857142853
2025-03-10,327.3054,403.33497142857146
2025-03-11,334.3708,392.36965714285714
2025-03-12,424.8528,393.1608857142857
2025-03-13,403.957,386.13505714285714
2025-03-14,446.0862,383.3000285714285
2025-03-15,401.318,382.25225714285716
2025-03-16,427.1524,395.00608571428575
2025-03-17,574.5164,430.32194285714286
2025-03-18,620.6934,471.2251714285714
2025-03-19,460.5552,476.3255142857143
2025-03-20,438.2906,481.2303142857143
2025-03-21,488.031,487.22242857142857
2025-03-22,447.7596,493.8569428571428
2025-03-23,359.5246,484.19582857142854
2025-03-24,308.3182,446.16751428571433
2025-03-25,289.15,398.80417142857146
2025-03-26,279.1562,372.89002857142856
2025-03-27,328.7726,357.2446
2025-03-28,359.599,338.8971714285714
2025-03-29,424.9068,335.63248571428574
2025-03-30,423.6706,344.79620000000006
2025-03-31,529.821,376.4394571428571
2025-04-01,551.7418,413.9525714285714
2025-04-02,539.4678,451.1399428571428
2025-04-03,513.38,477.5124285714286
2025-04-04,552.5316,505.0742285714286
2025-04-05,616.286,532.4141142857143
2025-04-06,576.2648,554.2132857142857
2025-04-07,596.4108,563.7261142857143
2025-04-08,700.2952,584.9480285714286
2025-04-09,600.9584,593.7324
2025-04-10,892.9284,647.9535999999999
2025-04-11,1174.4856,736.8041714285713
2025-04-12,733.4488,753.5417142857142
2025-04-13,579.3522,753.9827714285714
2025-04-14,516.6828,742.5930571428572
2025-04-15,445.6026,706.2083999999999
2025-04-16,394.0346,676.6478571428571
2025-04-17,440.4776,612.0120285714286
2025-04-18,375.791,497.9128
2025-04-19,457.3194,458.4657428571428
2025-04-20,704.9006,476.4012285714286
2025-04-21,536.6696,479.2564857142857
2025-04-22,516.0726,489.3236285714285
2025-04-23,546.631,511.1231142857142
2025-04-24,667.8052,543.5984857142856
2025-04-25,659.3538,584.1074571428571
2025-04-26,805.7742,633.8867142857142
2025-04-27,767.2386,642.7921428571428
2025-04-28,988.2594,707.3049714285714
2025-04-29,842.2432,753.9007714285714
2025-04-30,1073.607,829.1830571428571
2025-05-01,875.6436,858.8742571428571
2025-05-02,752.4944,872.1800571428572
2025-05-03,885.9198,883.6294285714285
2025-05-04,739.4638,879.6616
2025-05-05,1054.2712,889.0918571428572
2025-05-06,1144.8948,932.3278
2025-05-07,1117.7386,938.6323142857143
2025-05-08,866.4534,937.3194285714286
2025-05-09,875.4426,954.8834571428571
2025-05-10,699.7534,928.2882571428571
2025-05-11,681.2624,919.9737714285715
2025-05-12,631.7078,859.6075714285715
2025-05-13,633.1544,786.5018
2025-05-14,630.5084,716.8974857142857
2025-05-15,752.0846,700.5590857142857
2025-05-16,676.4708,672.1345428571428
2025-05-17,1115.9924,731.5972571428572
2025-05-18,960.1514,771.4385428571429
2025-05-19,1030.0922,828.3506000000001
2025-05-20,1240.4822,915.1117142857144
2025-05-21,955.2288,961.5003428571429
2025-05-22,1016.3292,999.2495714285715
2025-05-23,761.0756,1011.3359714285715
2025-05-24,753.8614,959.6029714285713
2025-05-25,605.7884,908.9796857142857
2025-05-26,589.0982,845.9805428571428
2025-05-27,680.0752,765.9224
2025-05-28,571.7526,711.1400857142859
2025-05-29,500.9936,637.5207142857143
2025-05-30,649.7052,621.6106571428572
2025-05-31,634.4384,604.5502285714285
2025-06-01,618.377,606.3486
2025-06-02,707.466,623.2582857142858
2025-06-03,615.8082,614.0772857142857
2025-06-04,710.3712,633.8799428571429
2025-06-05,675.3036,658.7813714285714
2025-06-06,1014.253,710.8596285714285
2025-06-07,796.1294,733.958342857143
2025-06-08,568.289,726.8029142857143
2025-06-09,835.0988,745.0361714285715
2025-06-10,896.6878,785.1618285714285
2025-06-11,810.322,799.4405142857142
2025-06-12,697.3196,802.5856571428573
2025-06-13,950.9794,793.5465714285716
2025-06-14,965.5672,817.7519714285714
2025-06-15,854.696,858.6672571428571
2025-06-16,697.9996,839.0816571428571
2025-06-17,991.8974,852.6830285714285
2025-06-18,929.2518,869.673
2025-06-19,638.793,861.3120571428572
2025-06-20,687.5432,823.6783142857141
2025-06-21,566.5284,766.6727714285714
2025-06-22,609.8572,731.6958000000001
2025-06-23,830.1928,750.5805428571429
2025-06-24,1006.0996,752.6094285714287
2025-06-25,723.9914,723.2865142857144
2025-06-26,570.7942,713.5724000000001
2025-06-27,743.1782,721.5202571428572
2025-06-28,905.6092,769.9603714285714
2025-06-29,653.523,776.1983428571428
2025-06-30,705.709,758.4149428571428
2025-07-01,857.632,737.2052857142857
2025-07-02,780.1032,745.2212571428571
2025-07-03,936.9294,797.5262857142858
2025-07-04,710.6516,792.8796285714286
2025-07-05,701.3252,763.6962000000001
2025-07-06,552.7678,749.3026
2025-07-07,490.1218,718.5044285714285
2025-07-08,461.2474,661.8780571428571
2025-07-09,465.4634,616.9295142857143
2025-07-10,511.816,556.1990285714286
2025-07-11,901.2756,583.4310285714286
2025-07-12,751.1546,590.5495142857143
2025-07-13,687.5404,609.8027428571429
2025-07-14,736.6938,645.0273142857143
2025-07-15,548.966,657.5585428571429
2025-07-16,492.3134,661.3942571428572
2025-07-17,446.3304,652.0391714285714
2025-07-18,616.9898,611.4269142857144
2025-07-19,751.1364,611.4243142857142
2025-07-20,540.0716,590.3573428571428
2025-07-21,610.4792,572.3266857142856
2025-07-22,521.8864,568.4581714285714
2025-07-23,539.2956,575.1699142857143
2025-07-24,486.1728,580.8616857142857
2025-07-25,478.9424,561.1406285714286
2025-07-26,491.9794,524.1182
2025-07-27,512.9656,520.2459142857143
2025-07-28,554.9672,512.3156285714286
2025-07-29,610.9022,525.0321714285715
2025-07-30,583.3334,531.3232857142857
2025-07-31,400.2294,519.0456571428572
2025-08-01,424.699,511.29660000000007
2025-08-02,464.1188,507.3165142857143
2025-08-03,557.4296,513.6685142857143
2025-08-04,581.8776,517.5128571428571
2025-08-05,407.292,488.42568571428575
2025-08-06,332.2132,452.5513714285715
2025-08-07,398.2794,452.2728
2025-08-08,501.1472,463.19397142857144
2025-08-09,595.0954,481.9049142857143
2025-08-10,479.3732,470.754
2025-08-11,513.834,461.0334857142857
2025-08-12,445.917,466.55134285714286
2025-08-13,401.3138,476.42285714285714
2025-08-14,344.7064,468.7695714285714
2025-08-15,406.9966,455.31948571428575
2025-08-16,488.053,440.0277142857143
2025-08-17,401.0296,428.8357714285714
2025-08-18,618.4562,443.78180000000003
2025-08-19,454.071,444.94665714285713
2025-08-20,349.0548,437.48108571428565
2025-08-21,476.658,456.33131428571426
2025-08-22,426.6644,459.141
2025-08-23,427.2906,450.46065714285714
2025-08-24,399.2254,450.20291428571426
2025-08-25,412.4728,420.77671428571426
2025-08-26,362.2176,407.65479999999997
2025-08-27,471.5386,425.1524857142858
2025-08-28,452.93182344,421.76303191999995
2025-08-29,350.06902163999996,410.8208350114285
2025-08-30,334.88860552,397.6205500857142
2025-08-31,374.13814724,394.03665683428574
2025-09-01,471.38425266,402.45257864285713
2025-09-02,506.98524312,423.1336705171429
2025-09-03,569.8523622,437.1784936885714
2025-09-04,587.6264009199999,456.4205761857143
2025-09-05,533.82821354,482.6718893142857
2025-09-06,475.27749624,502.7274451314286
2025-09-07,706.91870312,550.2675245428571
2025-09-08,547.7984463600001,561.1838379285715
2025-09-09,447.28465276,552.6551821628572
2025-09-10,338.59295144,519.6181234828571
2025-09-11,414.80613669999997,494.9295143085714
2025-09-12,315.31619736,463.7135119971429
2025-09-13,285.21463858,436.5616751885714
2025-09-14,343.98348548,384.7137869542857
2025-09-15,336.79563392,354.5705280342857
2025-09-16,289.68425704000003,332.05618578857144
2025-09-17,303.1590908,326.99420569714283
2025-09-18,410.10378524000004,326.32244120285714
2025-09-19,381.83676462,335.82537938285714
2025-09-20,419.93986548000004,355.07184036857143
2025-09-21,321.53820152,351.8653712314286
2025-09-22,284.89698576,344.4512786371429
2025-09-23,283.30855654000004,343.54046428
2025-09-24,282.69035074,340.6163585571429
2025-09-25,340.74238812,330.70758754
2025-09-26,294.35928954,318.2108053857143
2025-09-27,305.15533466000005,301.8130152685714
2025-09-28,362.27355292000004,307.6323511828572
2025-09-29,335.96493636,314.92777269714287
2025-09-30,428.28457344,335.6386322542857
2025-10-01,363.41685986,347.1709907
2025-10-02,398.48928689999997,355.42054766857143
2025-10-03,403.80322431999997,371.0553954942857
2025-10-04,326.74259242,374.13928946
2025-10-05,370.1473732,375.26412092857146
2025-10-06,401.71404601999996,384.65685088
2025-10-07,379.12296456,377.63376389714284
2025-10-08,463.62241882,391.9488437485714
2025-10-09,366.17039582,387.33185930857144
2025-10-10,489.24101110000004,399.53725742
2025-10-11,449.01206728,417.00432525714285
2025-10-12,634.44143602,454.76061994571427
2025-10-13,469.27447728,464.4121101257143
2025-10-14,435.09707660000004,472.40841184571434
2025-10-15,382.9239093,460.88005334285714
2025-10-16,499.15375366,479.8776758914286
2025-10-17,513.21491998,483.30252001714285
2025-10-18,556.9108214199999,498.7166277514285
2025-10-19,426.05427222000003,468.94703292285715
2025-10-20,452.74766389999996,466.5860595828571
2025-10-21,457.57731658,469.79752243714285
2025-10-22,484.20164696,484.2657706742857
2025-10-23,510.63625738,485.9061283485714
2025-10-24,548.82951284,490.99392732857143
2025-10-25,525.40468486,486.4930506771429
2025-10-26,555.71746774,505.0163643228571
2025-10-27,641.0434491999999,531.9157622228571
2025-10-28,496.52445214,537.4796387314285
2025-10-29,478.27081558,536.6323771057142
2025-10-30,442.83205382,526.9460623114286
2025-10-31,468.45282142,515.4636778228571
2025-11-01,393.48621562,496.6181822171428
2025-11-02,399.2208265,474.2615191828571
2025-11-03,439.5151744,445.47176563999994
2025-11-04,400.28968796,431.7239421857143
2025-11-05,394.99578438,419.8275091571428
2025-11-06,485.8929031,425.9790590542857
2025-11-07,369.01290142,411.7733561971428
2025-11-08,306.09072224,399.28828571428573
2025-11-09,373.93821782,395.6764844742857
2025-11-10,457.69687904,398.27387085142857
2025-11-11,366.27147756,393.4141265085714
2025-11-12,346.2527723,386.45083906857144
2025-11-13,429.01990245999997,378.32612469142856
2025-11-14,628.48912126,415.3941560971429
2025-11-15,512.20275866,444.8387327285714
2025-11-16,819.83695044,508.53855167428577
2025-11-17,804.6630884,558.1051530114286
2025-11-18,531.7896057,581.7505998885714
2025-11-19,523.803592,607.1150027028572
2025-11-20,516.82791362,619.6590042971428
2025-11-21,475.03574313999997,597.7370931371428
2025-11-22,411.85449448,583.4016268257143
2025-11-23,442.01691569999997,529.4273361485714
2025-11-24,439.82971562,477.3082828942857
2025-11-25,414.9159444,460.61204556571425
2025-11-26,381.25708242,440.2482584828572
2025-11-27,409.14520474,424.8650143571428
2025-11-28,480.3438461,425.62331478
2025-11-29,469.338059,433.8352525685714
2025-11-30,500.59908754,442.20413426
2025-12-01,581.92243514,462.5030941914286
2025-12-02,531.0328998,479.09123067714285
2025-12-03,470.55898407999996,491.8486452
2025-12-04,494.99900754000004,504.11347417142855
2025-12-05,556.0396645,514.9271625142857
2025-12-06,475.52142460000005,515.8105004571429
2025-12-07,491.27397608000007,514.4783416771428
2025-12-08,442.24996283999997,494.52513134857145
2025-12-09,400.67278816,475.9022582571429
2025-12-10,352.9499652,459.1009698457143
2025-12-11,334.24135101999997,436.13559034285714
2025-12-12,384.23284356,411.59175878
2025-12-13,328.93041958,390.6501866342857
2025-12-14,302.55354466,363.69012500285714
2025-12-15,331.55055648,347.8759240942857
2025-12-16,355.77749475999997,341.46231075142856
2025-12-17,347.1892121,340.6393460228572
2025-12-18,339.86575532,341.4428323514286
2025-12-19,328.50626944,333.4818931914286
2025-12-20,342.76958954,335.4589174714286
2025-12-21,297.91977492,334.7969503657143
2025-12-22,330.23059928,334.60838505142857
2025-12-23,288.55010269999997,325.00447189999994
2025-12-24,285.42645944,316.18122151999995
2025-12-25,333.5621629,315.28070831714285
2025-12-26,283.36714802,308.83226240000005
2025-12-27,291.4968483,301.50758507999996
2025-12-28,281.01034860000004,299.0919527485714
2025-12-29,256.72322674000003,288.5908995285714
2025-12-30,256.58604642,284.0246057742857
2025-12-31,264.97917466,281.10356509142855
2026-01-01,255.20556318,269.90976513142857
2026-01-02,274.8909985,268.6988866285715
2026-01-03,297.6309468,269.5751864142857
2026-01-04,296.88262704000005,271.8426547628572
2026-01-05,338.71435492,283.5556730742857
2026-01-06,422.08139769999997,307.1978661142857
2026-01-07,470.951263,336.62245016285715
2026-01-08,355.18352408,350.90501600571434
2026-01-09,357.02251366,362.63808960000006
2026-01-10,374.16346508,373.57130649714287
2026-01-11,450.46111912,395.51109107999997
2026-01-12,571.12984358,428.71330374571426
2026-01-13,579.40925114,451.18871138
2026-01-14,550.623915,462.5705188085714
2026-01-15,516.36635648,485.5966377228571
2026-01-16,481.07313752,503.3181554171429
2026-01-17,395.75448374,506.4025866542857
2026-01-18,340.4308763,490.6839805371429
2026-01-19,313.69206412,453.9071549
2026-01-20,304.98854201999995,414.70419645428575
2026-01-21,295.25997862,378.22363411428574
2026-01-22,312.66143344,349.12293082285714
2026-01-23,305.62419996,324.0587968857143
2026-01-24,300.15025522,310.40104995428567
2026-01-25,283.92211324,302.3283695171429
2026-01-26,353.06883138,307.9536219828571
2026-01-27,384.54927854000005,319.3194414857143
2026-01-28,416.542259,336.64548154000005
2026-01-29,447.69414575999997,355.93586901428574
2026-01-30,370.07405674,365.1429914114286
2026-01-31,479.52940498000004,390.76858423428575
2026-02-01,585.05780912,433.78796936
2026-02-02,688.94754596,481.77064287142855
2026-02-03,547.89659702,505.1059740828572
2026-02-04,480.3682923,514.22397884
2026-02-05,410.20263325999997,508.8680484828572
2026-02-06,525.85660736,531.1226985714286
2026-02-07,456.250496,527.7971401457143
2026-02-08,422.42698408,504.56416514
2026-02-09,423.68282254,466.6692046514286
2026-02-10,372.33438852,441.5888891514286
2026-02-11,361.41858781999997,424.5960742257143
2026-02-12,350.72640698000004,416.09947047142856
2026-02-13,351.0295354,391.12417447714284
