Fecha,Precio_COP/kWh_0-7,Precio_COP/kWh_7-17,Precio_COP/kWh_17-23,Precio_COP/kWh_Dia
2024-01-01,224.3291,156.02493333333334,293.7980285714285,218.97680833333334
2024-01-02,345.03999999999996,418.97749999999996,444.49178571428564,401.7733333333333
2024-01-03,428.7116,454.04493333333335,507.99731428571425,461.3365999999999
2024-01-04,500.9616,576.2671555555555,594.2731714285713,556.4170583333333
2024-01-05,608.7136,618.1498222222222,644.1401714285714,622.5849333333333
2024-01-06,625.83735,608.7136,647.9960285714286,625.8788916666666
2024-01-07,628.1216,628.7960444444444,644.8901714285714,633.26535
2024-01-08,602.1136,622.4022666666666,693.4258857142858,636.3546
2024-01-09,670.7116,695.3782666666666,706.4258857142858,690.3782666666666
2024-01-10,638.8366,669.2671555555555,695.4258857142858,666.7532666666666
2024-01-11,678.7116,690.0449333333332,690.8544571428572,686.5032666666666
2024-01-12,634.1536,684.3782666666666,679.1401714285714,666.1089333333333
2024-01-13,624.7156,667.7116,671.2830285714286,654.4212666666666
2024-01-14,602.6424750000001,615.870488888889,636.5378857142858,617.4891416666667
2024-01-15,557.282675,642.2733555555556,658.7940857142858,618.761675
2024-01-16,601.4148250000001,607.4808666666667,621.4522,609.5338250000001
2024-01-17,561.7116,590.4893777777777,611.7116,587.0866
2024-01-18,543.7116,554.6004888888888,558.8544571428571,552.2116
2024-01-19,520.8366,548.900488888889,551.1973142857142,540.2157666666666
2024-01-20,519.3741,527.4227111111111,529.6544571428572,525.3907666666667
2024-01-21,493.3366,499.7115999999999,515.4116,502.1657666666667
2024-01-22,499.4756,499.99187777777774,503.42838571428564,500.82210000000003
2024-01-23,480.5621,498.52793333333335,500.4610285714285,493.10314166666666
2024-01-24,472.82899999999995,496.5513888888888,500.2267857142857,489.7159166666667
2024-01-25,471.5866,482.8473777777778,487.18774285714284,480.35972499999997
2024-01-26,431.8991,452.23243333333335,453.0592428571428,445.69580833333333
2024-01-27,449.7116,469.3906,488.63217142857144,468.4430583333333
2024-01-28,508.8226,514.7609333333334,568.8544571428571,528.5587666666667
2024-01-29,560.655975,616.4320444444444,621.1401714285714,599.213225
2024-01-30,608.875525,643.6007888888889,650.4261857142857,634.0164416666667
2024-01-31,613.7116,653.4522666666667,659.9178857142857,642.0911833333333
2024-02-01,690.4658,695.0908,696.0908,693.8408
2024-02-02,683.8408,695.0908,693.3765142857143,690.8408
2024-02-03,640.0818,677.8614666666666,691.3765142857143,669.2101333333334
2024-02-04,584.966,613.8278888888889,668.1912857142858,620.06325
2024-02-05,549.166075,656.2925333333334,674.0306285714286,625.757325
2024-02-06,419.99992499999996,624.3048555555555,620.4635857142857,555.0828416666667
2024-02-07,541.46655,580.0908,569.233657142857,564.0493833333333
2024-02-08,195.56332500000002,529.8670888888888,568.4084857142858,429.6737416666667
2024-02-09,504.566675,516.3819111111111,527.9942285714285,515.830425
2024-02-10,513.5938,526.9014666666667,564.5193714285714,533.4374666666666
2024-02-11,538.9487999999999,529.6792444444444,559.6622285714285,541.5141333333332
2024-02-12,538.8408,582.7913555555556,594.0100857142858,571.4132999999999
2024-02-13,574.5908,604.8685777777778,609.0908,596.0074666666666
2024-02-14,556.7158,634.5156888888889,653.4416571428571,614.1024666666666
2024-02-15,550.0908,616.9796888888889,615.0908,594.1324666666666
2024-02-16,530.0908,539.8685777777778,544.9479428571428,538.0908
2024-02-17,566.3408,555.0908,580.5193714285714,566.2574666666666
2024-02-18,536.3408,536.201911111111,579.1070857142856,548.7622166666666
2024-02-19,548.8408,580.5352444444444,595.0130857142857,574.1931333333333
2024-02-20,562.12155,589.0908,594.233657142857,581.6010499999999
2024-02-21,601.19055,601.1668,599.8865142857142,600.8013
2024-02-22,422.280925,544.4545222222223,566.3073,510.1037166666667
2024-02-23,531.88395,587.3154222222223,590.8074857142857,569.8567833333333
2024-02-24,556.3408,590.7574666666666,612.9479428571428,585.7574666666666
2024-02-25,553.8408,552.8685777777778,561.0908,555.5908
2024-02-26,531.39555,572.701911111111,590.3050857142856,564.0673833333333
2024-02-27,512.184225,544.4963777777778,553.0743142857143,536.2275583333334
2024-02-28,350.144875,544.8027777777778,559.0704285714286,484.07820833333335
2024-02-29,485.86105,498.4241333333334,504.3765142857143,495.97255
2024-03-01,457.828675,492.6473555555555,504.1026571428571,484.3822583333333
2024-03-02,489.7465,491.93399999999997,508.91914285714284,496.15883333333335
2024-03-03,473.607825,467.7884222222222,485.2332,474.81628333333333
2024-03-04,443.8641,530.8305444444445,575.9533857142858,515.0025583333334
2024-03-05,513.684,547.771111111111,599.1022857142856,551.3803333333333
2024-03-06,515.09875,549.4788888888888,578.934,546.6099166666667
2024-03-07,528.934,570.1376666666666,603.0371428571428,565.9987916666666
2024-03-08,528.6825,545.3228888888889,556.7911428571427,543.121
2024-03-09,545.697875,544.3228888888889,576.196,554.0775416666667
2024-03-10,545.71775,556.1606666666667,602.8942857142857,566.3103333333332
2024-03-11,531.732,559.471,597.0371428571428,561.1814583333334
2024-03-12,561.0465,592.139,610.7235714285714,587.1953333333333
2024-03-13,568.4215,571.1228888888888,607.634,580.8715
2024-03-14,508.309,567.0895555555555,583.1911428571428,552.1923333333333
2024-03-15,557.4715,562.3228888888889,592.5768571428571,569.5298333333333
2024-03-16,567.934,573.3228888888889,591.2197142857142,576.7465
2024-03-17,573.184,581.8228888888889,605.434,585.8298333333333
2024-03-18,350.6108,596.1472444444445,627.4170857142857,523.4221333333334
2024-03-19,589.309,632.6562222222223,649.8625714285714,623.2256666666666
2024-03-20,601.709,637.5673333333333,637.234,625.5173333333333
2024-03-21,649.9955,656.2391111111111,660.3087142857142,655.344875
2024-03-22,692.809,709.1143333333333,733.79,710.8762916666666
2024-03-23,690.064775,709.8398444444445,772.8585428571429,721.6286083333334
2024-03-24,651.4904,638.2006777777777,725.4024714285714,668.0644416666667
2024-03-25,714.434,737.1006666666667,828.4661428571428,756.193375
2024-03-26,822.8481,850.1397666666667,859.1873857142857,843.6814333333333
2024-03-27,940.934,931.7673333333332,1007.0054285714285,956.7673333333332
2024-03-28,918.539325,789.1650888888889,973.6527714285714,886.0987416666667
2024-03-29,827.8715,814.3228888888889,858.934,831.8506666666666
2024-03-30,723.536,782.536,910.678857142857,800.2443333333332
2024-03-31,721.0953,701.4363555555556,749.9975142857144,722.1530083333333
2024-04-01,788.7183,899.8146333333334,995.3427285714287,890.6448833333334
2024-04-02,1036.281725,1029.3632111111112,1037.6186714285716,1034.077225
2024-04-03,1227.57585,1263.9286555555557,1262.5159571428571,1251.3990166666667
2024-04-04,1114.6943999999999,1091.901011111111,1167.6356142857142,1121.5880666666667
2024-04-05,799.0329,1112.3662333333332,1141.6043285714284,1016.4495666666667
2024-04-06,502.9628,603.5739111111111,891.4186571428571,653.9915916666667
2024-04-07,599.9356,618.7064333333333,732.8731,645.7481
2024-04-08,803.67255,947.3798,999.5812285714285,914.7028
2024-04-09,920.95245,1020.1192555555556,1047.0134142857144,994.9077833333332
2024-04-10,930.950825,1031.974088888889,1061.9676285714283,1007.0477833333333
2024-04-11,1008.6231,1029.3731,1057.6588142857142,1030.7064333333335
2024-04-12,1014.8731,1040.4845444444445,1056.8025285714286,1036.7068083333334
2024-04-13,1002.1231,1014.7944333333334,1045.058242857143,1019.3975999999999
2024-04-14,1034.567725,1021.7944333333334,1058.4291,1036.7373083333334
2024-04-15,1058.4291,1063.7953222222222,1120.4245285714285,1078.5234333333333
2024-04-16,1052.5181,1090.266988888889,1154.2856714285715,1096.3561416666666
2024-04-17,1023.9981,1048.5697666666665,1054.5178142857144,1042.1140583333333
2024-04-18,1010.13635,1052.5091000000002,1052.0322428571428,1038.2457666666667
2024-04-19,979.956075,1014.9502000000001,1021.1094857142858,1005.0819500000001
2024-04-20,945.6551,978.3731000000001,1004.9445285714286,975.2171
2024-04-21,447.460725,527.0053222222223,875.2302428571429,602.0560583333333
2024-04-22,252.83785,652.4498777777777,685.6455285714286,528.9279333333333
2024-04-23,254.38485,499.7264333333334,545.4302428571428,431.27618333333334
2024-04-24,91.626475,182.5651,283.9445285714286,181.821225
2024-04-25,126.970225,210.18887777777778,327.81224285714285,216.75614166666665
2024-04-26,120.740475,199.5251,302.1165285714286,203.18605833333334
2024-04-27,98.76797499999999,180.58243333333334,166.55252857142858,149.21889166666665
2024-04-28,90.63235,93.93087777777777,102.0873857142857,95.21035
2024-04-29,97.39309999999999,121.42176666666666,169.72138571428573,127.49959999999999
2024-04-30,103.3132,135.60292222222222,182.26427142857142,138.44924166666667
2024-05-01,116.98037500000001,147.42072222222225,193.65307142857142,150.758375
2024-05-02,136.5215,222.24061111111112,347.12064285714285,230.09091666666666
2024-05-03,241.0725,292.3225,304.4653571428571,278.7808333333333
2024-05-04,317.2475,318.43361111111113,320.1796428571428,318.5475
2024-05-05,306.885,308.65583333333336,324.9653571428571,312.8225
2024-05-06,274.8225,317.93361111111113,327.6875,306.408125
2024-05-07,266.3225,299.3225,357.1796428571428,305.1975
2024-05-08,257.9475,308.95205555555555,325.32307142857144,296.72541666666666
2024-05-09,212.9475,271.2113888888889,296.32249999999993,259.1141666666667
2024-05-10,217.3225,246.43361111111113,276.3082142857143,245.4433333333333
2024-05-11,212.3225,218.35583333333332,241.30821428571429,223.03916666666666
2024-05-12,113.1885,118.13383333333334,189.17964285714285,137.20708333333332
2024-05-13,157.3225,178.21138888888888,236.10821428571427,188.135
2024-05-14,183.135,212.60027777777776,269.96535714285716,219.51
2024-05-15,175.8225,192.4336111111111,260.46535714285716,206.73916666666665
2024-05-16,178.7466,228.56487777777778,254.84852857142855,219.62485
2024-05-17,161.1166,247.57548888888888,422.0380285714286,269.64076666666665
2024-05-18,142.3225,305.92249999999996,370.54621428571426,270.23775
2024-05-19,150.00187499999998,172.2597222222222,296.60821428571427,201.10875
2024-05-20,195.548525,329.81662222222224,347.5944,290.24577500000004
2024-05-21,219.0745,278.2158888888889,329.40957142857144,273.43358333333333
2024-05-22,312.618375,384.9891666666667,388.89392857142855,362.00445833333333
2024-05-23,368.9475,372.5447222222222,401.60821428571427,379.8225
2024-05-24,361.6975,505.65583333333336,563.0367857142857,474.4058333333333
2024-05-25,375.1895,550.8839444444444,582.1536428571428,501.4394583333333
2024-05-26,256.513,306.7584444444444,585.263,371.2404583333334
2024-05-27,325.6975,437.8780555555556,568.0363571428571,438.44737499999997
2024-05-28,303.3225,414.5447222222222,553.4653571428571,417.9891666666667
2024-05-29,358.651125,427.7702777777778,611.1682142857143,458.22162499999996
2024-05-30,228.62924999999998,310.7998333333333,487.60821428571427,334.97875
2024-05-31,102.26060000000001,220.75865555555555,324.4116714285714,211.49143333333333
2024-06-01,168.9831,195.41060000000002,344.86774285714284,230.1931
2024-06-02,193.2405,195.75216666666665,332.4369285714286,234.78133333333335
2024-06-03,194.6155,220.53216666666665,351.00835714285716,249.94883333333334
2024-06-04,236.078025,318.75678888888893,363.5821857142857,304.271275
2024-06-05,273.4851,351.19332222222215,574.2715285714286,390.3550583333333
2024-06-06,332.9905,372.75438888888885,368.8655,358.36550000000005
2024-06-07,274.6155,354.1988333333333,423.4369285714286,347.86550000000005
2024-06-08,269.4905,375.42105555555554,472.7226428571429,368.49050000000005
2024-06-09,269.1853,268.3315222222222,397.0781571428571,306.16721666666666
2024-06-10,233.7405,270.30994444444445,405.5797857142857,297.5738333333333
2024-06-11,258.8655,313.92105555555554,337.7226428571429,302.5113333333333
2024-06-12,264.8655,361.42105555555554,367.8655,331.1155
2024-06-13,328.1155,368.5321666666666,383.29407142857144,359.36550000000005
2024-06-14,362.7405,370.8655,377.8655,370.19883333333337
2024-06-15,233.724875,299.30994444444445,341.5797857142857,289.7769583333333
2024-06-16,241.466,241.8655,368.1512142857143,278.5656666666667
2024-06-17,144.6697,282.0368111111111,370.74112857142853,262.11986666666667
2024-06-18,170.6227,240.54470000000003,299.7727,234.5122
2024-06-19,201.363,353.0877222222222,365.7226428571429,306.19800000000004
2024-06-20,222.1155,355.5321666666666,363.1512142857143,313.2821666666667
2024-06-21,148.32735,259.51604444444445,312.64302857142854,237.94851666666668
2024-06-22,205.6204,295.46828888888894,316.7811142857143,271.7352333333333
2024-06-23,180.61225,188.30538888888887,196.86550000000003,188.23770833333333
2024-06-24,165.986375,237.75438888888888,297.7226428571429,231.32245833333332
2024-06-25,208.8655,267.30994444444445,319.8655,263.1571666666667
2024-06-26,199.84562499999998,262.64327777777777,320.5797857142857,258.608875
2024-06-27,215.725525,300.6009555555555,327.9025428571428,280.27210833333334
2024-06-28,146.9419,227.95867777777778,299.89775714285713,221.93531666666664
2024-06-29,119.6155,163.64105555555554,319.4369285714286,194.40633333333335
2024-06-30,105.66562499999999,105.86938888888888,125.29407142857143,111.467
2024-07-01,105.64605,107.9158,168.21665714285714,124.74696666666667
2024-07-02,117.371,206.5771111111111,304.80614285714285,205.49187500000002
2024-07-03,146.6151,211.83732222222224,317.4693857142857,220.90593333333334
2024-07-04,145.4888,205.0738,279.2138,206.83630000000002
2024-07-05,106.0738,218.51824444444446,282.7880857142857,199.78213333333335
2024-07-06,109.177925,163.29763333333332,220.81858571428572,162.034675
2024-07-07,104.33680000000001,103.79846666666667,201.07379999999998,132.34988333333334
2024-07-08,102.19980000000001,175.40713333333335,308.49465714285714,189.82188333333332
2024-07-09,153.8238,211.18491111111112,381.8595142857143,241.84463333333335
2024-07-10,123.5738,204.7404666666667,307.3595142857143,207.61546666666666
2024-07-11,234.4488,356.0738,460.3595142857143,345.94879999999995
2024-07-12,246.6988,316.3944666666667,339.6398,299.9424666666667
2024-07-13,231.0738,281.61457777777775,296.06565714285716,268.98255
2024-07-14,227.9488,227.7404666666667,228.47394285714287,228.0238416666667
2024-07-15,231.0738,294.0738,330.5023714285714,283.6988
2024-07-16,251.0738,291.18491111111115,330.93094285714284,289.4071333333333
2024-07-17,252.2613,309.68491111111115,355.93094285714284,304.0321333333333
2024-07-18,294.37379999999996,301.2293555555555,315.8166571428571,303.1988
2024-07-19,296.0738,321.62935555555555,336.7880857142857,317.5321333333333
2024-07-20,274.82255,316.6282444444444,361.7880857142857,315.86463333333336
2024-07-21,286.2362,306.2412,374.52691428571427,319.4895333333333
2024-07-22,386.0738,398.5071333333333,417.5023714285714,399.9029666666667
2024-07-23,401.5738,476.6731333333334,481.2729428571429,452.9816333333333
2024-07-24,310.4653,380.7796888888889,422.65222857142857,369.55438333333336
2024-07-25,303.322925,398.74024444444444,436.78794285714287,378.0317166666666
2024-07-26,285.7159,355.99367777777775,401.0730428571428,345.7159
2024-07-27,316.0738,327.7404666666667,393.93094285714284,343.1571333333333
2024-07-28,236.80175000000003,235.1743888888889,381.2855,278.33258333333333
2024-07-29,311.0738,409.62935555555555,448.93094285714284,388.24046666666663
2024-07-30,399.6988,466.62935555555555,461.93094285714284,442.94879999999995
2024-07-31,396.362,410.112,444.96914285714286,415.69533333333334
2024-08-01,426.6191,479.50798888888886,458.9048142857143,455.86910000000006
2024-08-02,344.053425,474.5954111111111,594.341442857143,466.00734166666666
2024-08-03,439.6191,510.28576666666663,515.4762428571429,488.24410000000006
2024-08-04,446.4941,448.17465555555555,524.6191,469.9107666666667
2024-08-05,505.1191,553.3968777777777,583.4762428571429,546.0774333333334
2024-08-06,451.4206,511.11504444444444,586.9563142857143,513.3372666666667
2024-08-07,423.6191,445.6191,550.9048142857143,468.99410000000006
2024-08-08,531.9941,568.7302111111111,620.4762428571429,571.5774333333334
2024-08-09,455.312,649.1314444444445,638.7584285714286,581.4995
2024-08-10,525.6191,575.8413222222222,600.1191,566.1816
2024-08-11,397.98109999999997,406.2979888888888,577.4091,453.43309999999997
2024-08-12,588.1779,616.2766777777778,700.4457571428572,631.4597333333334
2024-08-13,601.3812,622.5338666666667,656.9883428571429,625.5322
2024-08-14,647.64555,687.8039111111111,756.6213714285715,694.4895500000001
2024-08-15,625.886325,643.5220888888889,703.7760571428571,655.217575
2024-08-16,604.8691,623.6066555555556,630.1585285714285,619.2717666666666
2024-08-17,552.6191,587.0079888888889,620.0476714285714,585.1816
2024-08-18,604.32735,600.8238777777777,663.7619571428571,620.3486416666666
2024-08-19,627.607225,649.2302111111111,695.2539571428571,655.4461416666667
2024-08-20,724.6191,788.7302111111111,836.3333857142858,781.2441
2024-08-21,707.6191,777.6191,814.7619571428571,765.1191
2024-08-22,767.6191,799.0635444444445,820.9048142857143,794.9524333333334
2024-08-23,707.6191,710.9524333333334,714.7619571428571,710.9524333333334
2024-08-24,622.8191,641.3341,701.3333857142858,652.662225
2024-08-25,596.6815,600.6815,632.9672142857144,608.7648333333333
2024-08-26,336.58365,553.7310666666667,625.9078285714286,502.40015
2024-08-27,496.11809999999997,604.8417111111111,667.4777428571427,586.8693499999999
2024-08-28,526.3964,554.3958444444445,693.9499714285714,585.7659833333333
2024-08-29,492.6191,534.2857666666666,614.4762428571429,543.7857666666667
2024-08-30,467.6191,519.2857666666666,567.4762428571429,516.1191
2024-08-31,553.2441,551.3997666666667,571.1905285714286,557.7868500000001
2024-09-01,557.0068,557.2290222222223,641.2999428571429,581.6756333333334
2024-09-02,623.0354,669.7117888888889,712.0699000000001,666.5074416666668
2024-09-03,623.1318,645.2570222222222,653.7570857142857,640.3611333333333
2024-09-04,638.2568,659.5619111111112,669.1493714285715,655.25655
2024-09-05,665.0068,677.5623555555555,695.6596571428572,678.6555500000001
2024-09-06,682.172,724.3942222222223,770.7434285714286,723.8386666666667
2024-09-07,698.1208,697.8732444444445,764.1496571428571,717.2863833333334
2024-09-08,674.6614,688.2447333333333,758.0542571428571,704.0780666666666
2024-09-09,651.6287,756.2120333333334,772.4501285714285,726.0870333333332
2024-09-10,755.8818,770.1685777777778,781.9128000000001,768.8317166666667
2024-09-11,772.4883,796.3068,805.4210857142856,791.0256333333333
2024-09-12,817.6068,827.2068,828.9496571428572,824.5151333333333
2024-09-13,798.8818,831.2845777777778,847.7925142857142,825.2984666666666
2024-09-14,863.3818,865.8956888888889,887.5782285714286,871.3818
2024-09-15,884.5068,860.5851333333334,899.5925142857143,879.9361749999999
2024-09-16,907.5068,915.3401333333334,917.3639428571429,913.3193
2024-09-17,919.5068,922.4956888888888,925.7067999999999,922.4359666666666
2024-09-18,921.5068,928.1321333333334,931.5576571428571,926.9227999999999
2024-09-19,921.0693,931.8961333333334,933.3785142857142,928.7195499999999
2024-09-20,932.894425,933.3762444444445,941.7212285714286,935.6495916666667
2024-09-21,933.8068,933.9394666666667,934.3210857142857,934.0065500000001
2024-09-22,932.1318,933.8623555555555,934.3352285714285,933.423425
2024-09-23,933.32205,934.4267999999998,934.4496571428572,934.0652166666667
2024-09-24,934.3043,934.4440222222222,934.4499428571429,934.399175
2024-09-25,923.766175,934.4612444444444,934.4915142857143,930.90505
2024-09-26,905.7568,930.2180222222222,933.9143714285714,923.1423833333333
2024-09-27,890.2568,919.3388,932.7743714285715,913.5635083333333
2024-09-28,903.623175,934.4735777777777,934.4868,924.1939666666667
2024-09-29,914.49865,928.608788888889,934.5520428571429,925.6388583333332
2024-09-30,7235.1638,7235.1638,7235.1638,7235.163799999999
2024-10-01,943.0835,1023.7481666666667,1297.1519285714287,1076.6027083333333
2024-10-02,943.3158,1123.6204666666667,1398.5566571428571,1143.7086333333334
2024-10-03,1197.9742999999999,1417.8301333333334,1997.3240857142857,1513.5639250000002
2024-10-04,1195.799925,1324.9880222222223,1638.3758,1373.3300916666667
2024-10-05,1092.1529249999999,1289.8746888888888,1791.1372285714285,1370.1690083333333
2024-10-06,1051.671425,970.2324666666666,1485.108657142857,1147.5510083333334
2024-10-07,1531.4158,1621.4324666666666,1643.178657142857,1597.76955
2024-10-08,1290.2658000000001,1449.176911111111,1540.422942857143,1422.8199666666667
2024-10-09,1401.9408,1537.8594666666668,1669.8175142857144,1531.0410083333334
2024-10-10,1045.0658,1312.454688888889,1426.2800857142859,1256.5241333333333
2024-10-11,912.552575,1111.426977777778,2083.8649142857143,1328.7632416666668
2024-10-12,737.1433,853.8118555555556,1510.7504428571428,1006.5294250000001
2024-10-13,1351.82805,806.1006888888888,1810.2985142857142,1280.9008416666668
2024-10-14,1162.494275,1429.3614,2452.6968285714283,1638.8785249999999
2024-10-15,1397.5658,1940.4800222222225,1874.0432285714285,1740.1312166666667
2024-10-16,1397.5658,1814.8933555555557,1863.3895142857143,1689.9288833333333
2024-10-17,1292.5658,1624.831577777778,2113.3026571428572,1656.5470500000001
2024-10-18,1847.5658,1880.8933555555554,1917.1372285714285,1880.3553000000002
2024-10-19,1632.08205,2492.9424666666664,2674.1308,2258.8355916666665
2024-10-20,1028.821425,1022.6819111111113,1118.9943714285714,1052.81955
2024-10-21,754.109,1333.647888888889,1761.372714285714,1265.2213333333332
2024-10-22,1159.75625,1862.8594999999998,1923.1402142857144,1646.073625
2024-10-23,1095.3602,1912.3519777777776,2077.4966285714286,1688.1885750000001
2024-10-24,1097.2845,1478.7811666666666,1881.1037857142858,1468.9597083333335
2024-10-25,1842.0908,2054.7404666666666,2121.5278,2003.3368833333334
2024-10-26,1231.9166750000002,1786.3260222222223,2122.3728,1699.53655
2024-10-27,778.538325,783.9067,1842.4766999999997,1090.8668249999998
2024-10-28,1751.3158,1813.454688888889,1932.6063714285715,1827.4943
2024-10-29,1719.8158,1753.8991333333333,1783.9943714285714,1751.3158
2024-10-30,1637.5658,1724.0102444444447,1743.9943714285714,1701.0241333333333
2024-10-31,2457.07555,2457.0758,2457.0758,2457.0757166666667
2024-11-01,2459.143,2459.143,2459.143,2459.143
2024-11-02,2436.82675,2459.143,2459.143,2451.7042500000002
2024-11-03,2459.143,2459.143,2459.143,2459.143
2024-11-04,2249.3205,2396.9663333333333,2459.143,2365.8859166666666
2024-11-05,1197.8422,1687.7473666666667,1877.799557142857,1579.8775333333333
2024-11-06,1163.052875,2302.301888888889,2118.8487142857143,1869.0450416666665
2024-11-07,1449.633,2006.2996666666668,2259.353,1894.551333333333
2024-11-08,999.633,1830.9046666666666,1805.5537142857142,1546.4200833333334
2024-11-09,710.0529,711.1640111111111,987.6977571428571,791.4493166666666
2024-11-10,671.5555,662.1963333333333,1204.566,823.5072083333333
2024-11-11,702.4677,702.4677,1071.8962714285715,810.2177
2024-11-12,571.837,1002.0955555555556,1428.9141428571427,983.1647916666667
2024-11-13,622.4386,709.7441,1240.0403857142858,835.3120166666666
2024-11-14,761.0366750000001,821.184688888889,1241.5688000000002,923.7473833333333
2024-11-15,357.97235,687.3211555555556,1017.0470285714285,673.7082666666666
2024-11-16,582.518775,658.8953444444445,859.1136142857142,691.8334833333333
2024-11-17,1021.284775,710.6114,1068.1339714285714,918.4466083333333
2024-11-18,609.87875,943.311111111111,1310.8734285714288,939.3726666666666
2024-11-19,683.273475,832.1677666666667,908.9068142857143,804.9185583333333
2024-11-20,752.999025,813.4112333333333,904.4603285714285,819.8298166666667
2024-11-21,352.29115,812.2358444444444,876.6312571428572,677.7029416666667
2024-11-22,691.77395,819.5505888888888,888.5895571428572,797.0947416666667
2024-11-23,511.751625,636.5584444444444,781.3997142857144,637.2015416666667
2024-11-24,102.44365,174.58345555555556,811.5869,336.329525
2024-11-25,351.0836,665.7593777777778,833.8708857142857,609.899975
2024-11-26,337.8728,718.0950222222223,777.7299428571429,608.7478
2024-11-27,669.88885,884.1273222222222,932.3649571428572,826.7838083333332
2024-11-28,751.2685,839.1978888888889,903.9187142857144,828.765
2024-11-29,450.7226,745.6609333333332,830.4876,672.0892666666666
2024-11-30,125.05269999999999,634.3304777777778,728.6955571428571,492.09436666666664
2024-12-01,575.469125,539.6268333333333,726.4160714285714,606.0544583333333
2024-12-02,638.5839,694.3616777777777,856.2986142857143,723.0006916666666
2024-12-03,723.4088,748.7869111111112,860.8378,773.00905
2024-12-04,756.26805,795.2351333333334,802.8373714285715,784.463425
2024-12-05,789.0598,807.5199111111111,816.8373714285715,804.0841333333334
2024-12-06,765.4088,794.9136888888889,809.6516571428572,789.3773000000001
2024-12-07,806.4088,809.0754666666667,827.1230857142857,813.4504666666667
2024-12-08,783.1676,785.3898222222222,836.7390285714285,799.6259333333334
2024-12-09,842.2368,849.9643555555556,869.9802285714286,853.2264666666666
2024-12-10,855.4088,873.297688888889,900.4088,875.2421333333333
2024-12-11,851.619675,903.8980222222223,934.4088,895.3708833333334
2024-12-12,894.969425,925.7869111111112,941.9802285714286,920.2374666666666
2024-12-13,941.1675,956.3202777777777,965.1139285714287,953.8341666666666
2024-12-14,995.9963,997.0088000000001,1063.2659428571428,1015.9963000000001
2024-12-15,935.18565,879.9537333333333,1185.2722571428571,987.4156083333334
2024-12-16,933.027375,1235.3807222222222,1269.4585,1144.535625
2024-12-17,903.711425,1118.271411111111,1264.4990142857143,1089.4011333333333
2024-12-18,839.1276,1067.6034333333332,1171.3048142857144,1021.6910583333333
2024-12-19,760.1268749999999,935.3981666666667,1140.8207857142856,936.8893333333334
2024-12-20,856.407875,1025.8427222222224,1255.574357142857,1036.3695
2024-12-21,916.0313,950.4855777777777,1151.0506571428573,997.4989666666667
2024-12-22,822.9282000000001,896.0621444444446,1002.2109857142858,902.6442416666667
2024-12-23,438.23185,949.9141555555556,1012.1968857142857,797.5191833333333
2024-12-24,663.791775,800.8482333333334,885.9421857142858,779.9818166666668
2024-12-25,421.363375,362.61022222222226,751.5659999999999,495.6400416666666
2024-12-26,297.728325,666.0288666666668,727.1089142857144,561.0770333333334
2024-12-27,131.2525,610.6109444444445,646.4846428571428,461.28795833333334
2024-12-28,489.79965,551.5789,564.5260428571429,534.7620666666667
2024-12-29,193.882775,315.67867777777775,539.2107571428571,340.2769
2024-12-30,205.9126,481.91259999999994,495.6268857142857,393.91259999999994
2024-12-31,123.5541,127.88743333333335,388.9112428571429,202.57493333333332
2025-01-01,191.69262500000002,153.30944444444447,421.7438571428571,244.39720833333334
2025-01-02,439.0156,459.86393333333336,572.4617428571428,485.75551666666667
2025-01-03,479.0237,510.13481111111105,553.3621285714286,512.3724083333333
2025-01-04,399.1933,415.55396666666667,476.1720142857143,427.78067500000003
2025-01-05,115.7317,144.39836666666667,352.3031285714286,195.48170000000002
2025-01-06,224.6829,353.85634444444446,476.5286142857143,346.5779416666667
2025-01-07,224.9968,384.3875777777778,496.34437142857143,363.91138333333333
2025-01-08,220.9146,246.96993333333336,283.9313142857143,249.06522500000003
2025-01-09,199.1316,232.16859999999997,282.0046,235.69176666666667
2025-01-10,201.0521,229.30309999999997,345.56795714285715,253.79668333333333
2025-01-11,257.9807,263.42514444444447,293.55212857142857,270.39736666666664
2025-01-12,288.1019,284.90745555555554,340.7804714285714,302.2685666666667
2025-01-13,343.9807,425.9807,448.2664142857143,405.14736666666664
2025-01-14,418.9807,454.53625555555556,535.4092714285714,466.27236666666664
2025-01-15,495.8557,531.2029222222222,721.8378428571428,575.0223666666667
2025-01-16,581.4807,606.7584777777778,696.1235571428571,624.3973666666666
2025-01-17,690.8618,699.6644666666666,742.7829428571429,709.3064666666668
2025-01-18,645.2307,661.7584777777778,797.5517,695.8555749999999
2025-01-19,606.5807,613.0473666666667,776.5521285714285,658.5807
2025-01-20,649.0447,688.8224777777779,787.7589857142857,704.4197
2025-01-21,665.783125,715.781611111111,800.8533571428571,723.9280416666667
2025-01-22,671.1287,742.0749222222222,756.8251285714285,722.728325
2025-01-23,728.5419499999999,734.7665888888889,772.4092714285714,743.670825
2025-01-24,670.4081,699.7414333333332,761.1028142857142,707.860725
2025-01-25,709.70445,718.7995888888888,809.8378428571428,742.3206999999999
2025-01-26,735.774325,713.5027,870.4092714285714,766.6909916666667
2025-01-27,623.058775,825.8648444444444,847.8795428571428,764.683775
2025-01-28,629.97535,798.3684333333334,872.5131,763.8629333333333
2025-01-29,671.4693,774.2486333333333,896.6370142857143,775.6854666666667
2025-01-30,581.5174000000001,706.4533444444445,827.4427571428571,700.0966083333334
2025-01-31,538.0651,613.4678777777777,836.1078142857142,653.2702666666667
2025-02-01,540.5416,633.7360444444445,763.3413142857142,640.4727666666666
2025-02-02,454.553875,428.4456666666667,727.1297142857144,524.2645833333333
2025-02-03,590.3444,702.8671777777777,877.4399714285713,716.2766499999999
2025-02-04,673.0739,704.3239,719.1810428571428,698.2405666666667
2025-02-05,705.5416,729.8471555555557,777.1487428571428,735.5416
2025-02-06,706.6674,755.4035111111111,824.2924,759.2507333333333
2025-02-07,648.4166,692.8471555555557,822.2915999999999,715.7916
2025-02-08,494.2916,505.40271111111116,620.0058857142857,535.1249333333334
2025-02-09,554.2916,550.4163777777778,788.5773142857142,621.171725
2025-02-10,476.03485,605.3658222222223,699.2864571428571,589.6490166666666
2025-02-11,232.342825,429.74792222222226,628.8046999999999,422.00444999999996
2025-02-12,495.0318,615.6429111111111,725.9603714285714,607.6151333333333
2025-02-13,434.550675,536.9804666666666,688.0280857142858,546.8927583333333
2025-02-14,432.7916,458.6249333333334,491.72017142857146,459.6666
2025-02-15,435.0416,440.7360444444445,445.64874285714285,440.2707666666667
2025-02-16,339.1666,291.1437111111111,395.50588571428574,337.5903083333333
2025-02-17,218.93014999999997,333.04089999999997,353.2866142857143,300.9089833333333
2025-02-18,178.449325,283.17681111111114,349.5222714285714,267.6184083333333
2025-02-19,153.1666,227.51382222222222,310.72017142857146,226.9999333333333
2025-02-20,208.0416,228.73604444444442,330.72017142857146,251.58326666666665
2025-02-21,139.6666,190.18048888888887,302.4344571428572,206.08326666666665
2025-02-22,169.9166,184.84715555555556,240.94160000000002,196.23118333333332
2025-02-23,176.7916,166.40226666666663,227.14874285714285,187.58309999999997
2025-02-24,176.4166,226.51382222222222,399.2916,260.20826666666665
2025-02-25,181.2916,198.32104444444442,554.0058857142857,296.385975
2025-02-26,178.0416,240.78193333333334,372.04374285714283,258.15318333333335
2025-02-27,167.2916,245.5693777777778,309.72017142857146,238.18743333333336
2025-02-28,159.2916,209.06937777777776,346.9723142857143,232.698475
2025-03-01,151.1058,162.16135555555556,173.0343714285714,161.64746666666665
2025-03-02,133.8558,136.38357777777776,176.46294285714285,147.2308
2025-03-03,164.9475,202.25305555555553,296.8403571428571,217.40583333333333
2025-03-04,188.9808,202.09724444444444,403.61608571428576,256.501425
2025-03-05,177.1433,216.6058,275.4629428571428,220.61829999999998
2025-03-06,137.3558,149.93913333333333,404.6058,220.02246666666667
2025-03-07,126.6058,150.84035555555556,294.49094285714284,184.66025833333333
2025-03-08,126.6058,131.95146666666668,304.9073714285714,180.61505
2025-03-09,126.6058,119.10002222222222,337.0502285714286,185.17075833333334
2025-03-10,169.138,207.80466666666666,394.3301428571428,249.31904166666666
2025-03-11,169.7308,195.49468888888887,515.8915142857143,280.3558
2025-03-12,177.2308,242.71691111111107,417.1772285714286,271.7724666666666
2025-03-13,185.5343,261.8120777777778,410.5343,279.76346666666666
2025-03-14,155.9808,219.93913333333333,349.4629428571429,236.39746666666665
2025-03-15,161.9591,213.95493333333332,338.10974285714286,232.8348083333333
2025-03-16,191.6058,193.05024444444444,340.1772285714286,235.48079999999996
2025-03-17,171.6058,254.52179999999998,341.6058,252.28263333333334
2025-03-18,138.3558,231.49468888888885,339.6058,231.98080000000002
2025-03-19,160.3558,244.8280222222222,361.06979999999993,250.57446666666667
2025-03-20,190.5715,281.8631666666667,362.3772142857143,274.91587499999997
2025-03-21,173.6058,199.49468888888887,315.8915142857143,224.8141333333333
2025-03-22,170.3558,177.7169111111111,275.4629428571428,203.77246666666665
2025-03-23,138.1058,131.27246666666667,210.6058,156.68913333333333
2025-03-24,146.6058,154.8278,277.7486571428571,187.93904999999998
2025-03-25,170.3558,252.05024444444442,423.9559428571429,274.957925
2025-03-26,156.6058,252.71691111111107,316.6058,239.3141333333333
2025-03-27,272.9808,284.40635555555554,360.4629428571429,302.7810083333333
2025-03-28,163.9808,247.27246666666665,399.6058,263.93913333333336
2025-03-29,151.9808,159.93913333333333,187.74865714285713,165.39746666666665
2025-03-30,130.1058,128.23602222222223,267.3115142857143,169.42296666666667
2025-03-31,138.9066,330.7079888888889,291.2401,255.26272500000002
2025-04-01,162.3849,183.82934444444444,367.3849,230.2182333333333
2025-04-02,151.759525,196.82923333333332,298.09918571428574,211.3430666666667
2025-04-03,131.13490000000002,201.82912222222222,338.81347142857146,218.21815
2025-04-04,107.883275,123.98512222222222,261.11661428571426,158.614525
2025-04-05,111.1449,111.6137888888889,123.17061428571428,114.82823333333334
2025-04-06,112.59740000000001,115.16267777777777,147.8134714285714,123.83073333333333
2025-04-07,111.7749,124.65156666666667,286.6706142857143,167.6149
2025-04-08,134.2724,211.05156666666664,355.24204285714285,227.51406666666665
2025-04-09,131.21545,161.93664444444443,390.3167714285714,218.30711666666664
2025-04-10,116.1349,164.60712222222222,173.85632857142855,151.14739999999998
2025-04-11,104.6229,107.87878888888889,124.06175714285713,111.513525
2025-04-12,104.6229,106.96078888888889,119.83575714285713,109.93669166666666
2025-04-13,104.6229,104.6229,112.81347142857143,107.01181666666668
2025-04-14,104.6229,109.85312222222223,116.09918571428571,109.93148333333333
2025-04-15,111.3849,113.71323333333333,145.52775714285715,122.21635833333333
2025-04-16,110.325275,112.6519,147.86818571428572,122.14777500000001
2025-04-17,110.478525,108.29834444444445,115.95632857142857,111.25865
2025-04-18,111.57365,109.13345555555556,115.24204285714286,111.728525
2025-04-19,110.10215,111.05378888888889,115.32804285714285,111.98323333333333
2025-04-20,113.94015,112.94267777777777,117.3849,114.57081666666666
2025-04-21,104.6229,108.55745555555556,117.57475714285715,109.87598333333334
2025-04-22,105.40565000000001,110.9699,228.18675714285715,143.3034
2025-04-23,148.407325,151.1480333333333,298.52898571428574,193.22057499999997
2025-04-24,110.980525,122.8587888888889,249.09918571428574,155.71948333333333
2025-04-25,108.53665000000001,111.05378888888889,117.21304285714284,112.01119166666666
2025-04-26,104.6229,106.01445555555556,110.13632857142856,106.75281666666666
2025-04-27,104.6229,104.6229,105.91547142857144,104.99990000000001
2025-04-28,104.6229,104.6229,109.75718571428571,106.1204
2025-04-29,104.6229,106.32245555555556,107.73904285714286,106.16910833333333
2025-04-30,104.6229,104.6229,106.20018571428571,105.08294166666667
2025-05-01,102.6361,102.63615555555556,103.38568571428571,102.85475000000001
2025-05-02,102.6361,103.02476666666666,105.17104285714287,103.52120833333333
2025-05-03,102.6362,102.6362,102.6362,102.63619999999999
2025-05-04,102.6362,102.63618888888888,102.6362,102.63619583333333
2025-05-05,102.63612499999999,103.05273333333334,105.89962857142858,103.74420833333333
2025-05-06,102.63615,105.36874444444445,252.29232857142856,147.31059166666668
2025-05-07,102.6362,103.90802222222221,106.43517142857142,104.22116666666666
2025-05-08,102.6362,103.48037777777778,105.88534285714286,103.90043333333334
2025-05-09,102.6362,103.06384444444444,106.43517142857142,103.9046
2025-05-10,102.6361875,102.63617777777777,104.9498,103.31098750000001
2025-05-11,102.6361,102.63611111111112,103.70728571428572,102.94853333333333
2025-05-12,102.65935,104.45886666666667,271.0157857142857,152.43812916666667
2025-05-13,126.0624,128.28462222222223,366.7338285714286,197.0915666666667
2025-05-14,103.9343,107.4765,265.6148142857143,152.41944166666667
2025-05-15,106.56,111.76277777777779,114.48501428571429,110.82250416666666
2025-05-16,102.6362,106.4738888888889,106.92790000000001,105.32707916666668
2025-05-17,106.385,106.385,108.74900000000001,107.0745
2025-05-18,102.6361,102.63611111111112,104.77837142857143,103.26093333333334
2025-05-19,102.6362,105.1354,161.52757142857143,120.75005
2025-05-20,102.63615,104.33024444444445,305.3718857142857,162.40269166666667
2025-05-21,102.6514,104.01214444444444,317.10145714285716,165.70961250000002
2025-05-22,102.7252,107.04,262.42501428571427,150.9223625
2025-05-23,102.6362,104.10802222222223,311.08617142857145,163.98604166666667
2025-05-24,102.6362,105.11873333333334,106.66357142857143,104.7418
2025-05-25,102.6361,102.63614444444445,106.04928571428572,103.63162916666666
2025-05-26,102.63615,105.24651111111112,106.27802857142858,104.67725
2025-05-27,102.9735,105.94055555555556,156.18131428571428,119.60509166666667
2025-05-28,102.6362,105.32971111111111,156.20688571428573,119.27105
2025-05-29,102.6955,105.28054444444444,262.6626857142857,150.3219875
2025-05-30,102.9734875,105.70188888888889,107.18028571428572,105.22362083333333
2025-05-31,102.6361375,105.33,106.02071428571428,104.63350416666667
2025-06-01,101.2047,101.2047,105.34112857142858,102.41115833333333
2025-06-02,101.2047,104.33247777777778,106.62612857142858,103.95886666666667
2025-06-03,101.2047,103.68247777777778,106.51841428571429,103.6837
2025-06-04,101.2047,103.60470000000001,106.5047,103.65053333333333
2025-06-05,101.2672,106.64114444444445,106.66541428571429,104.85690833333332
2025-06-06,101.2047,102.52692222222223,104.93327142857143,102.78803333333333
2025-06-07,101.2047,101.20492222222222,104.23341428571429,102.08815833333334
2025-06-08,101.2047,101.2047,104.11927142857142,102.05478333333333
2025-06-09,101.2047,103.99792222222223,127.14041428571429,109.81674166666666
2025-06-10,101.2047,101.20492222222222,101.44784285714286,101.27569999999999
2025-06-11,101.2047,101.2047,101.37612857142857,101.2547
2025-06-12,101.2047,102.87136666666667,103.39041428571429,102.4672
2025-06-13,101.2047,101.2047,101.6047,101.32136666666668
2025-06-14,101.2047,101.23803333333333,110.35441428571428,103.88586666666667
2025-06-15,101.2047,101.2047,101.2047,101.2047
2025-06-16,101.2047,101.2047,104.72441428571429,102.23128333333334
2025-06-17,101.2047,101.2047,101.2047,101.2047
2025-06-18,101.2047,101.2047,102.9619857142857,101.71724166666667
2025-06-19,101.2047,101.2047,102.14755714285715,101.4797
2025-06-20,101.2047,101.20481111111111,103.86184285714286,101.97974166666667
2025-06-21,101.2047,101.2047,101.29041428571429,101.2297
2025-06-22,101.2047,101.2047,101.2047,101.2047
2025-06-23,101.2047,101.2047,102.71898571428572,101.64636666666667
2025-06-24,119.6012,119.71231111111112,161.53477142857145,131.87349166666667
2025-06-25,101.7729,103.38267777777779,257.7133285714286,147.85919166666667
2025-06-26,101.4233,103.77063333333334,258.42387142857143,148.09538333333333
2025-06-27,101.2047,103.4847,157.40784285714287,118.45228333333334
2025-06-28,101.2047,101.2047,104.04955714285714,102.03444999999999
2025-06-29,101.2047,101.2047,101.4047,101.26303333333334
2025-06-30,101.2047,101.2047,104.25298571428571,102.09378333333335
2025-07-01,101.1866,101.52615555555556,105.84145714285715,102.6716
2025-07-02,101.1866,103.85593333333333,167.73260000000002,121.59685
2025-07-03,138.2551,140.7173222222222,224.2181,164.250975
2025-07-04,101.26885,107.8246,118.0108857142857,108.61035
2025-07-05,101.186725,101.96137777777778,112.3483142857143,104.73268333333334
2025-07-06,101.1866,101.1866,101.18774285714287,101.18693333333333
2025-07-07,101.186725,113.94904444444445,175.72574285714285,127.71314166666667
2025-07-08,101.1866,112.43059999999998,236.4863142857143,144.86551666666665
2025-07-09,112.632775,151.93934444444443,300.8629,182.27319166666666
2025-07-10,118.95434999999999,176.49237777777776,194.4288857142857,162.54451666666665
2025-07-11,105.6571,128.58659999999998,184.7146,137.3141
2025-07-12,108.6866,112.23960000000001,136.57174285714285,118.15214166666665
2025-07-13,104.91935000000001,104.75104444444445,124.70545714285713,110.62718333333333
2025-07-14,101.18684999999999,107.1336,108.60874285714286,105.5816
2025-07-15,101.1871,109.55637777777777,172.99917142857143,125.27076666666666
2025-07-16,104.8386,113.9507111111111,164.1386,125.551475
2025-07-17,101.1866,107.31137777777778,147.7058857142857,117.05151666666667
2025-07-18,102.092,106.09988888888888,222.3235714285714,138.6625
2025-07-19,101.1866,105.92793333333333,115.41002857142858,107.11309999999999
2025-07-20,103.0721,102.96593333333334,114.35745714285714,106.32385
2025-07-21,104.9079,111.20734444444446,170.09375714285716,126.28273333333334
2025-07-22,110.30834999999999,119.27015555555555,255.55045714285714,156.03130833333333
2025-07-23,109.192725,125.38126666666666,250.6696,156.52751666666666
2025-07-24,106.41659999999999,128.04015555555554,265.55045714285717,160.939475
2025-07-25,106.57585,112.24404444444446,154.4288857142857,122.65855833333335
2025-07-26,104.4556,107.78515555555555,118.04474285714286,109.66768333333333
2025-07-27,103.69085,102.35337777777778,114.01931428571429,106.20176666666667
2025-07-28,103.84105,109.49791111111112,230.7045142857143,142.96421666666666
2025-07-29,101.8126,124.39593333333333,161.85459999999998,127.79360000000001
2025-07-30,101.1866,114.59482222222222,326.8120285714286,172.0221
2025-07-31,101.1866,122.1434888888889,338.1721714285714,178.16622500000003
2025-08-01,98.64145,109.58364444444445,345.4243428571429,174.72311666666667
2025-08-02,101.350575,115.09364444444444,170.17534285714285,126.57811666666667
2025-08-03,99.01095000000001,98.70653333333333,130.3182,108.028075
2025-08-04,97.8872,104.32975555555555,283.2759142857143,154.37486666666666
2025-08-05,105.36165,167.22106666666664,377.8601142857143,208.03764999999999
2025-08-06,98.7127,128.91142222222223,351.7494857142857,183.83961666666667
2025-08-07,101.68457500000001,102.72142222222222,255.71962857142856,147.00028333333333
2025-08-08,98.870475,131.3989888888889,278.6821,163.513725
2025-08-09,99.6422,103.27142222222223,130.50605714285714,110.00511666666667
2025-08-10,102.81545,102.66197777777778,145.46605714285712,115.19765833333334
2025-08-11,103.5682,122.06142222222222,306.31877142857144,169.63874166666668
2025-08-12,115.87372500000001,154.05787777777778,373.2735285714286,205.267725
2025-08-13,121.571825,194.9068111111111,387.32955714285714,226.58511666666666
2025-08-14,170.5682,211.3182,630.8247714285715,320.09094999999996
2025-08-15,180.5682,210.09597777777776,286.60391428571427,222.56820000000002
2025-08-16,176.3182,192.3182,268.88962857142855,209.31820000000002
2025-08-17,226.5682,216.54042222222222,247.88962857142857,229.02653333333333
2025-08-18,231.3182,237.87375555555556,323.7467714285714,260.7348666666667
2025-08-19,230.66705000000002,269.1423,516.8188714285714,328.55621666666667
2025-08-20,243.2987,279.6598111111111,411.99455714285716,306.13707500000004
2025-08-21,225.00150000000002,329.97372222222225,547.3555,358.386
2025-08-22,272.0746,283.6579333333333,386.0561714285714,309.66297499999996
2025-08-23,205.9237,217.3290888888889,307.80277142857136,239.91545
2025-08-24,212.388575,186.37797777777777,318.4610571428571,233.57240833333333
2025-08-25,262.1932,286.8737555555556,342.88962857142855,294.9848666666667
2025-08-26,261.6932,290.76264444444445,445.4783428571428,326.19824166666666
2025-08-27,274.9432,294.76264444444445,447.19262857142854,332.6149083333333
2025-08-28,348.8182,365.2070888888889,676.8434857142856,450.638075
2025-08-29,318.8182,359.09597777777776,518.5119142857143,392.16636666666665
2025-08-30,273.1554,284.7667333333333,525.8884,351.2234416666667
2025-08-31,241.87109999999998,238.83193333333332,358.4766,274.74135
2025-09-01,171.9268,534.7118,568.8685142857142,423.74584166666665
2025-09-02,101.4226,215.8916,520.1265999999999,266.470475
2025-09-03,128.120775,194.3240111111111,507.02504285714286,263.46073333333334
2025-09-04,102.918075,239.39875555555557,422.68919999999997,247.36490833333335
2025-09-05,134.7643,390.12857777777776,450.9575142857143,322.748925
2025-09-06,104.584025,105.03573333333333,207.14882857142857,134.66815
2025-09-07,95.0579,95.5487888888889,114.59461428571429,100.94019166666668
2025-09-08,97.382925,237.3219111111111,442.78394285714285,250.60200833333332
2025-09-09,110.58205,228.73746666666668,568.0946571428572,288.3315083333333
2025-09-10,106.4338,168.67802222222224,520.2798,250.48046666666667
2025-09-11,193.6534,215.68984444444445,517.3319714285715,296.3233166666667
2025-09-12,125.3099,170.95923333333334,584.6714714285714,276.40885833333334
2025-09-13,138.7507,164.72292222222222,408.5007,227.16736666666668
2025-09-14,158.6149,158.94823333333335,198.04347142857142,170.2399
2025-09-15,225.9424,236.91462222222222,566.3171142857143,329.33294166666667
2025-09-16,257.1269,357.7975666666667,567.4534714285713,385.39031666666665
2025-09-17,258.0019,266.0019,551.0019,346.4602333333333
2025-09-18,248.4038,276.58157777777774,421.5410857142857,309.46884166666666
2025-09-19,249.0795,279.8545,390.84378571428573,301.9680416666667
2025-09-20,240.0019,244.33523333333335,331.7161857142857,268.37690000000003
2025-09-21,215.2519,216.16856666666666,323.64475714285715,247.21023333333335
2025-09-22,237.23765,288.4351222222222,501.87504285714283,333.6226083333333
2025-09-23,249.4601,322.1267666666667,555.7282428571428,366.03830833333336
2025-09-24,344.6301,385.67176666666666,559.0351,422.55551666666673
2025-09-25,413.2322,501.13497777777775,687.9260571428571,526.3147833333334
2025-09-26,398.0019,453.8907888888889,594.5733285714285,476.29356666666666
2025-09-27,219.0019,242.33523333333335,437.4304714285714,291.46023333333335
2025-09-28,276.5019,274.5574555555556,399.8590428571428,311.7519
2025-09-29,181.25295,312.3003111111111,514.0463428571429,327.46045000000004
2025-09-30,157.28925,247.0263888888889,401.1155,262.0566666666667
2025-10-01,175.8422,224.39603333333332,553.4842714285714,304.19549166666667
2025-10-02,148.98005,230.84796666666665,537.1385857142857,292.893425
2025-10-03,240.58925,267.57177777777775,405.93685714285715,298.9340833333333
2025-10-04,179.6488,208.7819111111111,285.2768,221.38188333333332
2025-10-05,205.47385,194.1258777777778,252.92124285714286,215.05718333333334
2025-10-06,142.911525,233.59667777777778,304.24747142857143,223.974775
2025-10-07,224.8063,231.95907777777776,326.7527285714286,257.22296666666665
2025-10-08,190.6426,226.93626666666665,291.6663142857143,233.717975
2025-10-09,194.1813,197.95907777777776,346.6098714285714,240.0563
2025-10-10,113.48004999999999,181.62574444444442,217.75272857142858,169.44755
2025-10-11,96.5763,110.60863333333333,167.33001428571427,122.474925
2025-10-12,96.5763,96.5763,111.99972857142858,101.0748
2025-10-13,96.5763,97.04352222222222,115.22101428571429,102.18955
2025-10-14,98.153175,107.62085555555556,221.12415714285711,137.57009166666668
2025-10-15,99.0523,121.30818888888888,344.09672857142857,178.86955
2025-10-16,101.71645,103.67053333333332,319.1016285714286,165.85324166666666
2025-10-17,101.61755,103.41118888888889,271.51272857142857,151.842925
2025-10-18,101.28555,101.98996666666666,269.6098714285714,150.64430000000002
2025-10-19,100.558925,99.57385555555555,158.89558571428572,117.20438333333334
2025-10-20,97.673925,104.32674444444444,234.9895857142857,140.21913333333333
2025-10-21,100.045725,106.67943333333334,339.15081428571426,172.27235
2025-10-22,102.4393,116.17852222222223,131.86558571428571,116.17417499999999
2025-10-23,99.5385,153.42138888888888,283.5920714285714,173.426875
2025-10-24,100.4813,109.34352222222222,166.35587142857142,123.01805
2025-10-25,99.991675,102.87752222222223,126.21301428571428,108.72175833333334
2025-10-26,99.50305,98.52741111111112,100.50844285714287,99.430425
2025-10-27,96.94205000000001,99.79552222222223,101.30972857142856,99.28600833333333
2025-10-28,96.942175,100.07552222222222,304.01272857142857,158.51275833333332
2025-10-29,99.5023,100.0133,149.85101428571429,114.37896666666667
2025-10-30,97.82317499999999,99.09918888888889,105.6083,100.57234166666666
2025-10-31,98.733175,99.14385555555556,99.81344285714285,99.20225833333335
2025-11-01,93.6425,93.96772222222222,294.6577857142857,152.39391666666668
2025-11-02,95.504125,94.9255,106.09421428571429,98.37591666666667
2025-11-03,93.1525,97.03661111111111,108.29335714285715,99.025125
2025-11-04,94.10425000000001,111.38438888888889,333.15492857142857,170.30741666666668
2025-11-05,100.4955,110.81194444444446,372.1937857142857,183.6095
2025-11-06,117.2855,120.98105555555556,331.0120714285714,181.00825
2025-11-07,141.3705,219.50216666666665,319.7752142857143,222.70458333333332
2025-11-08,132.4955,144.03772222222221,261.00521428571426,174.30583333333334
2025-11-09,138.6205,138.4955,155.35264285714285,143.45383333333334
2025-11-10,160.2455,212.6066111111111,402.71207142857145,250.6003333333333
2025-11-11,229.60475,275.83549999999997,568.6315000000001,345.82408333333336
2025-11-12,250.136375,281.3843888888889,446.44064285714285,319.1097916666667
2025-11-13,211.9823,284.2503555555556,435.3030857142857,304.21805
2025-11-14,248.75385,286.2539333333333,340.8491714285714,289.6775166666667
2025-11-15,175.608,256.3997222222222,271.22407142857145,233.79291666666666
2025-11-16,143.72662499999998,155.02383333333333,212.60978571428572,168.054
2025-11-17,140.15574999999998,160.0477222222222,260.35692857142857,182.67391666666666
2025-11-18,93.5185,154.1077222222222,444.8642142857143,218.71529166666667
2025-11-19,224.7198,349.34374444444444,541.4910142857143,363.8453833333333
2025-11-20,111.820575,146.4032,456.51777142857145,225.32574166666666
2025-11-21,122.61902500000001,223.75178888888888,485.64104285714285,266.4252333333333
2025-11-22,164.733,157.27327777777776,331.8175,210.66858333333334
2025-11-23,157.3705,157.03994444444444,244.9240714285714,182.783
2025-11-24,132.4955,203.08105555555554,429.1680714285714,245.49458333333334
2025-11-25,137.9955,141.71772222222222,304.0252142857143,187.81666666666663
2025-11-26,148.7435,185.39661111111113,434.0772142857143,245.71075
2025-11-27,267.3748,292.69702222222224,460.3150857142858,333.1448833333333
2025-11-28,240.4955,256.05105555555554,254.78121428571427,250.4955
2025-11-29,231.4955,233.4955,257.63835714285716,239.8705
2025-11-30,230.2455,239.27327777777776,285.4955,249.7455
2025-12-01,268.4907,285.9351444444444,291.4907,281.7407
2025-12-02,128.86695,290.17514444444447,303.47069999999997,240.2836166666667
2025-12-03,141.08395000000002,233.39714444444448,289.2378428571429,218.91295000000002
2025-12-04,173.652725,242.58643333333333,285.1198142857143,232.0141
2025-12-05,114.010575,171.21036666666666,283.9198428571429,185.01736666666667
2025-12-06,149.12895,142.5888111111111,239.81255714285712,173.12578333333332
2025-12-07,157.8482,135.85925555555556,218.07527142857143,167.168575
2025-12-08,105.787575,114.92625555555554,196.00055714285713,135.5267
2025-12-09,200.561825,239.77614444444447,346.3478428571429,257.78811666666667
2025-12-10,135.173425,220.70541111111112,279.20858571428573,209.25817500000002
2025-12-11,153.6157,251.15736666666666,322.48312857142855,239.446825
2025-12-12,237.4907,245.7129222222222,360.63355714285717,276.4907
2025-12-13,233.44945,234.04625555555555,262.06212857142856,242.01861666666665
2025-12-14,243.532,244.08755555555555,288.882,256.9674166666667
2025-12-15,260.6957,297.2195888888889,345.63355714285717,299.1657
2025-12-16,322.6157,327.65736666666663,331.0621285714286,326.96986666666663
2025-12-17,333.8237,343.1201444444444,352.0621285714286,342.6294083333333
2025-12-18,364.432325,373.9943666666667,411.91927142857145,381.86845
2025-12-19,369.1157,384.30547777777775,413.79227142857144,387.8425333333333
2025-12-20,387.32394999999997,386.68814444444445,416.0621285714286,395.4674916666667
2025-12-21,415.2407,407.71292222222223,437.0621285714286,418.78236666666663
2025-12-22,429.4907,432.9598111111111,437.9351285714286,433.254575
2025-12-23,430.2017,430.6079222222222,438.0621285714286,432.64665833333333
2025-12-24,244.1149,244.11489999999998,339.8291857142857,272.03156666666666
2025-12-25,195.1252,147.09820000000002,293.7502,205.88070000000002
2025-12-26,218.59275,232.10483333333332,354.89921428571427,263.4158333333333
2025-12-27,251.2593,241.0181888888889,360.1878714285714,279.1897166666667
2025-12-28,294.8378,267.34335555555555,338.58779999999996,297.2878
2025-12-29,298.4907,309.3798111111111,346.2051285714286,316.49082500000003
2025-12-30,299.4917,288.3800333333333,317.2049857142857,300.4912
2025-12-31,259.5105,259.28827777777775,279.50892857142856,265.26004166666667
2026-01-01,301.1309,258.6805111111111,326.94482857142856,292.74106666666665
2026-01-02,325.5623,331.64074444444446,347.4425857142857,334.22346666666664
2026-01-03,335.7118,326.55629999999996,344.9691571428571,334.97855
2026-01-04,303.3123,283.9789666666667,336.08258571428576,305.6203
2026-01-05,313.47505,326.71796666666665,340.4551571428571,326.31034166666666
2026-01-06,301.9373,309.3123,331.20487142857144,313.2393
2026-01-07,249.606625,263.20155555555556,314.96999999999997,273.7690416666667
2026-01-08,176.35070000000002,216.44725555555556,285.54827142857147,223.23620000000003
2026-01-09,185.17015,207.1520111111111,265.46947142857147,216.83398333333332
2026-01-10,161.9373,162.4234111111111,254.7408714285714,189.18729999999996
2026-01-11,102.334525,99.06856666666665,157.60061428571427,117.22906666666665
2026-01-12,110.1873,153.03452222222222,200.45515714285713,152.58313333333334
2026-01-13,110.77105,153.6226333333333,204.0265857142857,154.039925
2026-01-14,94.804425,113.08474444444444,189.3123,129.22434166666667
2026-01-15,96.1098,124.8733,163.02515714285713,126.41309166666667
2026-01-16,94.7123,96.0163,130.36944285714284,105.6013
2026-01-17,97.91217499999999,95.55674444444445,118.59801428571427,103.06225833333333
2026-01-18,100.9293,95.55674444444445,158.59801428571427,115.73463333333332
2026-01-19,123.8123,151.20118888888888,173.3123,148.52063333333334
2026-01-20,172.0623,172.6234111111111,178.16944285714285,174.05396666666664
2026-01-21,173.8123,175.44563333333335,197.82658571428573,181.42896666666664
2026-01-22,182.8073,189.1523,197.68944285714286,189.5273
2026-01-23,184.3123,187.14785555555557,201.7465857142857,190.46063333333333
2026-01-24,191.4373,183.86785555555556,210.56372857142856,194.17729999999997
2026-01-25,212.07104999999999,203.3434111111111,229.59801428571427,213.91021666666666
2026-01-26,228.0623,232.64563333333334,266.9985857142857,241.13746666666665
2026-01-27,253.4373,257.57152222222226,264.6454428571429,258.25667500000003
2026-01-28,250.66105,253.72563333333332,260.15944285714284,254.58063333333334
2026-01-29,238.358425,239.8250777777778,250.75844285714285,242.52509166666667
2026-01-30,149.164925,196.14396666666667,237.63315714285713,192.5853
2026-01-31,192.8123,193.97896666666668,201.84744285714285,195.88504999999998
2026-02-01,128.83925,139.5,172.0,145.42558333333332
2026-02-02,93.247125,114.9058888888889,172.46085714285712,124.47316666666666
2026-02-03,91.354,93.06688888888888,141.76385714285715,106.69920833333333
2026-02-04,105.245,110.58922222222222,151.22857142857143,120.66095833333333
2026-02-05,94.047,102.77455555555555,127.46028571428572,107.065375
2026-02-06,99.898625,105.0,113.63485714285714,105.81804166666666
2026-02-07,99.0,99.0,101.21428571428571,99.64583333333333
2026-02-08,96.08425,92.71533333333333,103.69042857142858,97.039375
2026-02-09,98.114,98.78511111111112,103.19042857142857,99.84629166666667
2026-02-10,91.354,91.95466666666667,102.15271428571428,94.728875
2026-02-11,93.393375,93.42644444444444,104.76185714285714,96.72158333333334
