Fecha,Generacion_Cogenerador_kWh,Generacion_Eolica_kWh,Generacion_Hidraulica_kWh,Generacion_Solar_kWh,Generacion_Termica_kWh,Generacion_Total_kWh
2024-01-01,357159.25,473795.05000000005,143842057.65,6384628.58,25116512.59,176174153.12
2024-01-02,562877.06,423687.71,162277079.59,6947627.66,36498096.07,206709368.09
2024-01-03,1179331.32,391955.2,165103786.38,7424880.76,40751417.04,214851370.7
2024-01-04,1437006.35,482435.75,160142833.33,7443663.23,49910444.26,219416382.92
2024-01-05,1818277.52,650878.14,159304712.05,7135847.51,52357284.27,221266999.49
2024-01-06,2039172.81,655445.0900000001,139845451.75,7909604.22,61795852.44,212245526.31
2024-01-07,2377358.07,691005.07,130692880.75,7921826.91,55110038.91,196793109.71
2024-01-08,2502433.74,706037.28,128702231.75,7868787.46,60768334.01,200547824.24
2024-01-09,2781810.4299999997,658392.47,146406027.49,7834972.2,65985715.56,223666918.15
2024-01-10,2908351.67,581869.71,150372537.77,7539032.76,69650748.56,231052540.47
2024-01-11,3078895.25,562307.4400000001,150840189.58,7256102.9,70497170.74,232234665.91
2024-01-12,3205761.52,498581.23000000004,145462225.46,6890474.97,80920864.42,236977907.6
2024-01-13,3320123.54,390460.05,122725898.25,6678524.58,94167727.02,227282733.44
2024-01-14,3302819.13,505029.56000000006,104613909.3,7445066.54,95471430.26,211338254.79
2024-01-15,3303478.71,693595.81,135514966.82,7995963.08,87714818.63,235222823.05
2024-01-16,3332251.75,696587.3400000001,142690192.9,7855968.15,83706079.95,238281080.09
2024-01-17,3154291.79,709769.65,157695013.47,6905324.71,66906532.41,235370932.03
2024-01-18,3192739.02,705453.8400000001,159396214.88,7569485.85,64672863.11,235536756.7
2024-01-19,3080081.42,670166.62,162581530.64000002,7141202.18,62751898.769999996,236224879.63
2024-01-20,3093942.09,647885.69,139012796.8,7157725.63,75694845.77,225607195.98
2024-01-21,3110531.88,691355.0900000001,126687100.16,7132364.39,67434304.64,205055656.16
2024-01-22,3194519.78,700439.6,139922565.1,7849411.21,78886714.7,230553650.39
2024-01-23,3117570.0700000003,684170.72,145129636.86,7822219.16,77769909.24,234523506.05
2024-01-24,3010204.05,717082.85,142657976.62,7984253.47,80444817.96,234814334.95
2024-01-25,3004201.89,668206.3200000001,141141248.3,7744803.84,82018267.14,234576727.49
2024-01-26,2854887.91,698878.94,153134981.53,7685860.68,70919913.99,235294523.05
2024-01-27,3016624.13,615952.92,153601788.93,7809978.83,60563236.379999995,225607581.19
2024-01-28,3121876.56,577280.15,141565273.63,7518045.6,51742081.45,204524557.39
2024-01-29,2870353.98,515417.06,165283166.57,7077157.66,60327694.88,236073790.15
2024-01-30,2456941.77,439825.44999999995,158576305.51,6470357.82,73227087.86,241170518.41
2024-01-31,2629566.27,445000.62,157538245.9,6218466.69,71805426.17999999,238636705.66
2024-02-01,2907152.37,399213.57999999996,150167832.31,5342531.65,78065415.26,236882145.17000002
2024-02-02,3042694.53,353178.95,139740638.53,3875271.91,81941217.2,228953001.12
2024-02-03,2716003.17,233414.81,128345503.51,6576773.71,79001836.55,216873531.75
2024-02-04,2022088.33,119324.85,115753341.13,6585339.24,73987882.03,198467975.58
2024-02-05,1773727.88,39186.56,149034149.09,5314684.07,66947691.01,223109438.61
2024-02-06,2084290.26,117731.0,169081453.06,5949118.45,48396826.01,225629418.78
2024-02-07,2288052.5,21841.29,155240626.92,4505166.81,60570046.44,222625733.96
2024-02-08,2342542.68,45295.78,167005949.17,4916095.82,48510071.7,222819955.15
2024-02-09,2722093.21,527871.81,166366337.9,7553280.43,48903618.69,226073202.04
2024-02-10,2897558.51,616526.1100000001,160289807.84,8373498.35,47050924.29,219228315.1
2024-02-11,2987036.4699999997,687392.66,144390967.7,8857087.290000001,46272593.5,203195077.62
2024-02-12,3027489.04,597499.03,158912514.39000002,8555128.55,59328383.83,230421014.84
2024-02-13,3036940.52,618409.6,158183003.72,8357763.38,64320524.66,234516641.88
2024-02-14,2928452.31,651159.8,151801480.24,7311233.18,73692237.7,236384563.23
2024-02-15,2730633.0100000002,669029.47,142868535.75,8097477.279999999,83529963.82,237895639.33
2024-02-16,2775912.73,645303.41,153070466.61,7093112.45,75535925.31,239120720.51
2024-02-17,2382341.65,673579.5,146807378.87,7830306.33,72092131.67999999,229785738.03
2024-02-18,2678870.75,582018.51,121175508.81,8033964.5,73354856.65,205825219.22
2024-02-19,2764815.58,521654.92000000004,154578077.48,7051087.15,67734491.7,232650126.83
2024-02-20,2739277.95,657051.04,151725439.92,7062296.24,73428694.03,235612759.18
2024-02-21,2570034.54,240250.58000000002,145787963.7,6251756.24,75866130.64,230716135.7
2024-02-22,2760848.03,123152.98000000001,131830667.32000001,6889736.51,87297494.21,228901899.05
2024-02-23,2933966.04,345000.18,131569697.33,8372718.88,87477479.66,230698862.09
2024-02-24,2878912.12,419033.36,123021604.04,8693154.3,87500906.34,222513610.16
2024-02-25,2942323.39,487211.34,101819030.17,8293814.83,88820109.03,202362488.76
2024-02-26,2429904.11,514355.01,131575537.82000001,7792240.32,85758071.56,228070108.82
2024-02-27,2375714.92,580400.45,135724376.56,8686864.32,86426066.34,233793422.59
2024-02-28,2448308.7399999998,664396.1299999999,141103104.7,8261154.66,84471466.91,236948431.14000002
2024-02-29,2577489.41,674495.25,137698516.25,8534198.64,89684479.35,239169178.9
2024-03-01,2677813.84,712065.22,139846642.43,8708299.209999999,84381173.03,236325993.73
2024-03-02,2790380.07,573203.22,139170404.06,9411222.6,75062278.29,227007488.24
2024-03-03,2744196.88,584286.75,116893999.94,8977390.42,74697771.35,203897645.34
2024-03-04,2587672.5700000003,444687.87,151187920.35,8997591.99,73273755.0,236491627.78
2024-03-05,2709539.75,479266.61,147816651.26,8978952.120000001,80990608.11,240975017.85
2024-03-06,2591584.13,523384.93,141762088.71,8893075.95,90023411.27,243793544.99
2024-03-07,2581629.9299999997,558803.34,139087939.96,8061820.73,94012846.49,244303040.45
2024-03-08,2591566.56,612683.3300000001,140844467.43,7913375.54,94888186.39,246850279.25
2024-03-09,2691892.79,678309.5,137030659.79,6971716.96,86275825.5,233648404.54
2024-03-10,2547563.67,642885.0700000001,110901636.26,9009250.73,90315880.14,213417215.87
2024-03-11,2451735.13,688224.35,140373697.69,7868274.69,90063263.35,241445195.21
2024-03-12,2431385.2800000003,685320.94,142694711.0,8383624.74,91166082.99,245361124.95
2024-03-13,2716841.14,712344.93,142260910.02,9212092.85,91766691.97,246668880.91
2024-03-14,2609416.14,712950.56,143434293.12,8522565.82,92388607.51,247667833.15
2024-03-15,2598627.92,705126.1599999999,143429371.68,8773392.79,91836924.73,247343443.28
2024-03-16,2633341.23,625833.97,132052670.65,9633466.59,92272137.4,237217449.84
2024-03-17,2801306.15,670026.75,113182789.92,8719372.42,89316033.48,214689528.72
2024-03-18,2640626.91,486344.44,140717883.53,8494341.95,91328795.44,243667992.26999998
2024-03-19,2524917.52,390110.27,141593121.25,6843992.53,94358032.46,245710174.03
2024-03-20,2736137.72,436606.14,135595231.87,7046853.91,97487912.86,243302742.5
2024-03-21,2746798.79,580058.05,138096860.81,6719876.21,93420740.07000001,241564333.93
2024-03-22,2666044.11,603841.9099999999,138939868.66,9156531.81,91450759.48,242817045.97
2024-03-23,2697462.05,403865.01,127668726.37,7972244.4399999995,94458793.67,233201091.54
2024-03-24,2742294.11,168117.95,112477176.13,8116371.16,91966365.73,215470325.08
2024-03-25,2799125.93,163576.52000000002,112195514.46,7932615.93,97113733.67,220204566.51
2024-03-26,2775598.11,158047.87,126192304.0,8542910.02,99825877.35,237494737.35
2024-03-27,2711422.05,153581.97,108439923.78,7440609.03,107445046.03999999,226190582.87
2024-03-28,2697699.9899999998,191067.43,88029997.45,10205500.75,103861331.51,204985597.13
2024-03-29,2612929.87,276484.13,78966673.54,10384412.38,104864493.28,197104993.2
2024-03-30,2280732.91,362707.44999999995,103087195.18,9414011.13,96760635.39,211905282.06
2024-03-31,2286689.97,414360.42,95088893.4,9259450.1,100158639.5,207208033.39000002
2024-04-01,2214650.7199999997,433633.22000000003,117223750.02000001,9861246.09,102354903.93,232088183.98
2024-04-02,2160170.9899999998,443939.14,117813510.56,7857761.82,101570386.0,229845768.51
2024-04-03,2358129.43,416975.32,117142969.67,7001703.29,104479537.53999999,231399315.25
2024-04-04,2222087.35,369173.07,117444235.59,5762751.47,104918669.3,230716916.78
2024-04-05,2050046.7999999998,386227.21,123198462.09,9090898.39,102559779.1,237285413.59
2024-04-06,2301905.14,455659.66000000003,124243112.37,9818155.040000001,92738491.65,229557323.86
2024-04-07,2368677.86,495431.55,108744448.82,10317829.47,90624714.66,212551102.36
2024-04-08,2483003.21,630681.8799999999,117607644.74,9090188.7,106217906.2,236029424.73
2024-04-09,2390852.7800000003,684086.94,116360856.95,9504195.7,106760034.64999999,235700027.02
2024-04-10,2643861.02,675700.47,116602331.6,10465966.93,109584173.43,239972033.45
2024-04-11,2541974.62,634152.94,117719619.34,10182968.69,112575508.07,243654223.66
2024-04-12,2584482.24,673916.3200000001,114770100.53,10998914.53,113217574.72,242244988.34
2024-04-13,2604092.0300000003,671251.1,104742293.62,11104996.52,110531853.4,229654486.67
2024-04-14,2492517.2800000003,668106.13,84711525.24,10316870.32,110293985.84,208483004.81
2024-04-15,2461553.93,541654.6900000001,108768642.21,10317798.91,113718830.04,235808479.78
2024-04-16,2445956.5,530705.14,114056634.3,9845683.51,112789533.57,239668513.02
2024-04-17,2326718.71,489651.76,111705129.91,7191336.78,117459394.82,239172231.98
2024-04-18,2432444.2199999997,565902.73,108653271.45,7158044.76,118104787.98,236914451.14000002
2024-04-19,2413298.64,562000.01,104720635.69,6659062.25,117957835.92999999,232312832.52
2024-04-20,2358642.97,549985.95,96885517.51,9306367.53,112779331.34,221879845.3
2024-04-21,2572893.24,596658.94,78218277.33,7635668.72,111237625.44,200261123.67
2024-04-22,2596797.3,545594.66,96986404.49,5834936.56,114434296.91,220398029.92
2024-04-23,2475245.55,525784.6599999999,105833547.22,9016218.67,108014033.34,225864829.44
2024-04-24,2333963.01,593459.5,107989887.16,9909492.8,109522513.43,230349315.9
2024-04-25,2188229.31,653899.76,101004152.18,8079401.15,119737940.87,231663623.27
2024-04-26,2124873.96,506849.48,99411626.9,5688622.34,116872792.26,224604764.94
2024-04-27,2143355.06,530333.3899999999,101768787.98,8260937.35,104462123.82,217165537.6
2024-04-28,2117362.57,392624.78,88511828.12,7198012.51,95968959.25,194188787.23
2024-04-29,1668740.1099999999,423793.2,141568928.42,8533305.55,70159774.49,222354541.77
2024-04-30,1570830.57,460448.22,143257229.84,10122348.25,78447307.7,233858164.58
2024-05-01,1602335.9,479354.31000000006,171994779.65,9701897.8,33695834.91,217474202.57
2024-05-02,1550954.82,235505.87,193625635.63,7457942.96,29988200.349999998,232858239.63
2024-05-03,1541299.36,25797.75,185225750.57,7755324.24,37595741.35,232143913.27
2024-05-04,1359742.56,314525.81999999995,185427638.27,4926650.06,25408258.48,217436815.19
2024-05-05,980254.9299999999,330077.62,161179842.78,8779950.19,28510757.25,199780882.77
2024-05-06,1034081.56,486908.58,192043312.43,8956449.700000001,30009764.709999997,232530516.98
2024-05-07,1128368.01,578389.19,194736439.29,7252268.4,30872019.11,234567484.0
2024-05-08,1021695.51,477207.82999999996,192010948.74,6114323.46,32992552.31,232616727.85
2024-05-09,740275.58,467578.9,186583440.71,5443926.9,35278687.05,228513909.14
2024-05-10,265630.05,400407.69,181683780.38,10533572.19,37528387.089999996,230411777.4
2024-05-11,343600.36,380390.93,180141943.63,10253253.07,31474121.92,222593309.91
2024-05-12,443735.55,538146.29,164212693.88,8281637.87,26307590.509999998,199783804.1
2024-05-13,403592.39,591604.83,168901328.96,10787925.82,26640526.82,207324978.82
2024-05-14,536835.21,672189.04,189678023.34,10056025.48,30764805.18,231707878.25
2024-05-15,225567.5,595622.91,191700836.53,7795242.01,31384401.65,231701670.6
2024-05-16,152193.25,493035.07,191342648.75,9286138.34,32700307.43,233974322.84
2024-05-17,195796.61000000002,536257.28,188730304.1,10999271.09,33967017.39,234428646.47
2024-05-18,304125.26,584664.35,181807201.51,9965553.27,34214367.92,226875912.31
2024-05-19,382237.58,600257.37,164037859.73,11673857.34,35029926.69,211724138.71
2024-05-20,263825.16,639012.82,181894380.32,9518229.48,43040239.55,235355687.33
2024-05-21,631954.16,289889.72,176371123.19,6092661.62,45239791.449999996,228625420.14
2024-05-22,844185.56,322143.53,172142917.43,7208315.0600000005,47057103.05,227574664.63
2024-05-23,831107.0900000001,211730.8,168450360.1,9714771.18,50991727.95,230199697.12
2024-05-24,970615.2,400859.26,171379583.38,7963346.65,54981464.16,235695868.65
2024-05-25,1127458.56,386755.28,167538097.51,7471674.08,47308537.23,223832522.66
2024-05-26,1166567.07,546425.58,152117495.79,10602630.72,39605765.5,204038884.66
2024-05-27,1193632.46,478902.57999999996,172604989.04,7530863.03,42818458.72,224626845.83
2024-05-28,1207956.01,579814.97,180964228.59,9201728.52,38585740.72,230539468.81
2024-05-29,1150446.27,661798.72,181314514.58,6424279.63,38829657.08,228380696.28
2024-05-30,1045081.0499999999,592188.04,181414159.12,8203782.59,36567860.35,227823071.15
2024-05-31,1209867.69,459865.0,190415714.73,9334380.97,26447887.16,227867715.55
2024-06-01,1378214.8900000001,553937.91,181901677.77,12367906.91,26106587.35,222308324.83
2024-06-02,1600204.05,606150.1,160242662.96,10920713.39,31893537.44,205263267.94
2024-06-03,1889633.69,102971.54000000001,162000453.66,9670704.14,32578206.14,206241969.17
2024-06-04,1949096.53,55499.89,178471104.71,7531318.66,36603552.08,224610571.87
2024-06-05,1933431.5799999998,32423.8,176081577.18,8173203.78,39859375.5,226080011.84
2024-06-06,2258942.98,262624.73,181761067.93,5333416.31,37630688.94,227246740.89000002
2024-06-07,2026432.2,382058.63,176930826.95,8038629.75,40274316.03,227652263.56
2024-06-08,2046371.3,485729.45999999996,165470314.08,7886045.45,43524990.23,219413450.52
2024-06-09,2215699.88,545319.39,143364902.45,8567957.83,42554650.519999996,197248530.07
2024-06-10,2389198.3200000003,514586.64,145214272.96,9251023.209999999,42981645.55,200350726.68
2024-06-11,2333988.85,521319.01,161825007.53,7762607.76,49183871.06,221626794.21
2024-06-12,2366174.82,558140.72,170069194.76,8766014.34,44297671.82,226057196.46
2024-06-13,2298868.58,574704.1599999999,165059572.32,9385422.79,45404842.28,222723410.13
2024-06-14,2231939.88,630681.81,163551419.15,8235118.97,46035458.1,220684617.91
2024-06-15,1846786.37,476218.23,158795080.84,5402056.59,42242644.29,208762786.32
2024-06-16,1689188.84,264965.27999999997,137822285.4,7692306.51,45197507.35,192666253.38
2024-06-17,1832077.05,351564.72,171769939.19,11263747.98,41389966.6,226607295.54
2024-06-18,1799478.72,496415.48000000004,178467507.35,9325591.15,37671582.07,227760574.77
2024-06-19,1897958.98,390363.51,178745083.35999998,7676169.78,36007618.71,224717194.34
2024-06-20,2083270.49,484138.29,177856073.35999998,8672190.32,34239737.13,223335409.59
2024-06-21,2048733.5,498663.47,181218394.94,8803404.43,40136470.34,232705666.68
2024-06-22,2159131.79,494846.54999999993,169288030.49,9052480.49,39523863.35,220518352.67
2024-06-23,2055267.3,626350.28,161964008.59,8761309.65,19968910.4,193375846.22
2024-06-24,1902106.31,558268.11,182380501.39000002,8958006.07,26861016.02,220659897.9
2024-06-25,2107099.83,498692.56999999995,176374246.56,8697926.2,33678174.75,221356139.91
2024-06-26,2039223.37,241163.8,173710143.10999998,7780119.0,34524481.31,218295130.59
2024-06-27,1928689.4,269026.24,172381685.3,8462538.57,36024086.36,219066025.87
2024-06-28,1715970.95,380005.89,187190163.8,9305480.53,25737232.82,224328853.99
2024-06-29,1621835.96,489094.1,182434054.51,8899169.01,21507540.85,214951694.43
2024-06-30,1764895.5899999999,584735.1599999999,167435163.4,9187291.45,19117866.53,198089952.13
2024-07-01,1895842.8900000001,606396.28,167961700.87,9515639.219999999,20818340.91,200797920.17
2024-07-02,1840391.96,300831.6,191671496.43,7322117.08,26749468.84,227884305.91
2024-07-03,2055656.7,235263.4,191643168.67,9253176.04,27316878.54,230504143.35
2024-07-04,2115834.92,175067.6,193515341.11,8541052.6,23558212.24,227905508.47
2024-07-05,1561037.55,25913.519999999997,192327320.29,3595163.71,22915843.97,220425279.04
2024-07-06,1367886.69,297149.81,180563924.7,10161089.91,23690237.97,216080289.08
2024-07-07,1441745.61,607083.8200000001,163791652.94,10721294.7,22311844.36,198873621.43
2024-07-08,1671518.8900000001,663150.06,189790961.48,8619661.24,25776376.97,226521668.64
2024-07-09,2103537.45,605322.04,192523379.76,9418995.92,26469075.82,231120310.99
2024-07-10,2205481.77,646928.38,191823702.09,9576508.82,27670279.3,231922900.35999998
2024-07-11,2347598.39,637526.56,185734776.67,8124911.24,36662531.28,233507344.14
2024-07-12,2295223.22,619882.56,181672484.78,9319429.19,38872593.38,232779613.13
2024-07-13,2516714.98,663627.44,169607919.82999998,10617444.39,37800541.89,221206248.53
2024-07-14,2657734.63,629080.1,158073706.91,11194106.49,30577933.98,203132562.11
2024-07-15,2496408.63,631605.5700000001,175530925.8,11412069.03,37165589.51,227236598.54
2024-07-16,2586830.88,631581.56,170208155.28,11442228.31,45052035.37,229920831.4
2024-07-17,2584975.97,537059.48,171625175.44,9359238.23,49511333.46,233617782.57999998
2024-07-18,2529459.5,537454.23,169365649.38,8989403.07,48857587.53,230279553.71
2024-07-19,2481115.13,577826.84,167942208.71,8016982.79,48105305.24,227123438.71
2024-07-20,2338316.89,452519.49,157991578.52,8487171.31,40094427.43,209364013.64000002
2024-07-21,2142309.75,593603.14,151751269.2,9175173.47,38492900.0,202155255.56
2024-07-22,2263709.77,563468.15,171425314.44,9331712.07,45902151.95,229486356.38
2024-07-23,2517068.26,629213.3300000001,174661428.15,8911028.65,45118893.199999996,231837631.59
2024-07-24,2486037.33,541980.11,178776622.73,10445038.24,40364104.58,232613782.99
2024-07-25,2535702.91,650110.58,176471556.49,9055518.95,47994130.6,236707019.53
2024-07-26,2555887.61,543676.01,183590428.9,8221800.46,42841333.78,237753126.76
2024-07-27,2522940.58,666140.21,170985959.66,9050707.18,40867188.4,224092936.03
2024-07-28,2485858.2600000002,669468.14,162168790.69,10131977.66,29690708.54,205146803.29
2024-07-29,2474318.65,675106.11,179702080.17000002,12615179.29,44265359.93,239732044.15
2024-07-30,2469161.55,599017.28,182643999.78,9910480.03,49486120.77,245108779.41
2024-07-31,2401912.73,566122.53,181805587.57,11181210.209999999,48805096.24,244759929.28
2024-08-01,2342723.71,459201.4,187105737.24,10427313.84,40993903.910000004,241328880.1
2024-08-02,2459224.79,292716.20999999996,188507159.18,11478964.84,40159592.74,242897657.76
2024-08-03,2624750.92,451276.58999999997,181217284.61,9630863.94,40325826.63,234250002.69
2024-08-04,2641431.0700000003,601307.03,160549588.16,9809108.79,40917547.24,214518982.29
2024-08-05,2283890.68,548243.14,182048035.66,9075076.6,45159072.08,239114318.16
2024-08-06,1966924.9100000001,254833.93,184716444.65,8576207.09,41777676.49,237292087.07
2024-08-07,2129149.75,359622.17,174617242.72,9170179.96,32631003.34,218907197.94
2024-08-08,2070761.25,456424.77,192090867.79000002,9795903.35,36438424.85,240852382.01000002
2024-08-09,2026891.88,514073.72,190453163.84,9385071.3,38336523.03,240715723.77
2024-08-10,2094622.83,462321.27999999997,177266859.93,8732463.03,37680054.63,226236321.70000002
2024-08-11,2146498.74,409792.67000000004,159381257.97,11391487.98,33162117.21,206491154.57
2024-08-12,2252059.22,441868.95999999996,185679790.64,10703618.26,38340371.39,237417708.47
2024-08-13,2256877.97,176864.28999999998,182165395.13,8623490.33,42068205.64,235290833.35999998
2024-08-14,2295791.9899999998,0.0,182109377.19,8848959.44,48424790.66,241678919.28
2024-08-15,2360612.9,168989.43,180913690.85999998,11609156.6,52017476.339999996,247069926.13
2024-08-16,2381298.17,360263.30000000005,180904836.96,11677485.67,51106908.57,246430792.67000002
2024-08-17,2488899.76,403791.93,174910276.81,10020512.88,41284967.07,229108448.45
2024-08-18,2479224.17,366163.36,139233050.5,11270521.879999999,51468564.89,204817524.8
2024-08-19,2529622.71,647169.96,139771060.0,11023753.12,64305586.830000006,218277192.62
2024-08-20,2523295.66,659260.3999999999,155869439.3,11081610.52,72326240.67,242459846.55
2024-08-21,2536027.09,620234.49,156732303.4,10120494.67,73257312.09,243266371.74
2024-08-22,2523133.46,469494.93,148116053.67,9124395.76,79395234.7,239628312.52
2024-08-23,2372821.52,419308.12,145743075.13,8626434.9,82992021.26,240153660.93
2024-08-24,2497303.49,496838.45000000007,133998136.74,9302968.2,80542800.34,226838047.22
2024-08-25,2593722.81,254204.02000000002,129027393.14999999,8137099.09,71062606.32000001,211075025.39
2024-08-26,2391489.45,121960.87,162652317.03,6254945.67,57295217.79,228715930.81
2024-08-27,2530838.5,250588.11,170940641.36,11283555.5,52930611.65,237936235.12
2024-08-28,2539561.4,410380.67,175020610.82999998,10964370.32,57647316.18,246582239.4
2024-08-29,2522727.5,607349.65,180819445.92,12133800.74,53458521.86,249541845.67000002
2024-08-30,2616849.73,480027.19,174278762.54,11449537.4,58531736.59,247356913.45
2024-08-31,2556010.5,253869.44,166751915.23,10856402.02,53938051.19,234356248.38
2024-09-01,2677838.1,42594.61,142417554.5,10220762.0,54984119.809999995,210342869.02
2024-09-02,2499983.81,255770.02,166792797.22,11457250.780000001,57438278.85,238444080.68
2024-09-03,2284841.35,214407.57,173355772.62,10555940.24,56422357.99,242833319.77
2024-09-04,2397111.83,405072.91000000003,171085579.47,10933973.27,56862234.79,241683972.27
2024-09-05,2497038.88,531641.69,170641812.11,10299438.5,57638162.67,241608093.85
2024-09-06,2511155.02,396187.28,173274471.06,10035622.81,55540145.59,241757581.76
2024-09-07,2575314.21,250167.24,158667751.21,9599695.01,57940788.32,229033715.98999998
2024-09-08,2647167.4,403607.33999999997,148539812.41,10205331.05,53173871.75,214969789.95
2024-09-09,2602500.59,459775.77,167787430.08,12112068.15,61538096.32,244499870.91
2024-09-10,2441279.8,413174.58999999997,174916041.95,9986213.91,59726353.79,247483064.04
2024-09-11,2447023.25,358598.24,170073855.76,11131684.05,65985995.57,249997156.87
2024-09-12,2531592.5700000003,304072.05000000005,166454427.68,7942212.01,67931750.3,245164054.60999998
2024-09-13,2422910.77,187385.12,161187687.39000002,10392991.120000001,74870902.33,249061876.73
2024-09-14,2386997.92,399754.48,144737755.72,12127321.09,82935846.17999999,242587675.39
2024-09-15,2579093.52,479979.39999999997,128513169.09,12610871.54,79153136.24000001,223336249.79
2024-09-16,2420440.7800000003,585784.8,146300618.55,11304115.28,87077752.26,247688711.67000002
2024-09-17,2480480.14,320239.27,141363285.5,8926037.44,84780179.58,237870221.93
2024-09-18,2429552.6999999997,325085.68,143293719.74,12502062.870000001,90495533.74,249045954.73
2024-09-19,2520820.41,353022.93,150562809.42,11715680.86,84990847.91,250143181.53
2024-09-20,2461259.07,264917.23,142633378.37,9784682.76,87032945.62,242177183.05
2024-09-21,2423889.99,80727.29999999999,130207557.83,10101485.72,91070085.93,233883746.77
2024-09-22,2605043.1,43663.950000000004,110773414.22,6815883.9,89247276.78999999,209485281.96
2024-09-23,2444081.83,161196.04,136897645.92,10128517.2,87768323.44,237399764.43
2024-09-24,2606524.74,298377.97,144534849.41,10955215.25,88180386.98,246575354.35
2024-09-25,2661442.1,306129.79000000004,144252727.03,7838092.17,90279683.75,245338074.84
2024-09-26,2402504.4699999997,218384.44,134337240.57,9074984.66,93108857.97,239141972.11
2024-09-27,1912354.45,217722.97999999998,140978151.19,10876157.59,87639347.94,241623734.15
2024-09-28,2252358.0300000003,87346.03,138387288.38,7877788.01,82397598.12,231002378.57
2024-09-29,2485235.47,79358.84,115616461.55,6113772.58,81545194.91,205840023.35
2024-09-30,2387501.92,74851.88,110497704.75,8250369.35,98997185.06,220207612.96
2024-10-01,2386611.81,79204.98999999999,118273466.06,11518027.93,101232167.06,233489477.85
2024-10-02,2277457.19,74444.51,120497935.30000001,10147529.05,98931957.27,231929323.32
2024-10-03,2238103.02,186760.41999999998,115993819.83,11089613.61,103819786.49,233328083.37
2024-10-04,2251759.49,176667.03999999998,123121746.09,9791781.99,99314237.29,234656191.9
2024-10-05,2239539.52,36192.24,126715090.06,10722441.53,81657848.53,221371111.88
2024-10-06,2427690.94,22823.96,111733199.32,9116920.64,77878748.94,201179383.8
2024-10-07,2235033.88,3334.7799999999997,119128895.25,10407530.93,93093364.66,224868159.5
2024-10-08,2330353.76,25909.89,119715966.96,9221315.09,93680999.35000001,224974545.05
2024-10-09,2348238.41,35635.58,121949755.08,10436400.01,94558151.95,229328181.03
2024-10-10,2321875.39,183533.71000000002,128226728.41,7371316.41,90353941.95,228457395.87
2024-10-11,2254809.42,169551.66999999998,133102428.33,11244889.74,82753918.53,229525597.69
2024-10-12,2441850.52,407544.53,148656771.48,11229911.790000001,58876925.23,221613003.55
2024-10-13,2485754.0,507888.0,109152379.98,10418609.15,79009151.12,201573782.25
2024-10-14,2509985.21,310456.86,110862570.31,10491204.7,81369089.22,205543306.3
2024-10-15,2580919.11,192961.56,115194468.94,7782039.97,101335966.09,227086355.67
2024-10-16,2598288.38,228255.1,119195987.36,8540880.67,98828639.4,229392050.91
2024-10-17,2653454.28,420100.61,113228964.23,11584060.97,107854626.24000001,235741206.33
2024-10-18,2584708.42,491535.91000000003,117714471.81,11571197.99,107874943.32,240236857.45
2024-10-19,2689181.59,456223.94,110551001.87,8785804.81,105116102.69,227598314.9
2024-10-20,2332415.91,54466.270000000004,110174448.11,9911340.68,81329748.54,203802419.51
2024-10-21,2405551.5,189477.27000000002,142046481.68,9980980.0,72079513.45,226702003.9
2024-10-22,2468194.79,135703.84,139853664.49,9217007.97,78144213.38,229818784.47
2024-10-23,2529900.55,231668.15999999997,128443552.66,9980434.67,90266187.69,231451743.73
2024-10-24,2668915.36,350077.65,122212641.09,10768727.86,99515168.62,235515530.58
2024-10-25,2607700.7800000003,534477.61,123046379.67,11796714.38,100852715.51,238837987.95
2024-10-26,2580792.44,628383.51,123782791.94,10159310.42,93805105.75,230956384.06
2024-10-27,2579192.8200000003,628018.3,132229378.88,9288999.45,66927131.64,211652721.09
2024-10-28,2605141.41,581910.27,123486982.86999999,8865215.99,97522792.28,233062042.82
2024-10-29,2748769.92,476187.63,119932874.39,9395070.33,104190877.26,236743779.53
2024-10-30,2696770.4699999997,422350.56999999995,112134006.38,9700720.36,110684381.57000001,235638229.35
2024-10-31,2601908.04,96679.54000000001,139329728.0,8115165.3,74916230.33,225059711.21
2024-11-01,2081875.93,45535.4,137910585.1,6573671.7700000005,75634678.21,222246346.41
2024-11-02,1724086.2,30801.11,127766430.93,8398698.95,75781882.09,213701899.28
2024-11-03,1888238.98,29170.7,116722204.65,7782189.88,66890318.26,193312122.47
2024-11-04,1940051.47,25906.35,116404231.91,7606438.17,71114439.3,197091067.2
2024-11-05,1908767.77,136275.49,124064605.44,10961811.93,88054152.71000001,225125613.34
2024-11-06,2037827.1400000001,154240.41999999998,135540676.04,10596309.24,81655179.99,229984232.82999998
2024-11-07,2163911.39,209965.46,122445764.7,8026155.36,96734757.15,229580554.06
2024-11-08,2359246.59,34562.68,121533616.25,6633890.55,94627672.01,225188988.08
2024-11-09,2734737.5300000003,77342.54000000001,115051865.14,10482703.1,84456441.99,212803090.3
2024-11-10,2228286.5500000003,52311.96,115118120.14,10122532.35,65438202.55,192959453.55
2024-11-11,2260022.11,33634.38,121314945.34,7742709.29,64691206.14,196042517.26
2024-11-12,2126947.88,32160.739999999998,153655436.84,10461367.33,55266218.93,221542131.72
2024-11-13,1833030.33,28996.89,164276868.57,11025209.370000001,49455982.88,226620088.04
2024-11-14,1827726.73,53867.09,160605582.87,9076596.8,56618595.45,228182368.94
2024-11-15,1966624.65,20741.93,169918125.72,11415282.87,46558940.05,229879715.22
2024-11-16,2016427.72,13385.28,166455122.23,9067860.11,40400734.27,217953529.61
2024-11-17,1993434.31,38755.47,144730312.95,9531813.39,55078555.61,211372871.73
2024-11-18,2000166.51,94489.51000000001,158562864.41,10004574.26,65730780.730000004,236392875.42
2024-11-19,1854224.8,129749.43,168086730.35,10300374.84,59981518.08,240352597.5
2024-11-20,1786184.28,83667.79999999999,155653868.39,9285267.99,70070357.28,236879345.74
2024-11-21,1930043.71,89893.44,170755042.4,8679118.55,56415944.2,237870042.3
2024-11-22,2169385.31,23893.629999999997,164037907.04,8207699.21,60358634.51,234797519.7
2024-11-23,2326699.4699999997,55554.54000000001,164687299.29,9112480.38,49470766.86,225652800.54
2024-11-24,2136489.77,323354.07999999996,152866575.82999998,9408247.41,45964333.88,210699000.97
2024-11-25,2390850.75,243682.44,181202048.46,11082489.84,46306205.64,241225277.13
2024-11-26,2345322.12,181243.43,181178894.96,10029293.14,51378826.620000005,245113580.27
2024-11-27,2213052.92,33261.78,170003110.14000002,9122272.66,60536530.239999995,241908227.74
2024-11-28,2429586.87,106556.95,161041053.94,9749729.15,68912735.4,242239662.31
2024-11-29,2760477.45,172108.86,173566656.49,10069111.05,55423735.949999996,241992089.8
2024-11-30,2781055.96,282204.98,172493936.48,11404172.41,45156868.0,232118237.83
2024-12-01,2525125.6,365820.86,157310318.53,11921453.08,46559740.53,218682458.6
2024-12-02,2731767.34,342817.88,172739152.6,9942590.43,56861359.13,242617687.38
2024-12-03,2768150.52,323822.56,163808794.21,10420436.73,59447354.150000006,236768558.17
2024-12-04,2811493.71,363303.4,160354432.7,10802418.2,72988550.60000001,247320198.61
2024-12-05,2750652.37,376957.44,146784236.07,11133877.0,79394437.16,240440160.04
2024-12-06,2563963.09,312959.66000000003,170809508.78,11735022.53,60532994.06,245954448.12
2024-12-07,2572018.2199999997,226373.63,149422661.28,12209896.83,66361411.11000001,230792361.07
2024-12-08,2599177.87,410412.7,137213613.21,13538513.01,58671892.49,212433609.28
2024-12-09,2604726.5,408058.77,138586181.18,12455224.22,85146085.46000001,239200276.13
2024-12-10,2487750.0,398650.0,145036470.0,11967040.0,89382300.0,249272210.0
2024-12-11,2482460.0,347190.0,141761210.0,11666050.0,91413540.0,247670450.0
2024-12-12,2668420.0,271610.0,135994300.0,10802630.0,99075940.0,248812900.0
2024-12-13,2818990.0,308070.0,130690570.0,12190450.0,101208810.0,247216890.0
2024-12-14,2728190.0,159680.0,117135910.0,11436420.0,95556780.0,227016980.0
2024-12-15,2832680.0,186220.0,112076550.0,11257810.0,85078460.0,211431720.0
2024-12-16,2887110.0,223010.0,125061130.0,10399260.0,101938090.0,240508600.0
2024-12-17,2840180.0,376820.0,130116400.0,10727320.0,97062540.0,241123260.0
2024-12-18,2879550.0,461400.0,128569010.0,11255330.0,101199200.0,244364490.0
2024-12-19,2885150.0,635360.0,138993680.0,9935930.0,90986460.0,243436580.0
2024-12-20,2758260.0,244230.0,133118010.0,9542980.0,100419090.0,246082570.0
2024-12-21,2734270.0,172060.0,118779800.0,9047860.0,101911640.0,232645630.0
2024-12-22,2767920.0,304990.0,107914660.0,7897510.0,95637760.0,214522840.0
2024-12-23,2664190.0,349100.0,130641980.0,7624540.0,88336150.0,229615960.0
2024-12-24,2753390.0,338880.0,132310700.0,9131720.0,72248030.0,216782720.0
2024-12-25,2740990.0,443370.0,125361140.0,10642840.0,53778590.0,192966930.0
2024-12-26,2698450.0,367550.0,154388690.0,9033610.0,63164580.0,229652880.0
2024-12-27,2729190.0,284610.0,167239870.0,7890480.0,54285000.0,232429150.0
2024-12-28,2752440.0,266950.0,160335080.0,7754530.0,53366520.0,224475520.0
2024-12-29,2673520.0,242140.0,156497150.0,8906150.0,42421520.0,210740480.0
2024-12-30,2478850.0,236500.0,158606790.0,8919140.0,48031580.0,218272860.0
2024-12-31,1404910.0,276050.0,158354580.0,9721190.0,31872980.0,201629710.0
2025-01-01,1261920.0,379790.0,143175050.0,10427220.0,24744510.0,179988490.0
2025-01-02,1518520.0,397880.0,154576030.0,10392060.0,41812450.0,208696940.0
2025-01-03,2043680.0,353970.0,153698930.0,8282410.0,52232230.0,216611220.0
2025-01-04,2222830.0,461400.0,153094350.0,8714520.0,45236880.0,209729980.0
2025-01-05,2166380.0,455150.0,156509510.0,7470950.0,31021820.0,197623810.0
2025-01-06,2224340.0,308380.0,152634830.0,10499350.0,35444840.0,201111740.0
2025-01-07,2958860.0,357320.0,172472770.0,11456640.0,38321970.0,225567560.0
2025-01-08,2969600.0,382090.0,185217990.0,11245490.0,36265880.0,236081050.0
2025-01-09,2976970.0,277900.0,186660750.0,12256110.0,33398160.0,235569890.0
2025-01-10,2921520.0,282570.0,192358650.0,12361010.0,29883250.0,237807000.0
2025-01-11,2920560.0,399320.0,176535640.0,12085930.0,35290650.0,227232100.0
2025-01-12,2986550.0,455730.0,157006500.0,13417200.0,34877810.0,208743790.0
2025-01-13,2915200.0,440940.0,177009200.0,12180340.0,41511300.0,234056980.0
2025-01-14,2865290.0,391070.0,174489460.0,12944250.0,50233160.0,240923230.0
2025-01-15,2973120.0,350670.0,174682280.0,12765870.0,50124710.0,240896650.0
2025-01-16,2963100.0,250310.0,173255180.0,12353760.0,52685260.0,241507610.0
2025-01-17,3025770.0,379300.0,171405290.0,12965900.0,56253810.0,244030070.0
2025-01-18,2962370.0,409700.0,152191400.0,13517220.0,59141610.0,228222300.0
2025-01-19,3016650.0,499030.0,142768040.0,13217020.0,52667620.0,212168360.0
2025-01-20,3002340.0,439500.0,168697780.0,13056480.0,56435750.0,241631850.0
2025-01-21,2999840.0,534970.0,166694560.0,13235520.0,61278130.0,244743020.0
2025-01-22,2977680.0,539260.0,166897880.0,13236670.0,62380240.0,246031730.0
2025-01-23,2785700.0,161450.0,160283540.0,13155840.0,71077850.0,247464380.0
2025-01-24,2707670.0,379530.0,167886000.0,11966350.0,65138150.0,248077700.0
2025-01-25,2684860.0,446260.0,159023370.0,12086610.0,61091630.0,235332730.0
2025-01-26,2757300.0,423120.0,135668150.0,13608100.0,56690800.0,209147470.0
2025-01-27,2689640.0,436020.0,153486310.0,12894330.0,69587970.0,239094270.0
2025-01-28,2671330.0,536980.0,163253570.0,11624930.0,63834050.0,241920860.0
2025-01-29,2700730.0,492750.0,163539350.0,12470360.0,63389330.0,242592520.0
2025-01-30,2652910.0,530970.0,165466100.0,12494390.0,58190680.0,239335050.0
2025-01-31,2716080.0,563900.0,169875370.0,12255450.0,53870540.0,239281340.0
2025-02-01,2816180.0,562900.0,155232290.0,13355490.0,57182580.0,229149440.0
2025-02-02,2770660.0,518660.0,140488430.0,12612010.0,53450840.0,209840600.0
2025-02-03,2652460.0,519490.0,163785860.0,12193740.0,62905890.0,242057440.0
2025-02-04,2799050.0,482980.0,166240130.0,11673310.0,61793250.0,242988720.0
2025-02-05,2874190.0,490530.0,171506280.0,11304160.0,58824230.0,244999390.0
2025-02-06,2922790.0,445570.0,167302830.0,12105270.0,63301930.0,246078390.0
2025-02-07,2875850.0,498810.0,171632790.0,12318230.0,60869310.0,248194990.0
2025-02-08,2921830.0,535390.0,164203810.0,9969970.0,52464240.0,230095240.0
2025-02-09,2757150.0,462250.0,142670050.0,10186740.0,51361790.0,207437980.0
2025-02-10,2425610.0,499100.0,162539410.0,12542520.0,50330490.0,228337130.0
2025-02-11,2496680.0,511390.0,180067340.0,11147810.0,38368580.0,232591800.0
2025-02-12,2653030.0,519630.0,168634330.0,13071730.0,47246010.0,232124730.0
2025-02-13,2637250.0,491260.0,174819120.0,12347820.0,44600520.0,234895970.0
2025-02-14,2573630.0,540850.0,171150680.0,11757730.0,47557400.0,233580290.0
2025-02-15,2606420.0,435770.0,155174100.0,12763910.0,47149990.0,218130190.0
2025-02-16,2750120.0,447740.0,148835260.0,12884190.0,38340310.0,203257620.0
2025-02-17,2743270.0,523730.0,173860170.0,12807800.0,38060980.0,227995950.0
2025-02-18,2746070.0,505490.0,182030190.0,11868230.0,33599480.0,230749460.0
2025-02-19,2665130.0,384870.0,191557290.0,13193050.0,26632700.0,234433040.0
2025-02-20,2788180.0,476410.0,194397060.0,13106620.0,24514380.0,235282650.0
2025-02-21,2695690.0,505740.0,199801450.0,12617760.0,21803530.0,237424170.0
2025-02-22,2626100.0,489120.0,189385720.0,10992780.0,21500090.0,224993810.0
2025-02-23,2623380.0,433360.0,162551080.0,12048880.0,23634260.0,201290960.0
2025-02-24,2630960.0,385430.0,188016220.0,11147240.0,22236800.0,224416650.0
2025-02-25,2717210.0,298100.0,194349340.0,9209630.0,23524560.0,230098840.0
2025-02-26,2654930.0,323250.0,193285450.0,9709230.0,25250620.0,231223480.0
2025-02-27,2771340.0,465300.0,196778030.0,10387680.0,24588060.0,234990410.0
2025-02-28,2827790.0,488280.0,190587110.0,12360540.0,24664780.0,230928500.0
2025-03-01,2836680.0,341580.0,179199450.0,13067690.0,23744300.0,219189700.0
2025-03-02,2821640.0,507540.0,169472410.0,10236560.0,21394270.0,204432420.0
2025-03-03,2858740.0,429820.0,187827290.0,10758760.0,23139650.0,225014260.0
2025-03-04,2841150.0,357000.0,181108680.0,11878290.0,31624110.0,227809230.0
2025-03-05,2715240.0,312910.0,182021980.0,10819410.0,33030760.0,228900300.0
2025-03-06,2622150.0,275120.0,195995880.0,10044270.0,25859920.0,234797340.0
2025-03-07,2872820.0,352440.0,197106400.0,11492090.0,24164480.0,235988230.0
2025-03-08,2677920.0,352140.0,177280310.0,14075470.0,23798010.0,218183850.0
2025-03-09,2656700.0,420920.0,176346990.0,13652610.0,23141100.0,216218320.0
2025-03-10,2650000.0,418710.0,190091010.0,11736790.0,22920380.0,227816890.0
2025-03-11,2798760.0,376700.0,186221940.0,12224770.0,29478690.0,231100860.0
2025-03-12,2624100.0,361660.0,180272910.0,12105950.0,32707900.0,228072520.0
2025-03-13,2432620.0,370970.0,185940680.0,12668650.0,33133460.0,234546380.0
2025-03-14,2632970.0,356000.0,191610220.0,10909320.0,26606630.0,232115140.0
2025-03-15,2625320.0,380960.0,183134380.0,11319800.0,23129050.0,220589510.0
2025-03-16,2255840.0,401740.0,161948600.0,11491320.0,23993920.0,200091420.0
2025-03-17,2305160.0,482260.0,185121550.0,10023890.0,28978790.0,226911650.0
2025-03-18,2498240.0,299690.0,187478790.0,10377000.0,30104850.0,230758570.0
2025-03-19,2467550.0,315780.0,188267700.0,11864060.0,28172810.0,231087900.0
2025-03-20,2488410.0,473520.0,191861450.0,11654310.0,28658620.0,235136310.0
2025-03-21,2587990.0,515310.0,194006260.0,10827250.0,27713130.0,235649940.0
2025-03-22,2622140.0,583610.0,188448530.0,13395610.0,23453740.0,228503630.0
2025-03-23,2631210.0,603210.0,165992580.0,14192940.0,25328980.0,208748920.0
2025-03-24,2650610.0,597130.0,172304470.0,14634990.0,23000650.0,213187850.0
2025-03-25,2717970.0,549610.0,195193990.0,13188090.0,24795120.0,236444780.0
2025-03-26,2623440.0,517050.0,200828020.0,10207760.0,25020600.0,239196870.0
2025-03-27,2648550.0,511190.0,198211860.0,12062300.0,26794370.0,240228270.0
2025-03-28,2679470.0,521760.0,193202040.0,10914350.0,30655070.0,237972690.0
2025-03-29,2509670.0,558050.0,178912130.0,11444850.0,27923030.0,221347730.0
2025-03-30,2537800.0,533680.0,166577850.0,9155870.0,26542430.0,205347630.0
2025-03-31,2560840.0,410320.0,185687150.0,10986800.0,27444080.0,227089190.0
2025-04-01,2596870.0,494140.0,186511750.0,12051380.0,28411500.0,230065640.0
2025-04-02,2547350.0,541540.0,189579720.0,11343390.0,28323930.0,232335930.0
2025-04-03,2546150.0,557750.0,192688640.0,11335200.0,27227300.0,234355040.0
2025-04-04,2472180.0,568630.0,193691460.0,10248020.0,25139860.0,232120150.0
2025-04-05,2425350.0,519450.0,183121920.0,12667520.0,23724410.0,222458650.0
2025-04-06,2370700.0,558190.0,167858480.0,10910650.0,22037760.0,203735780.0
2025-04-07,2335360.0,489970.0,187190340.0,11127040.0,27942850.0,229085560.0
2025-04-08,2420530.0,467080.0,193196630.0,12329990.0,23635630.0,232049860.0
2025-04-09,2368790.0,416450.0,196132630.0,10032270.0,26701400.0,235651540.0
2025-04-10,2624500.0,402880.0,194424860.0,7881210.0,25697950.0,231031400.0
2025-04-11,2447390.0,300880.0,191146910.0,9259710.0,23329400.0,226484290.0
2025-04-12,2370160.0,303030.0,183741160.0,12272260.0,23431830.0,222118440.0
2025-04-13,2127270.0,433780.0,171789620.0,13044660.0,23067830.0,210463160.0
2025-04-14,1869730.0,525290.0,194400040.0,13701200.0,25127960.0,235624220.0
2025-04-15,2107890.0,535570.0,197785580.0,13371410.0,25190910.0,238991360.0
2025-04-16,2215660.0,467930.0,194721300.0,12916770.0,25159180.0,235480840.0
2025-04-17,2117020.0,468620.0,172988720.0,11214240.0,22541120.0,209329720.0
2025-04-18,2159800.0,513930.0,159446290.0,12991040.0,22504690.0,197615750.0
2025-04-19,2028010.0,546310.0,171966620.0,11270670.0,22905910.0,208717520.0
2025-04-20,1911020.0,529390.0,167512590.0,11788310.0,22263730.0,204005040.0
2025-04-21,1909200.0,462060.0,192849120.0,9186960.0,26696410.0,231103750.0
2025-04-22,2020030.0,491080.0,197252770.0,8278280.0,25561640.0,233603800.0
2025-04-23,3714850.0,381810.0,197455210.0,9332780.0,25697240.0,236581890.0
2025-04-24,1968390.0,395650.0,197768290.0,8896570.0,29652470.0,238681370.0
2025-04-25,2035460.0,411050.0,198421080.0,8415680.0,27385640.0,236668910.0
2025-04-26,2053370.0,395480.0,188429630.0,6587360.0,25723630.0,223189470.0
2025-04-27,2105490.0,379470.0,164086580.0,10033690.0,26278820.0,202884050.0
2025-04-28,1975950.0,464040.0,192733420.0,9353360.0,28170530.0,232697300.0
2025-04-29,1996370.0,404540.0,194168170.0,9837320.0,24753010.0,231159410.0
2025-04-30,1988430.0,331290.0,192033000.0,9930630.0,26199270.0,230482620.0
2025-05-01,2021980.0,296670.0,182187810.0,9236590.0,18502430.0,212245480.0
2025-05-02,2065620.0,326140.0,197819440.0,9503560.0,21418990.0,231133750.0
2025-05-03,2104300.0,290440.0,189138680.0,8567090.0,19882120.0,219982630.0
2025-05-04,1459630.0,271180.0,168490200.0,11340030.0,20337420.0,201898460.0
2025-05-05,1633590.0,262410.0,192723850.0,9583080.0,22240760.0,226443690.0
2025-05-06,1749970.0,224080.0,196099350.0,8919440.0,23661080.0,230653920.0
2025-05-07,1783320.0,361800.0,197674090.0,8483530.0,21753080.0,230055820.0
2025-05-08,1720100.0,309110.0,196256480.0,10080860.0,21729460.0,230096010.0
2025-05-09,1547090.0,318070.0,196988330.0,12975600.0,22131330.0,233960420.0
2025-05-10,1335030.0,551940.0,189703200.0,14327350.0,23044280.0,228961800.0
2025-05-11,1635580.0,548680.0,171991930.0,12740370.0,23166930.0,210083490.0
2025-05-12,1575010.0,545720.0,201405950.0,12429380.0,25080130.0,241036190.0
2025-05-13,1592420.0,332140.0,173230600.0,10858070.0,26397860.0,212411090.0
2025-05-14,1611630.0,389970.0,203191020.0,9931330.0,25501580.0,240625530.0
2025-05-15,1634890.0,411620.0,200729810.0,7680900.0,25750910.0,236208130.0
2025-05-16,1638300.0,345620.0,200169440.0,8598860.0,22539870.0,233292090.0
2025-05-17,1673360.0,314700.0,189611150.0,9896300.0,19591460.0,221086970.0
2025-05-18,1394860.0,357260.0,170950420.0,9949650.0,21656450.0,204308640.0
2025-05-19,1249220.0,335480.0,193435800.0,9645830.0,22398170.0,227064500.0
2025-05-20,1239090.0,369560.0,199574150.0,9093890.0,24294110.0,234570800.0
2025-05-21,1319360.0,389700.0,202350460.0,11770120.0,20240754.0,236070394.0
2025-05-22,1373870.0,444860.0,199993054.0,10952930.0,24956600.0,237721314.0
2025-05-23,1348270.0,563000.0,200214470.0,13495450.0,26284640.0,241905830.0
2025-05-24,1346290.0,547050.0,194733470.0,11980950.0,24889640.0,233497400.0
2025-05-25,1394490.0,557540.0,175957920.0,11877060.0,23962190.0,213749200.0
2025-05-26,1378560.0,521470.0,199940970.0,9821710.0,24651790.0,236314500.0
2025-05-27,1386720.0,525970.0,203211230.0,8259440.0,23752820.0,237136180.0
2025-05-28,1685180.0,556860.0,199274030.0,10998990.0,25468400.0,237983460.0
2025-05-29,1687790.0,539450.0,200279920.0,12739680.0,23810050.0,239056890.0
2025-05-30,1900710.0,541140.0,206667560.0,10446640.0,23553230.0,243109280.0
2025-05-31,2026670.0,477910.0,191337890.0,7010410.0,24652760.0,225505640.0
2025-06-01,2138580.0,540000.0,168004320.0,7759940.0,23169490.0,201612330.0
2025-06-02,2200490.0,460790.0,175110670.0,9204560.0,23357340.0,210333850.0
2025-06-03,1942130.0,519510.0,194577410.0,11393180.0,25738030.0,234170260.0
2025-06-04,2107830.0,537130.0,196945180.0,10201900.0,28065070.0,237857110.0
2025-06-05,2127310.0,523670.0,194194750.0,9067660.0,33061510.0,238974900.0
2025-06-06,2176500.0,515850.0,196181210.0,8920120.0,30696420.0,238490100.0
2025-06-07,2166020.0,527490.0,187767790.0,12196210.0,26192780.0,228850290.0
2025-06-08,2177430.0,558940.0,174625750.0,12835940.0,23467110.0,213665170.0
2025-06-09,2122140.0,534270.0,199603800.0,8936400.0,26535840.0,237732450.0
2025-06-10,2509180.0,513770.0,194011560.0,7881940.0,29081540.0,233997990.0
2025-06-11,2076230.0,518060.0,193415640.0,8844310.0,26186440.0,231040680.0
2025-06-12,2503420.0,473460.0,193975380.0,10216060.0,26625960.0,233794280.0
2025-06-13,2076420.0,468260.0,193696380.0,8355860.0,23951745.0,228548665.0
2025-06-14,2025820.0,424650.0,180921750.0,9097420.0,23544601.0,216014241.0
2025-06-15,2095920.0,496350.0,164512670.0,12310960.0,21750440.0,201166340.0
2025-06-16,2053260.0,503090.0,194139550.0,11882200.0,23752520.0,232330620.0
2025-06-17,2071990.0,494500.0,193809370.0,10197750.0,24730530.0,231304140.0
2025-06-18,2034030.0,522490.0,196389180.0,11848560.0,27123000.0,237917260.0
2025-06-19,2068210.0,555840.0,198377670.0,13065930.0,26307590.0,240375240.0
2025-06-20,2051340.0,541920.0,204544250.0,10658940.0,25171330.0,242967780.0
2025-06-21,2125850.0,546240.0,195169090.0,11123820.0,22140880.0,231105880.0
2025-06-22,2117430.0,538500.0,172648380.0,7510550.0,22058440.0,204873300.0
2025-06-23,2129310.0,440090.0,172151370.0,9175140.0,22777880.0,206673790.0
2025-06-24,2203950.0,484710.0,192167100.0,9028010.0,26997800.0,230881570.0
2025-06-25,2145700.0,539890.0,194893200.0,12573030.0,25690550.0,235842370.0
2025-06-26,2183950.0,496660.0,200140960.0,12548290.0,24531880.0,239901740.0
2025-06-27,2163900.0,567640.0,198365950.0,11868560.0,27182570.0,240148620.0
2025-06-28,2175240.0,544120.0,185367460.0,11452070.0,26998160.0,226537050.0
2025-06-29,2305870.0,518310.0,167246950.0,12716250.0,25432480.0,208219860.0
2025-06-30,2253130.0,541130.0,172556370.0,11785260.0,26473320.0,213609210.0
2025-07-01,2128590.0,564060.0,193037120.0,11473640.0,28793030.0,235996440.0
2025-07-02,2126820.0,534050.0,196517810.0,11346660.0,29938800.0,240464140.0
2025-07-03,2117810.0,529910.0,197685390.0,10501060.0,28934720.0,239768890.0
2025-07-04,2185100.0,370330.0,199197940.0,9534600.0,26840685.0,238128655.0
2025-07-05,2352530.0,381790.0,186923800.0,8437570.0,23265540.0,221361230.0
2025-07-06,2391930.0,427530.0,170530790.0,11963010.0,20885940.0,206199200.0
2025-07-07,2265520.0,527940.0,194033900.0,13004640.0,25730480.0,235562480.0
2025-07-08,2193490.0,605130.0,198433680.0,12118350.0,27855350.0,241206000.0
2025-07-09,2271320.0,550800.0,201378640.0,10575500.0,27017760.0,241794020.0
2025-07-10,2257630.0,611710.0,203295550.0,9209650.0,26231520.0,241606060.0
2025-07-11,2292100.0,528130.0,204010400.0,9895870.0,24957500.0,241684000.0
2025-07-12,2308250.0,577110.0,194580300.0,10409720.0,21596590.0,229471970.0
2025-07-13,2409360.0,561250.0,175046060.0,10245690.0,20431200.0,208693560.0
2025-07-14,2345640.0,584980.0,197946880.0,10866480.0,22650560.0,234394540.0
2025-07-15,2297430.0,653940.0,199815610.0,13618680.0,23122560.0,239508220.0
2025-07-16,2309790.0,658780.0,202544750.0,12284710.0,23863820.0,241661850.0
2025-07-17,2361600.0,637800.0,203634920.0,13110560.0,23647640.0,243392520.0
2025-07-18,2366640.0,652800.0,203954570.0,13616960.0,25042750.0,245633720.0
2025-07-19,2339090.0,746160.0,196102380.0,12855150.0,22566920.0,234609700.0
2025-07-20,2367090.0,675590.0,177094010.0,13231670.0,21341530.0,214709890.0
2025-07-21,2306470.0,668030.0,202020610.0,12057870.0,23488370.0,240541350.0
2025-07-22,2314070.0,644100.0,207292360.0,11014690.0,24961850.0,246227070.0
2025-07-23,2295000.0,615280.0,202466260.0,9793340.0,29424880.0,244594760.0
2025-07-24,2326080.0,605000.0,205437370.0,11406240.0,27877400.0,247652090.0
2025-07-25,2373420.0,605320.0,202502520.0,11606420.0,26831520.0,243919200.0
2025-07-26,2406430.0,630440.0,192616900.0,9774640.0,23657000.0,229085410.0
2025-07-27,2445170.0,598680.0,170238820.0,13011570.0,21322040.0,207616280.0
2025-07-28,2320740.0,409940.0,198189620.0,11746500.0,25259200.0,237926000.0
2025-07-29,2372450.0,589110.0,198679300.0,10879120.0,28658270.0,241178250.0
2025-07-30,2388960.0,545030.0,197859820.0,10766230.0,27315200.0,238875240.0
2025-07-31,2401470.0,549790.0,202977960.0,12624960.0,25652360.0,244206540.0
2025-08-01,2388100.0,635420.0,205129020.0,12362080.0,27151910.0,247666530.0
2025-08-02,2680970.0,637620.0,196533060.0,10183600.0,26589280.0,236624530.0
2025-08-03,2363450.0,556210.0,172628730.0,10667050.0,22910210.0,209125650.0
2025-08-04,2260300.0,572200.0,196234370.0,10310730.0,25405270.0,234782870.0
2025-08-05,2246280.0,627340.0,197305870.0,10849510.0,28446220.0,239475220.0
2025-08-06,2334290.0,591760.0,194098960.0,11344550.0,29399370.0,237768930.0
2025-08-07,2313470.0,492940.0,186576810.0,10799310.0,21844670.0,222027200.0
2025-08-08,2363820.0,543340.0,196575160.0,11828500.0,27011120.0,238321940.0
2025-08-09,2424650.0,586310.0,186236920.0,9123770.0,24321220.0,222692870.0
2025-08-10,2455500.0,589880.0,170648740.0,9741100.0,20359350.0,203794570.0
2025-08-11,2411310.0,610970.0,195693360.0,12272720.0,22809160.0,233797520.0
2025-08-12,2435010.0,670580.0,198694610.0,13970280.0,26709180.0,242479660.0
2025-08-13,2419630.0,598030.0,199935480.0,10871440.0,31033780.0,244858360.0
2025-08-14,2396350.0,365680.0,197700710.0,11019150.0,32030150.0,243512040.0
2025-08-15,2421820.0,29100.0,201077300.0,10174740.0,28406080.0,242109040.0
2025-08-16,2450140.0,1860.0,186164900.0,10605270.0,23475370.0,222697540.0
2025-08-17,2452550.0,0.0,168331510.0,13037480.0,19905910.0,203727450.0
2025-08-18,2416410.0,0.0,176176770.0,11504230.0,19722820.0,209820230.0
2025-08-19,2412200.0,0.0,193196180.0,14342360.0,28446020.0,238396760.0
2025-08-20,2397970.0,5970.0,200721320.0,13011950.0,35071420.0,251208630.0
2025-08-21,2722200.0,608140.0,196942862.0,12688910.0,29047933.0,242010045.0
2025-08-22,2707200.0,573060.0,195912118.0,13148410.0,28472964.0,240813752.0
2025-08-23,2732200.0,519340.0,189610751.0,12515770.0,20343480.0,225721541.0
2025-08-24,2493940.0,29080.0,173969990.0,13804580.0,24057300.0,214354890.0
2025-08-25,2463950.0,80520.0,196656400.0,12440020.0,30565485.0,242206375.0
2025-08-26,2424510.0,71270.0,195099400.0,13160190.0,35002550.0,245757920.0
2025-08-27,2412670.0,40110.0,194239370.0,14009750.0,37058970.0,247760870.0
2025-08-28,2424770.0,14820.0,190197110.0,14488010.0,38311750.0,245436460.0
2025-08-29,2427050.0,259350.0,187080440.0,14833820.0,42482310.0,247082970.0
2025-08-30,2434110.0,495600.0,180632610.0,11901710.0,39007080.0,234471110.0
2025-08-31,2455190.0,663830.0,163855240.0,12801430.0,34628400.0,214404090.0
2025-09-01,2294060.0,612310.0,188448970.0,10776350.0,40769740.0,242901430.0
2025-09-02,2261690.0,578900.0,198503160.0,12693630.0,32991080.0,247028460.0
2025-09-03,2447850.0,494570.0,194566060.0,12967560.0,32237690.0,242713730.0
2025-09-04,2464560.0,599860.0,195257020.0,11012750.0,37618194.0,246952384.0
2025-09-05,2465290.0,433960.0,202959940.0,10630510.0,32247213.0,248736913.0
2025-09-06,2485950.0,406130.0,194080680.0,12229550.0,24906920.0,234109230.0
2025-09-07,2512570.0,394140.0,173279180.0,10597990.0,21107180.0,207891060.0
2025-09-08,2483370.0,87590.0,198441740.0,13015640.0,25965930.0,239994270.0
2025-09-09,2422140.0,286540.0,205193430.0,14826350.0,29198440.0,251926900.0
2025-09-10,2454330.0,585040.0,204065030.0,14870580.0,34048420.0,256023400.0
2025-09-11,2392350.0,585590.0,199397590.0,14564240.0,34393390.0,251333160.0
2025-09-12,2264990.0,433020.0,192921750.0,11030180.0,36104940.0,242754880.0
2025-09-13,2455850.0,310160.0,187423230.0,14233520.0,25807630.0,230230390.0
2025-09-14,2491720.0,411770.0,170388440.0,13741020.0,25966760.0,212999710.0
2025-09-15,2377510.0,605970.0,191654110.0,15363120.0,32434940.0,242435650.0
2025-09-16,2420010.0,612740.0,192169520.0,12438850.0,39590560.0,247231680.0
2025-09-17,2461800.0,415510.0,187431090.0,12790620.0,40639120.0,243738140.0
2025-09-18,2385300.0,82850.0,188004580.0,10236330.0,39365108.0,240074168.0
2025-09-19,2422220.0,15790.0,184242870.0,11479850.0,39644980.0,237805710.0
2025-09-20,2395080.0,316750.0,178334340.0,13865970.0,31370790.0,226282930.0
2025-09-21,2507270.0,408240.0,167081980.0,14865200.0,26916750.0,211779440.0
2025-09-22,2478360.0,427780.0,190743490.0,13669480.0,31944540.0,239263650.0
2025-09-23,2459180.0,625800.0,195181280.0,13629910.0,37455760.0,249351930.0
2025-09-24,2438900.0,546720.0,191388290.0,13301490.0,43209650.0,250885050.0
2025-09-25,2380720.0,66480.0,187275030.0,12791640.0,42103930.0,244617800.0
2025-09-26,2507260.0,63330.0,188754500.0,12433820.0,40459530.0,244218440.0
2025-09-27,2526490.0,25670.0,180882540.0,13111170.0,29065650.0,225611520.0
2025-09-28,2529600.0,55820.0,159200430.0,13424720.0,29145220.0,204355790.0
2025-09-29,2491620.0,305410.0,188527810.0,13739380.0,34064100.0,239128320.0
2025-09-30,2494730.0,308930.0,189809560.0,12978730.0,30842350.0,236434300.0
2025-10-01,2471650.0,60250.0,189787890.0,13731030.0,31421580.0,237472400.0
2025-10-02,2502870.0,334840.0,190583090.0,11854880.0,32313940.0,237589620.0
2025-10-03,2410960.0,386780.0,192527300.0,11350950.0,32901550.0,239577540.0
2025-10-04,2361080.0,269600.0,184909460.0,12243730.0,24508030.0,224291900.0
2025-10-05,2477500.0,426180.0,167523390.0,14316880.0,25351700.0,210095650.0
2025-10-06,2480420.0,407780.0,199060160.0,12073600.0,24548240.0,238570200.0
2025-10-07,2453980.0,269220.0,202657010.0,14160790.0,23694920.0,243235920.0
2025-10-08,2597300.0,295370.0,205098070.0,11837370.0,23899470.0,243727580.0
2025-10-09,2329350.0,249240.0,204198600.0,12728120.0,22408270.0,241913580.0
2025-10-10,2503840.0,66120.0,203610530.0,11184830.0,22402970.0,239768290.0
2025-10-11,2301200.0,81630.0,188364470.0,11929410.0,18346050.0,221022760.0
2025-10-12,2295620.0,43770.0,167472690.0,13421310.0,16982430.0,200215820.0
2025-10-13,2275110.0,59480.0,172952360.0,12996780.0,16816845.0,205100575.0
2025-10-14,2279790.0,181930.0,196973890.0,13578150.0,19665520.0,232679280.0
2025-10-15,2273380.0,62710.0,199027850.0,12553410.0,21248600.0,235165950.0
2025-10-16,2419600.0,37530.0,194744940.0,9986530.0,25625070.0,232813670.0
2025-10-17,2176170.0,3040.0,193672280.0,12434760.0,28749620.0,237035870.0
2025-10-18,2281010.0,175630.0,188096480.0,14908190.0,23189210.0,228650520.0
2025-10-19,2472880.0,428480.0,168677890.0,16030650.0,23905190.0,211515090.0
2025-10-20,2223210.0,256480.0,197708230.0,13159330.0,24992090.0,238339340.0
2025-10-21,2330320.0,87160.0,198263610.0,12943320.0,24896070.0,238520480.0
2025-10-22,2397870.0,96180.0,208343630.0,11716540.0,24094950.0,246649170.0
2025-10-23,2335660.0,42040.0,214493360.0,11796800.0,20111614.0,248779474.0
2025-10-24,2524690.0,72110.0,208428960.0,14435580.0,20486750.0,245948090.0
2025-10-25,2510220.0,36810.0,198600890.0,15106180.0,19580070.0,235834170.0
2025-10-26,2324490.0,87820.0,184343400.0,16395530.0,20026950.0,223178190.0
2025-10-27,2426050.0,64310.0,208194730.0,11363810.0,21391150.0,243440050.0
2025-10-28,2533190.0,55140.0,201823360.0,16273670.0,24132990.0,244818350.0
2025-10-29,2379490.0,51550.0,204826390.0,13359230.0,25510570.0,246127230.0
2025-10-30,2532560.0,77070.0,200870850.0,11530090.0,27685540.0,242696110.0
2025-10-31,2570360.0,254560.0,198435900.0,12521030.0,25634480.0,239416330.0
2025-11-01,2450120.0,466710.0,190150590.0,15124270.0,27417246.0,235608936.0
2025-11-02,2463010.0,540240.0,178180790.0,12174440.0,21669800.0,215028280.0
2025-11-03,2328440.0,616920.0,180563900.0,11918870.0,23682460.0,219110590.0
2025-11-04,2305790.0,409400.0,199239700.0,13313670.0,24368950.0,239637510.0
2025-11-05,2317900.0,423870.0,202168930.0,12558260.0,25511040.0,242980000.0
2025-11-06,2432720.0,292070.0,205095900.0,11504640.0,23826420.0,243151750.0
2025-11-07,2472450.0,456250.0,200269190.0,14568490.0,25016840.0,242783220.0
2025-11-08,2670910.0,608630.0,195504140.0,14527100.0,24657130.0,237967910.0
2025-11-09,2600300.0,628050.0,177651350.0,13909860.0,24420720.0,219210280.0
2025-11-10,2306750.0,626930.0,196738990.0,12250900.0,30028700.0,241952270.0
2025-11-11,2235730.0,605960.0,194327730.0,11376740.0,35217360.0,243763520.0
2025-11-12,2466410.0,625910.0,192741260.0,11669670.0,38027490.0,245530740.0
2025-11-13,2364020.0,516900.0,189530780.0,12355760.0,39842950.0,244610410.0
2025-11-14,2331800.0,413870.0,193007430.0,12967350.0,38550760.0,247271210.0
2025-11-15,2520180.0,449710.0,182367280.0,10915190.0,32443360.0,228695720.0
2025-11-16,2239520.0,292460.0,171980270.0,10235570.0,22122330.0,206870150.0
2025-11-17,1057410.0,356260.0,176994350.0,12472700.0,20559090.0,211439810.0
2025-11-18,1831180.0,549160.0,196206490.0,13763120.0,29601440.0,241951390.0
2025-11-19,2453000.0,603470.0,197133230.0,12931000.0,32853650.0,245974350.0
2025-11-20,2639240.0,423820.0,197130830.0,11752440.0,35651965.0,247598295.0
2025-11-21,2926440.0,482030.0,196520040.0,12470760.0,35432390.0,247831660.0
2025-11-22,2909360.0,596330.0,187347600.0,14556910.0,26870120.0,232280320.0
2025-11-23,2888450.0,679030.0,171691760.0,12623600.0,23661750.0,211544590.0
2025-11-24,2850310.0,578670.0,198391960.0,10808380.0,28426560.0,241055880.0
2025-11-25,2899320.0,665950.0,198880590.0,13686940.0,29346250.0,245479050.0
2025-11-26,2893670.0,764520.0,202897530.0,15704550.0,29765630.0,252025900.0
2025-11-27,2952460.0,724440.0,198420300.0,12869840.0,27871520.0,242838560.0
2025-11-28,2788230.0,652130.0,205959430.0,8459890.0,22543570.0,240403250.0
2025-11-29,2759370.0,278590.0,186812900.0,9225350.0,23290520.0,222366730.0
2025-11-30,3001040.0,379990.0,167563720.0,11836430.0,22929850.0,205711030.0
2025-12-01,2762850.0,308560.0,188653610.0,10837930.0,28006560.0,230569510.0
2025-12-02,2858250.0,326410.0,191552610.0,11897260.0,30684180.0,237318710.0
2025-12-03,3037770.0,383860.0,202288840.0,14208880.0,21925140.0,241844490.0
2025-12-04,3005530.0,355270.0,200761590.0,15255730.0,22736380.0,242114500.0
2025-12-05,3204710.0,290150.0,207992610.0,13658420.0,19494620.0,244640510.0
2025-12-06,2848780.0,369300.0,202289950.0,14507090.0,17971570.0,237986690.0
2025-12-07,2877150.0,458080.0,182608150.0,14345830.0,17703060.0,217992270.0
2025-12-08,2884300.0,301330.0,188622140.0,14870170.0,16889700.0,223567640.0
2025-12-09,1667750.0,655120.0,212915340.0,10409940.0,18785470.0,244433620.0
2025-12-10,1860140.0,686180.0,209607280.0,11469040.0,22701540.0,246324180.0
2025-12-11,1884400.0,695210.0,209290430.0,12513080.0,23987010.0,248370130.0
2025-12-12,1848440.0,761530.0,208970800.0,11307900.0,25318280.0,248206950.0
2025-12-13,3109850.0,715730.0,202157450.0,13160490.0,23146160.0,242289680.0
2025-12-14,3123730.0,609840.0,184164440.0,13501710.0,21208720.0,222608440.0
2025-12-15,3116680.0,577430.0,204744150.0,14468730.0,27694660.0,250601650.0
2025-12-16,3058620.0,514510.0,202617020.0,14150830.0,32118060.0,252459040.0
2025-12-17,7127830.0,575800.0,197066300.0,13535310.0,35690810.0,253996050.0
2025-12-18,2983130.0,558440.0,195150720.0,13350550.0,39490260.0,251533100.0
2025-12-19,3001670.0,715750.0,194301070.0,13882640.0,40401740.0,252302870.0
2025-12-20,2767600.0,712650.0,178713630.0,15503850.0,38525580.0,236223310.0
2025-12-21,1798310.0,641160.0,162290880.0,13117730.0,36868030.0,214716110.0
2025-12-22,1811500.0,718450.0,182090290.0,12516580.0,38840530.0,235977350.0
2025-12-23,3139020.0,663900.0,184019740.0,16118650.0,41362670.0,245303980.0
2025-12-24,2926610.0,664810.0,175853710.0,15190380.0,35282430.0,229917940.0
2025-12-25,2830860.0,497090.0,162848100.0,15069920.0,23237040.0,204483010.0
2025-12-26,2844720.0,498690.0,179526990.0,17144300.0,31210950.0,231225650.0
2025-12-27,2932730.0,613700.0,173385610.0,17754610.0,35954510.0,230641160.0
2025-12-28,3000090.0,678210.0,164129170.0,16832780.0,34799680.0,219439930.0
2025-12-29,2991590.0,746630.0,179020420.0,17460770.0,38192720.0,238412130.0
2025-12-30,2055720.0,691240.0,179243970.0,16073630.0,38909550.0,236974110.0
2025-12-31,1534960.0,536630.0,166894750.0,16695890.0,36977182.0,222639412.0
2026-01-01,1428460.0,521620.0,145710870.0,15038590.0,33940170.0,196639710.0
2026-01-02,495080.0,590030.0,165531500.0,9725970.0,36973530.0,213316110.0
2026-01-03,1939790.0,433860.0,164876310.0,13521040.0,42011440.0,222782440.0
2026-01-04,1419250.0,547850.0,154456910.0,9729120.0,36024310.0,202177440.0
2026-01-05,2432640.0,431220.0,180989400.0,11471300.0,38384530.0,233709090.0
2026-01-06,2771280.0,560500.0,183399260.0,12575380.0,38080580.0,237387000.0
2026-01-07,2662660.0,555750.0,185516580.0,15823840.0,34501210.0,239060040.0
2026-01-08,2884970.0,685220.0,196350140.0,16375670.0,26187170.0,242483170.0
2026-01-09,3052530.0,817870.0,202862400.0,16049390.0,22355040.0,245137230.0
2026-01-10,1520330.0,772630.0,193069780.0,14670960.0,20379800.0,230413500.0
2026-01-11,1504140.0,746360.0,176355780.0,11556560.0,17980410.0,208143250.0
2026-01-12,1463840.0,692350.0,180908018.0,8838600.0,17054670.0,208957478.0
2026-01-13,1497460.0,611910.0,199103310.0,11440540.0,20143520.0,232796740.0
2026-01-14,1407720.0,518340.0,201310830.0,12402740.0,20511600.0,236151230.0
2026-01-15,1745780.0,471340.0,200576510.0,9885090.0,22832410.0,235511130.0
2026-01-16,1625680.0,366980.0,197427460.0,12794380.0,23986480.0,236200980.0
2026-01-17,3887060.0,772810.0,191000350.0,18445810.0,22752222.0,236858252.0
2026-01-18,3088510.0,709780.0,174730980.0,19036740.0,21899880.0,219465890.0
2026-01-19,2802550.0,472870.0,204966190.0,15930330.0,24320830.0,248492770.0
2026-01-20,3020780.0,761330.0,202989240.0,17683050.0,23632490.0,248086890.0
2026-01-21,3017010.0,643580.0,205294500.0,17890560.0,23076948.0,249922598.0
2026-01-22,3018110.0,595170.0,211230910.0,12611110.0,24836920.0,252292220.0
2026-01-23,3220070.0,450990.0,201593470.0,15804730.0,21951980.0,243021240.0
2026-01-24,3098400.0,556540.0,189442980.0,16532520.0,24503360.0,234133800.0
2026-01-25,1911450.0,566470.0,166887350.0,13701290.0,24733870.0,207800430.0
2026-01-26,1829920.0,742530.0,192513010.0,13715370.0,25386360.0,234187190.0
2026-01-27,1788910.0,684750.0,191938650.0,14281400.0,29150380.0,237844090.0
2026-01-28,2984690.0,628930.0,191341310.0,14966020.0,33348340.0,243269290.0
2026-01-29,2882040.0,656280.0,187030760.0,16866700.0,35686890.0,243122670.0
2026-01-30,3035750.0,630200.0,200150210.0,14955210.0,25173840.0,243945210.0
2026-01-31,1835000.0,413020.0,189104190.0,10514380.0,20466350.0,222332940.0
2026-02-01,3006110.0,416160.0,174694580.0,7447250.0,17722340.0,203286440.0
2026-02-02,2838770.0,454030.0,187767640.0,12579000.0,18332220.0,221971660.0
2026-02-03,2836080.0,739350.0,193497470.0,15480940.0,19348730.0,231902570.0
2026-02-04,2891450.0,669520.0,190674910.0,19220590.0,23603180.0,237059650.0
2026-02-05,2873620.0,483800.0,195467670.0,18710180.0,22632309.0,240167579.0
2026-02-06,2910010.0,387850.0,202616640.0,11225480.0,20870670.0,238010650.0
2026-02-07,2897370.0,229390.0,187052720.0,14838890.0,19043030.0,224061400.0
2026-02-08,2865740.0,534760.0,169374670.0,16950690.0,18264420.0,207990280.0
2026-02-09,2945760.0,740610.0,191560410.0,19064040.0,23174020.0,237484840.0
2026-02-10,2729010.0,802490.0,194724590.0,18929090.0,24248170.0,241433350.0
2026-02-11,2938340.0,779530.0,195004650.0,19502750.0,26689850.0,244915120.0
2026-02-12,2688450.0,737670.0,199667540.0,18208160.0,25537750.0,246839570.0
2026-02-13,3050600.0,780070.0,205317330.0,15242040.0,22563930.0,246953970.0
