Fecha,reward,pnl_step,pnl_acumulado,margen_inicial,capital_actual,margin_balance_total,sobre_cobertura_kwh,spot_price,future_price_t1,future_price_t2,future_price_t3,future_price_t4,future_price_t5,future_price_t6,covered_kwh_total,action_cont_1,action_cont_2,action_cont_3,action_cont_4,action_cont_5,action_cont_6,action_disc_raw_1,action_disc_raw_2,action_disc_raw_3,action_disc_raw_4,action_disc_raw_5,action_disc_raw_6,action_disc_exec_1,action_disc_exec_2,action_disc_exec_3,action_disc_exec_4,action_disc_exec_5,action_disc_exec_6,nem_slot_1,nem_slot_2,nem_slot_3,nem_slot_4,nem_slot_5,nem_slot_6,margin_calls_cost,transaction_costs,liquidacion_mtm,liquidacion_vencimiento,demanda_cubrir_kwh_1,demanda_cubrir_kwh_2,demanda_cubrir_kwh_3,demanda_cubrir_kwh_4,demanda_cubrir_kwh_5,demanda_cubrir_kwh_6,contratos_netos_1,contratos_netos_2,contratos_netos_3,contratos_netos_4,contratos_netos_5,contratos_netos_6,terminated,truncated,spot_cost,strategy_cost_daily
2025-10-10,-0.6021253239003043,0.0,0.0,5000000000.0,5000000000.0,0.0,0.0,176.20810833333334,275.0,317.5,369.32,388.79,388.71,350.19,0.0,-0.9988877773284912,-0.9869656562805176,-0.9986262917518616,0.31349581480026245,-0.757588803768158,-0.9681769609451294,-1,-1,-1,0,-1,-1,0,0,0,0,0,0,ELMX25F,ELMZ25F,ELMF26F,ELMG26F,ELMH26F,ELMJ26F,0.0,0.0,0.0,0.0,2043557.073,1970234.441,2079545.434,1980131.5984486917,2284488.30960406,2239534.55816113,0,0,0,0,0,0,0,0,11472191.35691755,11472191.35691755
2025-10-14,-0.6122880555369161,0.0,0.0,5000000000.0,5000000000.0,0.0,0.0,144.95049166666666,272.0,295.0,367.84,387.51,387.39,349.14,0.0,-0.999186098575592,-0.9450393319129944,-0.9980859756469727,0.2846566438674927,-0.7644069194793701,-0.9650852084159851,-1,-1,-1,0,-1,-1,0,0,0,0,0,0,ELMX25F,ELMZ25F,ELMF26F,ELMG26F,ELMH26F,ELMJ26F,0.0,0.0,0.0,0.0,2043557.073,1970234.441,2079545.434,1980131.5984486917,2284488.30960406,2239534.55816113,0,0,0,0,0,0,0,0,9542106.376119275,9542106.376119275
2025-10-15,-0.6022241846340077,0.0,0.0,5000000000.0,5000000000.0,0.0,0.0,181.60605,272.0,317.5,366.33,386.19,386.07,348.09,0.0,-0.9988396763801575,-0.8350842595100403,-0.9969488978385925,0.23024113476276398,-0.6786889433860779,-0.9464149475097656,-1,-1,-1,0,-1,-1,0,0,0,0,0,0,ELMX25F,ELMZ25F,ELMF26F,ELMG26F,ELMH26F,ELMJ26F,0.0,0.0,0.0,0.0,2043557.073,1970234.441,2079545.434,1980131.5984486917,2284488.30960406,2239534.55816113,0,0,0,0,0,0,0,0,12563226.684076952,12563226.684076952
2025-10-16,-1.2736160951590563,0.0,0.0,4999584329.6,4902317456.0,97266873.60000001,0.0,176.04509166666665,260.0,292.0,364.83,384.88,384.76,347.05,1080000.0,-0.9960725903511047,-0.5667538642883301,-0.9874864816665649,0.49145445227622986,-0.5847800374031067,-0.9061031341552734,-1,-1,-1,1,-1,-1,0,0,0,1,0,0,ELMX25F,ELMZ25F,ELMF26F,ELMG26F,ELMH26F,ELMJ26F,0.0,415670.4,0.0,0.0,2043557.073,1970234.441,2079545.434,1980131.5984486917,2284488.30960406,2239534.55816113,0,0,0,3,0,0,0,0,11808486.83072825,12224157.23072825
2025-10-17,-1.2003546977912996,-1501199.9999999853,-1501199.9999999853,4998083129.6,4902317456.0,95765673.60000002,0.0,160.36165833333334,250.0,310.0,363.3,383.49,383.45,346.01,1080000.0,-0.7799404859542847,-0.6912192106246948,-0.9600386023521423,0.09009180963039398,-0.5497521162033081,-0.7170076370239258,-1,-1,-1,0,-1,-1,0,0,0,0,0,0,ELMX25F,ELMZ25F,ELMF26F,ELMG26F,ELMH26F,ELMJ26F,0.0,0.0,-1501199.9999999853,0.0,2043557.073,1970234.441,2079545.434,1980131.5984486917,2284488.30960406,2239534.55816113,0,0,0,0,0,0,0,0,11446505.163735718,12947705.163735703
2025-10-20,-1.1920503274463394,-1490399.999999995,-2991599.9999999804,4996592729.6,4902317456.0,94275273.60000002,0.0,147.291425,225.0,300.0,361.77,382.11,382.15,344.97,1080000.0,-0.3451022207736969,-0.7840939164161682,-0.9049999117851257,0.10084483027458191,-0.5405803918838501,-0.577061116695404,0,-1,-1,0,-1,-1,0,0,0,0,0,0,ELMX25F,ELMZ25F,ELMF26F,ELMG26F,ELMH26F,ELMJ26F,0.0,0.0,-1490399.999999995,0.0,2043557.073,1970234.441,2079545.434,1980131.5984486917,2284488.30960406,2239534.55816113,0,0,0,0,0,0,0,0,9835225.976927426,11325625.97692742
2025-10-21,-1.5635433820370264,0.0,-2991599.9999999804,4996180007.6,4839996434.0,156183573.60000002,0.0,179.39419166666667,225.0,300.0,361.77,382.11,382.15,344.97,2160000.0,0.35301122069358826,-0.7239434123039246,0.3250654637813568,0.12104631960391998,0.7457652688026428,-0.3740502595901489,0,-1,0,0,1,0,0,0,0,0,1,0,ELMX25F,ELMZ25F,ELMF26F,ELMG26F,ELMH26F,ELMJ26F,0.0,412722.0,0.0,0.0,2043557.073,1970234.441,2079545.434,1980131.5984486917,2284488.30960406,2239534.55816113,0,0,0,0,3,0,0,0,13546438.41934921,13959160.41934921
2025-10-22,-2.6612717533046624,-5853600.000000017,-8845199.999999996,4989744114.8,4703157626.0,286586488.8,0.0,123.32715833333332,225.0,300.0,358.74,379.32,379.52,342.83,4320000.0,0.7418585419654846,-0.7806835770606995,0.7081890106201172,0.35272103548049927,0.7175815105438232,-0.48728442192077637,1,-1,1,0,1,-1,1,0,1,0,0,0,ELMX25F,ELMZ25F,ELMF26F,ELMG26F,ELMH26F,ELMJ26F,0.0,582292.8,-5853600.000000017,0.0,2043557.073,1970234.441,2079545.434,1980131.5984486917,2284488.30960406,2239534.55816113,4,0,2,0,0,0,0,0,9387598.668902367,15823491.468902385
2025-10-23,-2.3869566347957516,14565600.000000034,5720400.000000037,5004309714.8,4717165226.0,287144488.8,0.0,137.81476666666666,220.0,285.0,357.23,390.0,390.0,370.0,4320000.0,0.8107412457466125,-0.6760212182998657,0.7614762187004089,0.9492037296295166,0.9581621885299683,-0.4248253405094147,1,-1,1,1,1,0,0,0,0,0,0,0,ELMX25F,ELMZ25F,ELMF26F,ELMG26F,ELMH26F,ELMJ26F,0.0,0.0,14565600.000000034,0.0,2043557.073,1970234.441,2079545.434,1980131.5984486917,2284488.30960406,2239534.55816113,0,0,0,0,0,0,0,0,10817389.051670166,-3748210.948329868
2025-10-24,-2.720700343484623,-4219200.00000001,1501200.000000027,5000090514.8,4717165226.0,282925288.8,0.0,125.450225,220.0,290.0,355.69,388.48,388.64,368.82,4320000.0,0.9997023940086365,-0.4155724346637726,0.990399181842804,0.485793799161911,0.9726772904396057,0.015243586152791977,1,0,1,1,1,0,0,0,0,0,0,0,ELMX25F,ELMZ25F,ELMF26F,ELMG26F,ELMH26F,ELMJ26F,0.0,0.0,-4219200.00000001,0.0,2043557.073,1970234.441,2079545.434,1980131.5984486917,2284488.30960406,2239534.55816113,0,0,0,0,0,0,0,0,9923136.256692076,14142336.256692085
2025-10-27,-4.029475957472299,-47412000.00000004,-45910800.00000001,4952678514.8,4666765226.0,285913288.79999995,0.0,106.63914166666666,190.0,280.0,354.16,386.96,387.28,367.64,4320000.0,0.9997389316558838,-0.4506922662258148,0.9851212501525879,-0.022761935368180275,0.972546398639679,-0.19533681869506836,1,-1,1,0,1,0,0,0,0,0,0,0,ELMX25F,ELMZ25F,ELMF26F,ELMG26F,ELMH26F,ELMJ26F,50400000.0,0.0,-47412000.00000004,0.0,2043557.073,1970234.441,2079545.434,1980131.5984486917,2284488.30960406,2239534.55816113,0,0,0,0,0,0,0,0,7020667.657702967,54432667.657703005
2025-10-28,-2.239314138326499,-4193999.9999999716,-50104799.99999998,4948484514.8,4666765226.0,281719288.8,0.0,169.49115833333337,190.0,280.0,352.64,385.45,385.92,366.46,4320000.0,0.999439001083374,-0.5735947489738464,0.981717050075531,-0.03313376381993294,0.9813873767852783,0.004686842672526836,1,-1,1,0,1,0,0,0,0,0,0,0,ELMX25F,ELMZ25F,ELMF26F,ELMG26F,ELMH26F,ELMJ26F,0.0,0.0,-4193999.9999999716,0.0,2043557.073,1970234.441,2079545.434,1980131.5984486917,2284488.30960406,2239534.55816113,0,0,0,0,0,0,0,0,12060405.913012594,16254405.913012566
2025-10-29,-2.1875836683307215,-4215600.0000000335,-54320400.000000015,4945474248.8,4758703433.6,186770815.2,0.0,117.53246666666666,190.0,270.0,351.12,383.95,384.53,365.29,3240000.0,0.9990564584732056,-0.6873584389686584,0.9304949045181274,-0.8694073557853699,0.8173412084579468,-0.43337899446487427,1,-1,1,-1,1,0,0,0,0,-1,0,0,ELMX25F,ELMZ25F,ELMF26F,ELMG26F,ELMH26F,ELMJ26F,0.0,414666.0,-4215600.0000000335,0.0,2043557.073,1970234.441,2079545.434,1980131.5984486917,2284488.30960406,2239534.55816113,0,0,0,-3,0,0,0,0,8433945.3995598,13064211.399559833
2025-10-30,-2.062870540981848,-2379599.9999999637,-56699999.99999998,4943094648.8,4758703433.6,184391215.20000002,0.0,113.41794166666666,185.0,265.0,349.61,390.0,390.0,364.12,3240000.0,0.9853106141090393,-0.6532689332962036,0.9500598907470703,-0.4167154133319855,0.9235543012619019,0.2758263647556305,1,-1,1,0,1,0,0,0,0,0,0,0,ELMX25F,ELMZ25F,ELMF26F,ELMG26F,ELMH26F,ELMJ26F,0.0,0.0,-2379599.9999999637,0.0,2043557.073,1970234.441,2079545.434,1980131.5984486917,2284488.30960406,2239534.55816113,0,0,0,0,0,0,0,0,7945219.999129209,10324819.999129172
2025-10-31,-2.1540082095258577,-2620799.9999999898,-59320799.99999997,4940473848.8,4758703433.6,181770415.20000002,0.0,107.80095833333333,185.0,265.0,348.07,388.44,388.6,362.95,3240000.0,0.9897153377532959,-0.5027763247489929,0.9436558485031128,-0.9460883140563965,0.6407615542411804,0.27123206853866577,1,-1,1,-1,1,0,0,0,0,0,0,0,ELMX25F,ELMZ25F,ELMF26F,ELMG26F,ELMH26F,ELMJ26F,0.0,0.0,-2620799.9999999898,0.0,2043557.073,1970234.441,2079545.434,1980131.5984486917,2284488.30960406,2239534.55816113,0,0,0,0,0,0,0,0,7667672.0621822085,10288472.0621822
2025-11-04,-3.4328299272542857,-16761600.000000041,-76082400.00000001,4923355661.6,4530491837.6,392863824.0,909765.5589999999,177.85281666666666,265.0,346.71,387.04,387.32,361.86,307.34,6120000.0,0.9652536511421204,-0.3148423135280609,0.9723289608955383,-0.991378664970398,0.8481589555740356,0.14258292317390442,1,0,1,-1,1,0,1,0,1,-1,1,0,ELMZ25F,ELMF26F,ELMG26F,ELMH26F,ELMJ26F,ELMK26F,21600000.0,1738987.2000000002,-16761600.000000041,0.0,1970234.441,2079545.434,1980131.5984486917,2284488.30960406,2239534.55816113,2285308.949670708,4,0,3,-3,4,0,0,0,11908134.984211033,30408722.18421107
2025-11-05,-0.9857656271343376,133927199.99999997,57844799.999999955,5012860301.6,4671775392.8,341084908.8,0.0,193.122,265.0,408.0,408.0,408.0,408.0,408.0,5400000.0,0.10178827494382858,-0.9013603329658508,0.5928245782852173,-0.992059051990509,0.2802692949771881,0.42728883028030396,0,-1,1,-1,0,0,0,-1,0,0,0,0,ELMZ25F,ELMF26F,ELMG26F,ELMH26F,ELMJ26F,ELMK26F,0.0,293760.0,133927199.99999997,0.0,1970234.441,2079545.434,1980131.5984486917,2284488.30960406,2239534.55816113,2285308.949670708,0,-2,0,0,0,0,0,0,14641800.896016004,-118991639.10398397
2025-11-06,-3.2364387323215027,20880000.0,78724799.99999996,5033299661.6,4626118752.8,407180908.8,234691.0503292922,185.79755,265.0,408.0,408.0,408.0,408.0,408.0,6480000.0,-0.211294487118721,-0.8097662925720215,0.7464058995246887,-0.9386706948280334,0.8632338643074036,0.8495479822158813,0,-1,1,-1,1,1,0,0,0,0,0,1,ELMZ25F,ELMF26F,ELMG26F,ELMH26F,ELMJ26F,ELMK26F,0.0,440640.0,20880000.0,0.0,1970234.441,2079545.434,1980131.5984486917,2284488.30960406,2239534.55816113,2285308.949670708,0,0,0,0,0,3,0,0,14329356.232639702,-6110003.767360298
2025-11-07,-2.7520883767131314,-10800000.0,67924799.99999996,5000496461.6,4682609952.8,317886508.8,234691.0503292922,225.93448333333333,280.0,408.0,408.0,408.0,408.0,408.0,5040000.0,-0.5142446756362915,-0.9443507194519043,0.1957225352525711,-0.5047311186790466,0.27359336614608765,0.8872466683387756,-1,-1,0,-1,0,1,-1,0,0,0,0,0,ELMZ25F,ELMF26F,ELMG26F,ELMH26F,ELMJ26F,ELMK26F,32400000.0,403200.0,-10800000.0,0.0,1970234.441,2079545.434,1980131.5984486917,2284488.30960406,2239534.55816113,2285308.949670708,-4,0,0,0,0,0,0,0,17341303.712535452,28544503.712535452
2025-11-10,-1.803383305343532,3600000.0,71524799.99999996,5004096461.6,4686209952.8,317886508.8,234691.0503292922,254.8426333333333,280.0,408.0,408.0,408.0,408.0,408.0,5040000.0,-0.6847065687179565,-0.7849147915840149,0.8929808139801025,-0.884803831577301,0.16174709796905518,0.9646531939506531,-1,-1,1,-1,0,1,0,0,0,0,0,0,ELMZ25F,ELMF26F,ELMG26F,ELMH26F,ELMJ26F,ELMK26F,0.0,0.0,3600000.0,0.0,1970234.441,2079545.434,1980131.5984486917,2284488.30960406,2239534.55816113,2285308.949670708,0,0,0,0,0,0,0,0,17628398.436232567,14028398.436232567
2025-11-11,0.017042664656468393,69120000.0,140644799.99999994,5073216461.6,4755329952.8,317886508.8,234691.0503292922,346.8536833333333,280.0,408.0,408.0,408.0,408.0,408.0,5040000.0,-0.03550245985388756,-0.8788970708847046,0.898164689540863,-0.7656841278076172,0.28118816018104553,0.920691967010498,0,-1,1,-1,0,1,0,0,0,0,0,0,ELMZ25F,ELMF26F,ELMG26F,ELMH26F,ELMJ26F,ELMK26F,0.0,0.0,69120000.0,0.0,1970234.441,2079545.434,1980131.5984486917,2284488.30960406,2239534.55816113,2285308.949670708,0,0,0,0,0,0,0,0,26544706.83584107,-42575293.164158925
2025-11-12,-0.9914058353435314,9360000.0,150004799.99999994,5082576461.6,4764689952.8,317886508.8,234691.0503292922,321.12385,280.0,408.0,408.0,408.0,408.0,408.0,5040000.0,0.05773705989122391,-0.7963693737983704,0.6172789335250854,-0.890572726726532,0.3837285041809082,0.9126616716384888,0,-1,1,-1,0,1,0,0,0,0,0,0,ELMZ25F,ELMF26F,ELMG26F,ELMH26F,ELMJ26F,ELMK26F,0.0,0.0,9360000.0,0.0,1970234.441,2079545.434,1980131.5984486917,2284488.30960406,2239534.55816113,2285308.949670708,0,0,0,0,0,0,0,0,25296558.57927725,15936558.57927725
2025-11-13,-1.3919689537262183,-2307600.0000000093,147697199.99999994,5080268861.6,4765409952.8,314858908.8,234691.0503292922,298.32405,280.0,406.98,407.39,407.06,407.06,407.06,5040000.0,-0.7017231583595276,-0.8684597611427307,0.7592330574989319,-0.926922082901001,0.28346875309944153,0.8272826671600342,-1,-1,1,-1,0,1,0,0,0,0,0,0,ELMZ25F,ELMF26F,ELMG26F,ELMH26F,ELMJ26F,ELMK26F,0.0,0.0,-2307600.0000000093,0.0,1970234.441,2079545.434,1980131.5984486917,2284488.30960406,2239534.55816113,2285308.949670708,0,0,0,0,0,0,0,0,24147302.050663803,26454902.050663814
2025-11-14,-1.5578838638663046,-2350799.999999908,145346400.00000003,5077313261.6,4623771552.8,453541708.8000001,1864456.609329292,300.1530833333333,280.0,406.04,406.86,406.16,406.16,406.16,7200000.0,0.5275256633758545,-0.7647494077682495,0.7034830451011658,-0.9617642760276794,-0.04743054881691933,0.6944818496704102,1,-1,1,-1,0,1,1,0,0,0,0,0,ELMZ25F,ELMF26F,ELMG26F,ELMH26F,ELMJ26F,ELMK26F,0.0,604800.0,-2350799.999999908,0.0,1970234.441,2079545.434,1980131.5984486917,2284488.30960406,2239534.55816113,2285308.949670708,6,0,0,0,0,0,0,0,24108525.570595168,27064125.570595074
2025-11-18,-2.801453353198637,-24825600.000000056,120520799.99999997,5051515294.400001,4742599985.6,308915308.8,234691.0503292922,231.86389166666663,280.17,405.02,406.21,405.23,405.19,405.23,5040000.0,-0.5893529653549194,-0.7857441902160645,0.4646276831626892,-0.9133279323577881,-0.27941325306892395,0.5401196479797363,-1,-1,1,-1,0,1,-1,0,0,0,0,0,ELMZ25F,ELMF26F,ELMG26F,ELMH26F,ELMJ26F,ELMK26F,22089600.0,605167.2000000001,-24825600.000000056,0.0,1970234.441,2079545.434,1980131.5984486917,2284488.30960406,2239534.55816113,2285308.949670708,-6,0,0,0,0,0,0,0,15337297.926382916,40768065.12638298
2025-11-19,-0.8456101459484189,3909600.000000025,124430400.0,5057258756.000001,4981442756.000001,75816000.0,0.0,341.37328333333335,285.05,403.93,405.48,404.22,404.18,404.26,1440000.0,-0.9985976815223694,-0.9696932435035706,-0.839099645614624,-0.9769260883331299,-0.9120367765426636,-0.7147313952445984,-1,-1,-1,-1,-1,-1,0,0,-1,0,-1,-1,ELMZ25F,ELMF26F,ELMG26F,ELMH26F,ELMJ26F,ELMK26F,0.0,1456538.4000000001,3909600.000000025,0.0,1970234.441,2079545.434,1980131.5984486917,2284488.30960406,2239534.55816113,2285308.949670708,0,0,-3,0,-4,-3,0,0,23638979.825090718,21185918.22509069
2025-11-20,-0.7433324468133704,-187199.99999999345,124243200.0,5057071556.000001,4981442756.000001,75628800.0,0.0,229.178725,265.0,402.76,404.71,403.17,403.13,403.25,1440000.0,-0.9348729848861694,-0.7468348145484924,-0.8506394028663635,-0.9894383549690247,-0.8863674998283386,-0.624765932559967,-1,-1,-1,-1,-1,-1,0,0,0,0,0,0,ELMZ25F,ELMF26F,ELMG26F,ELMH26F,ELMJ26F,ELMK26F,0.0,0.0,-187199.99999999345,0.0,1970234.441,2079545.434,1980131.5984486917,2284488.30960406,2239534.55816113,2285308.949670708,0,0,0,0,0,0,0,0,16587599.742582625,16774799.742582617
2025-11-21,-0.6094034159435122,28799.999999973807,124271999.99999997,5057100356.000001,4981442756.000001,75657599.99999997,0.0,278.71406666666667,270.0,401.59,403.94,402.12,402.08,402.24,1440000.0,-0.9217953085899353,-0.9342877864837646,-0.8688997626304626,-0.9924250841140747,-0.7799692153930664,-0.7878081798553467,-1,-1,-1,-1,-1,-1,0,0,0,0,0,0,ELMZ25F,ELMF26F,ELMG26F,ELMH26F,ELMJ26F,ELMK26F,0.0,0.0,28799.999999973807,0.0,1970234.441,2079545.434,1980131.5984486917,2284488.30960406,2239534.55816113,2285308.949670708,0,0,0,0,0,0,0,0,19891653.758561537,19862853.758561563
2025-11-24,-0.12303838236718484,46958400.00000002,171230400.0,5104058756.000001,5028242756.000001,75816000.0,0.0,253.04098333333337,287.5,400.51,403.25,401.11,401.07,401.27,1440000.0,-0.9768272638320923,-0.9797724485397339,-0.9935118556022644,-0.9922940731048584,-0.798253059387207,-0.9627721309661865,-1,-1,-1,-1,-1,-1,0,0,0,0,0,0,ELMZ25F,ELMF26F,ELMG26F,ELMH26F,ELMJ26F,ELMK26F,0.0,0.0,46958400.00000002,0.0,1970234.441,2079545.434,1980131.5984486917,2284488.30960406,2239534.55816113,2285308.949670708,0,0,0,0,0,0,0,0,16702309.432875318,-30256090.567124702
2025-11-25,-2.1403257162990523,-54000000.0,117230400.0,5050058756.000001,4974242756.000001,75816000.0,0.0,195.42016666666663,265.0,399.35,402.44,400.07,400.03,400.27,1440000.0,-0.7475906610488892,-0.9901759624481201,-0.9963894486427307,-0.9998988509178162,-0.9966850280761719,-0.995453417301178,-1,-1,-1,-1,-1,-1,0,0,0,0,0,0,ELMZ25F,ELMF26F,ELMG26F,ELMH26F,ELMJ26F,ELMK26F,54000000.0,0.0,-54000000.0,0.0,1970234.441,2079545.434,1980131.5984486917,2284488.30960406,2239534.55816113,2285308.949670708,0,0,0,0,0,0,0,0,14694809.77174233,68694809.77174233
2025-11-26,-0.6696832721265238,-360000.0,116870400.0,5049698756.000001,4974242756.000001,75456000.0,0.0,247.22410833333333,262.5,398.19,401.64,399.03,398.99,399.27,1440000.0,-0.9966850876808167,-0.9972888231277466,-0.9998530149459839,-0.9992080330848694,-0.9990771412849426,-0.9993986487388611,-1,-1,-1,-1,-1,-1,0,0,0,0,0,0,ELMZ25F,ELMF26F,ELMG26F,ELMH26F,ELMJ26F,ELMK26F,0.0,0.0,-360000.0,0.0,1970234.441,2079545.434,1980131.5984486917,2284488.30960406,2239534.55816113,2285308.949670708,0,0,0,0,0,0,0,0,20403764.87737941,20763764.87737941
2025-11-27,-0.6225728143276357,0.0,116870400.0,5049698756.000001,4974242756.000001,75456000.0,0.0,251.51518333333337,255.0,420.0,400.84,397.99,397.95,398.27,1440000.0,-0.995965301990509,-0.9989532828330994,-0.9999668598175049,-0.9976488947868347,-0.9981920123100281,-0.999559760093689,-1,-1,-1,-1,-1,-1,0,0,0,0,0,0,ELMZ25F,ELMF26F,ELMG26F,ELMH26F,ELMJ26F,ELMK26F,0.0,0.0,0.0,0.0,1970234.441,2079545.434,1980131.5984486917,2284488.30960406,2239534.55816113,2285308.949670708,0,0,0,0,0,0,0,0,19911304.62192997,19911304.62192997
2025-11-28,-0.6157947617244002,360000.0,117230400.0,5050058756.000001,4974242756.000001,75816000.0,0.0,261.8671,265.0,420.0,400.04,396.96,396.92,397.27,1440000.0,-0.9826111197471619,-0.999119222164154,-0.9999567866325378,-0.9854437708854675,-0.9984488487243652,-0.9993196725845337,-1,-1,-1,-1,-1,-1,0,0,0,0,0,0,ELMZ25F,ELMF26F,ELMG26F,ELMH26F,ELMJ26F,ELMK26F,0.0,0.0,360000.0,0.0,1970234.441,2079545.434,1980131.5984486917,2284488.30960406,2239534.55816113,2285308.949670708,0,0,0,0,0,0,0,0,21400848.8772364,21040848.8772364
2025-12-01,-2.2455612977075297,-112228476.01710165,5001923.9828983545,4937830279.9829,4937830279.9829,0.0,0.0,292.7493,420.0,399.52,396.13,396.05,396.44,385.22,0.0,-0.9888200163841248,-0.9968992471694946,-0.9999034404754639,-0.9621740579605103,-0.9906188249588013,-0.9995898604393005,-1,-1,-1,-1,-1,-1,0,0,0,0,0,0,ELMF26F,ELMG26F,ELMH26F,ELMJ26F,ELMK26F,ELMM26F,0.0,0.0,0.0,-112228476.01710165,2079545.434,1980131.5984486917,2284488.30960406,2239534.55816113,2285308.949670708,2227426.5217549116,0,0,0,0,0,0,0,0,19356244.126812004,131584720.14391366
2025-12-02,-0.6516632868967877,0.0,5001923.9828983545,4937830279.9829,4937830279.9829,0.0,0.0,254.20151666666663,420.0,399.04,395.34,395.22,395.61,384.41,0.0,-0.9908537268638611,-0.985442578792572,-0.9996345639228821,-0.9273708462715149,-0.942635178565979,-0.9958634972572327,-1,-1,-1,-1,-1,-1,0,0,0,0,0,0,ELMF26F,ELMG26F,ELMH26F,ELMJ26F,ELMK26F,ELMM26F,0.0,0.0,0.0,0.0,2079545.434,1980131.5984486917,2284488.30960406,2239534.55816113,2285308.949670708,2227426.5217549116,0,0,0,0,0,0,0,0,18715861.20222133,18715861.20222133
2025-12-03,-0.7215289468921728,0.0,5001923.9828983545,4937830279.9829,4937830279.9829,0.0,0.0,230.45415000000003,420.0,398.6,394.55,394.39,342.23,280.65,0.0,-0.9466034173965454,-0.8183003664016724,-0.9941591024398804,-0.5866952538490295,-0.9902135729789734,-0.9588002562522888,-1,-1,-1,-1,-1,-1,0,0,0,0,0,0,ELMF26F,ELMG26F,ELMH26F,ELMJ26F,ELMK26F,ELMM26F,0.0,0.0,0.0,0.0,2079545.434,1980131.5984486917,2284488.30960406,2239534.55816113,2285308.949670708,2227426.5217549116,0,0,0,0,0,0,0,0,17407808.2149255,17407808.2149255
2025-12-04,-0.6014864708285839,0.0,5001923.9828983545,4937830279.9829,4937830279.9829,0.0,0.0,237.3106,420.0,398.08,393.72,393.52,341.58,280.17,0.0,-0.8369185924530029,-0.7339953780174255,-0.958716869354248,-0.18588252365589142,-0.8822436928749084,-0.84025639295578,-1,-1,-1,0,-1,-1,0,0,0,0,0,0,ELMF26F,ELMG26F,ELMH26F,ELMJ26F,ELMK26F,ELMM26F,0.0,0.0,0.0,0.0,2079545.434,1980131.5984486917,2284488.30960406,2239534.55816113,2285308.949670708,2227426.5217549116,0,0,0,0,0,0,0,0,17133701.4438668,17133701.4438668
2025-12-05,-0.5539808256273905,0.0,5001923.9828983545,4937830279.9829,4937830279.9829,0.0,0.0,188.3115,414.71,397.32,392.74,392.54,340.83,279.61,0.0,0.2702784836292267,-0.7705281972885132,-0.9133591651916504,-0.08999661356210709,-0.6522918343544006,-0.7575284838676453,0,-1,-1,0,-1,-1,0,0,0,0,0,0,ELMF26F,ELMG26F,ELMH26F,ELMJ26F,ELMK26F,ELMM26F,0.0,0.0,0.0,0.0,2079545.434,1980131.5984486917,2284488.30960406,2239534.55816113,2285308.949670708,2227426.5217549116,0,0,0,0,0,0,0,0,14636471.6037735,14636471.6037735
2025-12-09,-0.5546440530878176,0.0,5001923.9828983545,4937830279.9829,4937830279.9829,0.0,0.0,219.91283333333337,408.07,396.25,391.56,391.4,339.94,280.65,0.0,0.01204671524465084,-0.8901499509811401,-0.9250384569168091,0.11120373010635376,-0.5437504649162292,-0.8682723045349121,0,-1,-1,0,-1,-1,0,0,0,0,0,0,ELMF26F,ELMG26F,ELMH26F,ELMJ26F,ELMK26F,ELMM26F,0.0,0.0,0.0,0.0,2079545.434,1980131.5984486917,2284488.30960406,2239534.55816113,2285308.949670708,2227426.5217549116,0,0,0,0,0,0,0,0,14883447.220416002,14883447.220416002
2025-12-10,-0.9315015811034768,0.0,5001923.9828983545,4937380279.9829,4832080279.9829,105300000.0,0.0,202.30094999999997,250.0,250.0,250.0,390.26,339.06,280.65,1800000.0,0.4520278573036194,-0.8037835359573364,-0.674375057220459,0.3920694887638092,-0.22591440379619598,-0.5662401914596558,1,-1,-1,0,0,-1,1,0,0,0,0,0,ELMF26F,ELMG26F,ELMH26F,ELMJ26F,ELMK26F,ELMM26F,0.0,450000.0,0.0,0.0,2079545.434,1980131.5984486917,2284488.30960406,2239534.55816113,2285308.949670708,2227426.5217549116,5,0,0,0,0,0,0,0,14500717.050090149,14950717.050090149
2025-12-11,-1.821602813988888,0.0,5001923.9828983545,4935761208.7829,4713331363.9829,222429844.8,0.0,235.0135,250.0,250.0,250.0,389.13,338.18,280.65,3240000.0,-0.8230621218681335,-0.7852634191513062,-0.029420755803585052,0.828235924243927,0.5389143228530884,-0.23218975961208344,-1,-1,0,1,1,0,-1,0,0,1,1,0,ELMF26F,ELMG26F,ELMH26F,ELMJ26F,ELMK26F,ELMM26F,0.0,1619071.2000000002,0.0,0.0,2079545.434,1980131.5984486917,2284488.30960406,2239534.55816113,2285308.949670708,2227426.5217549116,-5,0,0,4,5,0,0,0,17070835.643693503,18689906.843693502
2025-12-12,-1.3107641727804022,-3099600.0000000047,1902323.9828983499,4931412804.7829,4470783559.9829,460629244.8,1968085.1686410285,251.70760000000004,252.0,255.0,255.0,388.04,337.33,280.65,7920000.0,-0.095008485019207,0.41275426745414734,0.924669086933136,0.7041037082672119,0.9641842246055603,0.8252883553504944,0,0,1,1,1,1,0,0,1,0,0,1,ELMF26F,ELMG26F,ELMH26F,ELMJ26F,ELMK26F,ELMM26F,0.0,1248804.0,-3099600.0000000047,0.0,2079545.434,1980131.5984486917,2284488.30960406,2239534.55816113,2285308.949670708,2227426.5217549116,0,0,7,0,0,6,0,0,18546848.220867604,22895252.220867608
2025-12-15,-1.3849039574711017,-3833999.9999999814,-1931676.0171016315,4927746409.9829,4411764241.9829,515982168.0,720920.0078388699,293.72229999999996,250.24,254.9,254.59,387.07,336.55,280.65,8640000.0,0.9367963075637817,-0.544491708278656,0.7055245041847229,0.15546882152557373,-0.4744787812232971,0.7739899754524231,1,-1,1,0,-1,1,1,0,0,0,-1,0,ELMF26F,ELMG26F,ELMH26F,ELMJ26F,ELMK26F,ELMM26F,0.0,1236394.8,-3833999.9999999814,0.0,2079545.434,1980131.5984486917,2284488.30960406,2239534.55816113,2285308.949670708,2227426.5217549116,7,0,0,0,-5,0,0,0,19708628.5742413,24779023.37424128
2025-12-16,-1.1452368318642883,4129199.999999959,2197523.9828983275,4925959128.7829,4430908303.9829,495050824.79999995,1955156.492168162,324.73886666666664,252.0,255.0,255.0,386.14,335.81,280.65,8640000.0,-0.9845498204231262,-0.05330943316221237,0.33456507325172424,0.5597472190856934,0.5369185209274292,0.7081982493400574,-1,0,0,1,1,1,-1,0,0,0,1,0,ELMF26F,ELMG26F,ELMH26F,ELMJ26F,ELMK26F,ELMM26F,0.0,1481281.2000000002,4129199.999999959,0.0,2079545.434,1980131.5984486917,2284488.30960406,2239534.55816113,2285308.949670708,2227426.5217549116,-7,0,0,0,7,0,0,0,23802880.261577196,21154961.461577237
2025-12-17,-0.6613416036819415,-4071600.000000001,-1874076.0171016734,4921887528.7829,4430908303.9829,490979224.79999995,2733038.920083958,346.187625,252.0,255.1,255.0,385.25,335.14,280.14,8640000.0,-0.9928148984909058,-0.20599740743637085,0.23883391916751862,0.4337979257106781,0.7833219766616821,0.7261479496955872,-1,0,0,0,1,1,0,0,0,0,0,0,ELMF26F,ELMG26F,ELMH26F,ELMJ26F,ELMK26F,ELMM26F,0.0,0.0,-4071600.000000001,0.0,2079545.434,1980131.5984486917,2284488.30960406,2239534.55816113,2285308.949670708,2227426.5217549116,0,0,0,0,0,0,0,0,26619194.22086138,30690794.22086138
2025-12-18,1.0539145256226217,179884800.00000006,178010723.98289838,5180444388.7829,4655460708.7829,524983680.0,900788.4093901783,379.1691666666666,325.0,362.0,359.0,373.0,334.5,251.0,7200000.0,0.9586307406425476,0.5183264017105103,0.6297529339790344,-0.8470081090927124,-0.540212869644165,-0.8023020625114441,1,1,1,-1,-1,-1,1,1,0,-1,-1,-1,ELMF26F,ELMG26F,ELMH26F,ELMJ26F,ELMK26F,ELMM26F,0.0,3523140.0,179884800.00000006,0.0,2079545.434,1980131.5984486917,2284488.30960406,2239534.55816113,2285308.949670708,2227426.5217549116,7,6,0,-4,-7,-6,0,0,28551480.3377775,-147810179.66222256
2025-12-19,0.3519597564348354,88243200.00000006,266253923.98289844,5232989405.5829,5082621005.5829,150368400.0,280465.4418388698,384.92366666666663,322.66,380.5,380.5,373.0,333.9,251.0,2520000.0,-0.9748695492744446,-0.9548445343971252,-0.08309133350849152,0.22578594088554382,-0.07464227825403214,0.27947911620140076,-1,-1,0,0,0,0,-1,-1,0,0,0,0,ELMF26F,ELMG26F,ELMH26F,ELMJ26F,ELMK26F,ELMM26F,0.0,1634983.2000000002,88243200.00000006,0.0,2079545.434,1980131.5984486917,2284488.30960406,2239534.55816113,2285308.949670708,2227426.5217549116,-7,-6,0,0,0,0,0,0,28573658.243084,-58034558.55691606
2025-12-22,-0.7589604465893329,0.0,266253923.98289844,5232063197.5829,4864962125.5829,367101072.0,1080920.00783887,437.8349333333333,321.6,380.5,380.5,373.0,333.4,251.0,5400000.0,0.9953418374061584,-0.8673532009124756,-0.2035141885280609,-0.9985895752906799,-0.7521297931671143,-0.7619219422340393,1,-1,0,-1,-1,-1,1,0,0,0,0,0,ELMF26F,ELMG26F,ELMH26F,ELMJ26F,ELMK26F,ELMM26F,0.0,926208.0000000001,0.0,0.0,2079545.434,1980131.5984486917,2284488.30960406,2239534.55816113,2285308.949670708,2227426.5217549116,8,0,0,0,0,0,0,0,29895833.35302933,30822041.35302933
2025-12-23,2.2033202643998844,206891999.99999994,473145923.98289835,5438955197.5829,5071854125.5829,367101072.0,1180333.8433901782,435.147525,393.0,381.0,381.0,373.0,332.87,251.0,5400000.0,0.8240927457809448,-0.49437958002090454,-0.3680592179298401,-0.9944568276405334,-0.9717791080474854,-0.9557476043701172,1,-1,0,-1,-1,-1,0,0,0,0,0,0,ELMF26F,ELMG26F,ELMH26F,ELMJ26F,ELMK26F,ELMM26F,0.0,0.0,206891999.99999994,0.0,2079545.434,1980131.5984486917,2284488.30960406,2239534.55816113,2285308.949670708,2227426.5217549116,0,0,0,0,0,0,0,0,28603015.723926675,-178288984.27607328
2025-12-24,-1.8770796837308454,0.0,473145923.98289835,5438955197.5829,5071854125.5829,367101072.0,1180333.8433901782,270.67695,393.0,381.0,381.0,373.0,332.3,251.0,5400000.0,0.30581459403038025,-0.1286599338054657,-0.10237305611371994,-0.9898367524147034,-0.9249632954597473,-0.9571982622146606,0,0,0,-1,-1,-1,0,0,0,0,0,0,ELMF26F,ELMG26F,ELMH26F,ELMJ26F,ELMK26F,ELMM26F,0.0,0.0,0.0,0.0,2079545.434,1980131.5984486917,2284488.30960406,2239534.55816113,2285308.949670708,2227426.5217549116,0,0,0,0,0,0,0,0,14448602.68861755,14448602.68861755
2025-12-26,-2.112214908748322,0.0,473145923.98289835,5438955197.5829,5071854125.5829,367101072.0,1180333.8433901782,253.2591666666667,393.0,381.0,381.0,373.0,331.67,251.0,5400000.0,0.025332104414701462,-0.17680546641349792,-0.17770496010780334,-0.9920487999916077,-0.8414937257766724,-0.9440142512321472,0,0,0,-1,-1,-1,0,0,0,0,0,0,ELMF26F,ELMG26F,ELMH26F,ELMJ26F,ELMK26F,ELMM26F,0.0,0.0,0.0,0.0,2079545.434,1980131.5984486917,2284488.30960406,2239534.55816113,2285308.949670708,2227426.5217549116,0,0,0,0,0,0,0,0,13773473.6934725,13773473.6934725
2025-12-29,-0.6629223533374358,52920000.0,526065923.98289835,5437942157.5829,5221209485.5829,216732672.00000003,899868.4015513083,320.7418,393.0,399.0,402.0,372.1,330.94,250.55,2880000.0,0.195260152220726,-0.44897598028182983,-0.5850269198417664,-0.9992718696594238,-0.9499953389167786,-0.9854357242584229,0,0,-1,-1,-1,-1,0,0,-1,0,0,0,ELMF26F,ELMG26F,ELMH26F,ELMJ26F,ELMK26F,ELMM26F,0.0,1013040.0,52920000.0,0.0,2079545.434,1980131.5984486917,2284488.30960406,2239534.55816113,2285308.949670708,2227426.5217549116,0,0,-7,0,0,0,0,0,18537386.194339003,-33369573.805660993
2025-12-30,-0.9420561158557546,0.0,526065923.98289835,5436810317.5829,5436810317.5829,0.0,0.0,298.5135166666667,393.0,399.0,402.0,371.21,330.21,250.1,0.0,-0.9475290179252625,-0.8948641419410706,-0.9617910385131836,-0.999678373336792,-0.9437354803085327,-0.9990584850311279,-1,-1,-1,-1,-1,-1,-1,0,0,0,0,0,ELMF26F,ELMG26F,ELMH26F,ELMJ26F,ELMK26F,ELMM26F,0.0,1131840.0,0.0,0.0,2079545.434,1980131.5984486917,2284488.30960406,2239534.55816113,2285308.949670708,2227426.5217549116,-8,0,0,0,0,0,0,0,16696238.606765252,17828078.60676525
2026-01-02,-0.6027446075997042,0.0,526065923.98289835,5436810317.5829,5436810317.5829,0.0,0.0,334.41450000000003,399.0,402.0,370.43,329.58,249.72,371.39,0.0,-0.9992285370826721,-0.8999518752098083,-0.7143635153770447,-0.997952401638031,-0.12842978537082672,-0.9769455194473267,-1,-1,-1,-1,0,-1,0,0,0,0,0,0,ELMG26F,ELMH26F,ELMJ26F,ELMK26F,ELMM26F,ELMN26F,0.0,0.0,0.0,0.0,1980131.5984486917,2284488.30960406,2239534.55816113,2285308.949670708,2227426.5217549116,2445831.50158675,0,0,0,0,0,0,0,0,16487357.854149,16487357.854149
2026-01-05,-0.6527224972032195,0.0,526065923.98289835,5436810317.5829,5436810317.5829,0.0,0.0,324.7563666666667,399.0,402.0,369.69,328.95,249.35,370.72,0.0,-0.9876323342323303,-0.9524349570274353,-0.9945145845413208,-0.9999681711196899,-0.9931764602661133,-0.9994049668312073,-1,-1,-1,-1,-1,-1,0,0,0,0,0,0,ELMG26F,ELMH26F,ELMJ26F,ELMK26F,ELMM26F,ELMN26F,0.0,0.0,0.0,0.0,1980131.5984486917,2284488.30960406,2239534.55816113,2285308.949670708,2227426.5217549116,2445831.50158675,0,0,0,0,0,0,0,0,19249196.761970703,19249196.761970703
2026-01-06,-0.6529393804437145,0.0,526065923.98289835,5436810317.5829,5436810317.5829,0.0,0.0,317.9762,399.0,402.0,368.95,328.32,248.98,370.05,0.0,-0.9916241765022278,-0.980880856513977,-0.9994469881057739,-0.9999712109565735,-0.9972773790359497,-0.9995256066322327,-1,-1,-1,-1,-1,-1,0,0,0,0,0,0,ELMG26F,ELMH26F,ELMJ26F,ELMK26F,ELMM26F,ELMN26F,0.0,0.0,0.0,0.0,1980131.5984486917,2284488.30960406,2239534.55816113,2285308.949670708,2227426.5217549116,2445831.50158675,0,0,0,0,0,0,0,0,21650059.2023766,21650059.2023766
2026-01-07,-0.6528997458984674,0.0,526065923.98289835,5436810317.5829,5436810317.5829,0.0,0.0,274.1542083333333,399.0,402.0,368.21,327.7,248.61,369.38,0.0,-0.9983996748924255,-0.9819580316543579,-0.9998443126678467,-0.9999746084213257,-0.9994285106658936,-0.9992654919624329,-1,-1,-1,-1,-1,-1,0,0,0,0,0,0,ELMG26F,ELMH26F,ELMJ26F,ELMK26F,ELMM26F,ELMN26F,0.0,0.0,0.0,0.0,1980131.5984486917,2284488.30960406,2239534.55816113,2285308.949670708,2227426.5217549116,2445831.50158675,0,0,0,0,0,0,0,0,19352722.94402279,19352722.94402279
2026-01-08,-0.654644479932355,0.0,526065923.98289835,5436810317.5829,5436810317.5829,0.0,0.0,194.06564166666664,395.81,401.08,367.4,327.08,248.21,368.68,0.0,-0.9988332986831665,-0.9831299781799316,-0.9998875260353088,-0.9999827742576599,-0.9997966289520264,-0.9985236525535583,-1,-1,-1,-1,-1,-1,0,0,0,0,0,0,ELMG26F,ELMH26F,ELMJ26F,ELMK26F,ELMM26F,ELMN26F,0.0,0.0,0.0,0.0,1980131.5984486917,2284488.30960406,2239534.55816113,2285308.949670708,2227426.5217549116,2445831.50158675,0,0,0,0,0,0,0,0,13939107.432631515,13939107.432631515
2026-01-09,-0.6549532144444896,0.0,526065923.98289835,5436810317.5829,5436810317.5829,0.0,0.0,196.36796666666663,392.13,400.08,366.55,326.39,247.79,367.94,0.0,-0.9989007711410522,-0.9849271178245544,-0.9998427033424377,-0.9999492764472961,-0.9999188780784607,-0.9990859627723694,-1,-1,-1,-1,-1,-1,0,0,0,0,0,0,ELMG26F,ELMH26F,ELMJ26F,ELMK26F,ELMM26F,ELMN26F,0.0,0.0,0.0,0.0,1980131.5984486917,2284488.30960406,2239534.55816113,2285308.949670708,2227426.5217549116,2445831.50158675,0,0,0,0,0,0,0,0,14439810.230083698,14439810.230083698
2026-01-13,-0.6560510556457687,0.0,526065923.98289835,5436810317.5829,5436810317.5829,0.0,0.0,145.00768333333335,385.78,398.8,365.49,325.51,247.24,367.06,0.0,-0.9987276196479797,-0.9989004135131836,-0.9999516606330872,-0.999982476234436,-0.9999972581863403,-0.9999469518661499,-1,-1,-1,-1,-1,-1,0,0,0,0,0,0,ELMG26F,ELMH26F,ELMJ26F,ELMK26F,ELMM26F,ELMN26F,0.0,0.0,0.0,0.0,1980131.5984486917,2284488.30960406,2239534.55816113,2285308.949670708,2227426.5217549116,2445831.50158675,0,0,0,0,0,0,0,0,9453698.480813768,9453698.480813768
2026-01-14,-0.6609830738912785,0.0,526065923.98289835,5436810317.5829,5436810317.5829,0.0,0.0,137.46183333333332,379.22,393.66,362.02,323.13,245.93,365.11,0.0,-0.9995067715644836,-0.9914214611053467,-0.9996722936630249,-0.9999969601631165,-0.9999921321868896,-0.9988404512405396,-1,-1,-1,-1,-1,-1,0,0,0,0,0,0,ELMG26F,ELMH26F,ELMJ26F,ELMK26F,ELMM26F,ELMN26F,0.0,0.0,0.0,0.0,1980131.5984486917,2284488.30960406,2239534.55816113,2285308.949670708,2227426.5217549116,2445831.50158675,0,0,0,0,0,0,0,0,9346496.868719334,9346496.868719334
2026-01-15,-0.6611843165132354,0.0,526065923.98289835,5436810317.5829,5436810317.5829,0.0,0.0,143.19950833333334,372.32,388.38,358.54,320.77,244.6,363.17,0.0,-0.9997730851173401,-0.9924696683883667,-0.9997605085372925,-0.9999972581863403,-0.9999932646751404,-0.9989051818847656,-1,-1,-1,-1,-1,-1,0,0,0,0,0,0,ELMG26F,ELMH26F,ELMJ26F,ELMK26F,ELMM26F,ELMN26F,0.0,0.0,0.0,0.0,1980131.5984486917,2284488.30960406,2239534.55816113,2285308.949670708,2227426.5217549116,2445831.50158675,0,0,0,0,0,0,0,0,9938273.565551585,9938273.565551585
2026-01-16,-0.6871192425991411,0.0,526065923.98289835,5436810317.5829,5436810317.5829,0.0,0.0,117.61296666666664,300.0,383.02,355.06,318.4,243.28,361.25,0.0,-0.9989469647407532,-0.9952929019927979,-0.9995496273040771,-0.9999845623970032,-0.9999847412109375,-0.9998939037322998,-1,-1,-1,-1,-1,-1,0,0,0,0,0,0,ELMG26F,ELMH26F,ELMJ26F,ELMK26F,ELMM26F,ELMN26F,0.0,0.0,0.0,0.0,1980131.5984486917,2284488.30960406,2239534.55816113,2285308.949670708,2227426.5217549116,2445831.50158675,0,0,0,0,0,0,0,0,8143108.402422165,8143108.402422165
2026-01-19,-0.6644155365500855,0.0,526065923.98289835,5436810317.5829,5436810317.5829,0.0,0.0,147.51685,285.0,377.66,351.58,316.01,241.97,359.34,0.0,-0.9852948784828186,-0.9932925701141357,-0.9983172416687012,-0.9999963641166687,-0.9999760389328003,-0.9990974068641663,-1,-1,-1,-1,-1,-1,0,0,0,0,0,0,ELMG26F,ELMH26F,ELMJ26F,ELMK26F,ELMM26F,ELMN26F,0.0,0.0,0.0,0.0,1980131.5984486917,2284488.30960406,2239534.55816113,2285308.949670708,2227426.5217549116,2445831.50158675,0,0,0,0,0,0,0,0,10642169.296194151,10642169.296194151
2026-01-20,-0.7096582009614987,0.0,526065923.98289835,5436810317.5829,5436810317.5829,0.0,0.0,176.72193333333334,285.0,310.0,300.0,313.64,240.64,357.4,0.0,-0.960922360420227,-0.9901038408279419,-0.9990904927253723,-0.9999909996986389,-0.999980628490448,-0.9994098544120789,-1,-1,-1,-1,-1,-1,0,0,0,0,0,0,ELMG26F,ELMH26F,ELMJ26F,ELMK26F,ELMM26F,ELMN26F,0.0,0.0,0.0,0.0,1980131.5984486917,2284488.30960406,2239534.55816113,2285308.949670708,2227426.5217549116,2445831.50158675,0,0,0,0,0,0,0,0,13816409.511639068,13816409.511639068
2026-01-21,-0.6602056673750071,0.0,526065923.98289835,5436810317.5829,5436810317.5829,0.0,0.0,181.46936666666667,297.5,300.0,300.0,311.26,239.32,355.47,0.0,-0.9921345114707947,-0.9888115525245667,-0.9997473955154419,-0.9999859929084778,-0.9999748468399048,-0.9994787573814392,-1,-1,-1,-1,-1,-1,0,0,0,0,0,0,ELMG26F,ELMH26F,ELMJ26F,ELMK26F,ELMM26F,ELMN26F,0.0,0.0,0.0,0.0,1980131.5984486917,2284488.30960406,2239534.55816113,2285308.949670708,2227426.5217549116,2445831.50158675,0,0,0,0,0,0,0,0,14424366.083835566,14424366.083835566
2026-01-22,-0.6530167521343999,0.0,526065923.98289835,5436810317.5829,5436810317.5829,0.0,0.0,188.178,297.5,310.0,300.0,370.0,370.0,370.0,0.0,-0.9873579144477844,-0.989170253276825,-0.9995979070663452,-0.9999396204948425,-0.9999602437019348,-0.9993190765380859,-1,-1,-1,-1,-1,-1,0,0,0,0,0,0,ELMG26F,ELMH26F,ELMJ26F,ELMK26F,ELMM26F,ELMN26F,0.0,0.0,0.0,0.0,1980131.5984486917,2284488.30960406,2239534.55816113,2285308.949670708,2227426.5217549116,2445831.50158675,0,0,0,0,0,0,0,0,15321873.902364003,15321873.902364003
2026-01-23,-0.654158996289202,0.0,526065923.98289835,5436810317.5829,5436810317.5829,0.0,0.0,202.59423333333336,297.5,307.5,300.0,370.0,370.0,370.0,0.0,-0.9698982834815979,-0.9828959107398987,-0.9955269694328308,-0.9998663067817688,-0.9978664517402649,-0.9952899813652039,-1,-1,-1,-1,-1,-1,0,0,0,0,0,0,ELMG26F,ELMH26F,ELMJ26F,ELMK26F,ELMM26F,ELMN26F,0.0,0.0,0.0,0.0,1980131.5984486917,2284488.30960406,2239534.55816113,2285308.949670708,2227426.5217549116,2445831.50158675,0,0,0,0,0,0,0,0,16152065.529260736,16152065.529260736
2026-01-26,-0.6030167521344,0.0,526065923.98289835,5436810317.5829,5436810317.5829,0.0,0.0,248.15596666666667,297.5,310.0,300.0,370.0,370.0,370.0,0.0,-0.7716724276542664,-0.6836152672767639,-0.4653770625591278,-0.9994121193885803,-0.27853330969810486,-0.7256660461425781,-1,-1,-1,-1,0,-1,0,0,0,0,0,0,ELMG26F,ELMH26F,ELMJ26F,ELMK26F,ELMM26F,ELMN26F,0.0,0.0,0.0,0.0,1980131.5984486917,2284488.30960406,2239534.55816113,2285308.949670708,2227426.5217549116,2445831.50158675,0,0,0,0,0,0,0,0,18671191.652228504,18671191.652228504
2026-01-27,-1.3855203912416758,0.0,526065923.98289835,5435496317.5829,5183964317.5829,251532000.0,0.0,262.064375,297.5,307.5,300.0,370.0,370.0,370.0,3960000.0,0.23005947470664978,-0.2508545219898224,0.7263355851173401,-0.9942890405654907,0.9836958050727844,-0.41846251487731934,0,0,1,-1,1,0,0,0,1,0,1,0,ELMG26F,ELMH26F,ELMJ26F,ELMK26F,ELMM26F,ELMN26F,0.0,1314000.0,0.0,0.0,1980131.5984486917,2284488.30960406,2239534.55816113,2285308.949670708,2227426.5217549116,2445831.50158675,0,0,6,0,5,0,0,0,20876820.15414875,22190820.15414875
2026-01-28,-1.4721536975333869,0.0,526065923.98289835,5435496317.5829,5183964317.5829,251532000.0,0.0,258.02823333333333,290.0,295.0,300.0,370.0,370.0,370.0,3960000.0,-0.03680773451924324,-0.5168386697769165,0.5253209471702576,-0.9898294806480408,0.9795969724655151,-0.39189937710762024,0,-1,1,-1,1,0,0,0,0,0,0,0,ELMG26F,ELMH26F,ELMJ26F,ELMK26F,ELMM26F,ELMN26F,0.0,0.0,0.0,0.0,1980131.5984486917,2284488.30960406,2239534.55816113,2285308.949670708,2227426.5217549116,2445831.50158675,0,0,0,0,0,0,0,0,20630197.394927736,20630197.394927736
2026-01-29,-1.8651906496550217,0.0,526065923.98289835,5434979717.5829,5062563317.5829,372416400.0,0.0,246.27239166666664,287.0,295.0,300.0,370.0,370.0,370.0,5760000.0,0.5134435892105103,-0.3825209140777588,0.7467255592346191,-0.9876439571380615,0.9926190972328186,-0.49683669209480286,1,0,1,-1,1,-1,1,0,0,0,0,0,ELMG26F,ELMH26F,ELMJ26F,ELMK26F,ELMM26F,ELMN26F,0.0,516600.0,0.0,0.0,1980131.5984486917,2284488.30960406,2239534.55816113,2285308.949670708,2227426.5217549116,2445831.50158675,5,0,0,0,0,0,0,0,19836117.900371604,20352717.900371604
2026-01-30,-2.9255907710114974,-4193999.9999999716,521871923.98289835,5429738923.9829,5102871883.9829,326867040.0,794168.4984132499,206.1265,287.0,295.0,300.0,367.3,367.67,368.19,5400000.0,-0.7315148711204529,-0.6286830306053162,0.7520473599433899,-0.6977422833442688,0.9139596223831177,0.8016998767852783,-1,-1,1,-1,1,1,-1,0,0,0,0,1,ELMG26F,ELMH26F,ELMJ26F,ELMK26F,ELMM26F,ELMN26F,0.0,1046793.6,-4193999.9999999716,0.0,1980131.5984486917,2284488.30960406,2239534.55816113,2285308.949670708,2227426.5217549116,2445831.50158675,-5,0,0,0,0,4,1,0,15997667.713633,21238461.313632973
