Fecha,reward,pnl_step,pnl_acumulado,margen_inicial,capital_actual,margin_balance_total,sobre_cobertura_kwh,spot_price,future_price_t1,future_price_t2,future_price_t3,future_price_t4,future_price_t5,future_price_t6,covered_kwh_total,action_cont_1,action_cont_2,action_cont_3,action_cont_4,action_cont_5,action_cont_6,action_disc_raw_1,action_disc_raw_2,action_disc_raw_3,action_disc_raw_4,action_disc_raw_5,action_disc_raw_6,action_disc_exec_1,action_disc_exec_2,action_disc_exec_3,action_disc_exec_4,action_disc_exec_5,action_disc_exec_6,nem_slot_1,nem_slot_2,nem_slot_3,nem_slot_4,nem_slot_5,nem_slot_6,margin_calls_cost,transaction_costs,liquidacion_mtm,liquidacion_vencimiento,demanda_cubrir_kwh_1,demanda_cubrir_kwh_2,demanda_cubrir_kwh_3,demanda_cubrir_kwh_4,demanda_cubrir_kwh_5,demanda_cubrir_kwh_6,contratos_netos_1,contratos_netos_2,contratos_netos_3,contratos_netos_4,contratos_netos_5,contratos_netos_6,terminated,truncated,terminated_reason,spot_cost,strategy_cost_daily
2025-10-10,-0.10318798585045644,0.0,0.0,5000000000.0,5000000000.0,0.0,0.0,176.20810833333334,275.0,317.5,369.32,388.79,388.71,350.19,0.0,-0.09485582262277603,-0.06185240298509598,0.03308429196476936,0.1987796574831009,-0.011744868010282516,-0.1927827149629593,0,0,0,0,0,0,0,0,0,0,0,0,ELMX25F,ELMZ25F,ELMF26F,ELMG26F,ELMH26F,ELMJ26F,0.0,0.0,0.0,0.0,2043557.073,1970234.441,2079545.434,1980131.5984486917,2284488.30960406,2239534.55816113,0,0,0,0,0,0,0,0,running,11472191.35691755,11472191.35691755
2025-10-14,-0.3184320833053743,0.0,0.0,5000000000.0,5000000000.0,0.0,0.0,144.95049166666666,272.0,295.0,367.84,387.51,387.39,349.14,0.0,-0.11097250878810883,-0.09328697621822357,0.023609910160303116,0.1947592943906784,-0.014890633523464203,-0.2042628526687622,0,0,0,0,0,-1,0,0,0,0,0,0,ELMX25F,ELMZ25F,ELMF26F,ELMG26F,ELMH26F,ELMJ26F,0.0,0.0,0.0,0.0,2043557.073,1970234.441,2079545.434,1980131.5984486917,2284488.30960406,2239534.55816113,0,0,0,0,0,0,0,0,running,9542106.376119275,9542106.376119275
2025-10-15,-0.3033362769510117,0.0,0.0,5000000000.0,5000000000.0,0.0,0.0,181.60605,272.0,317.5,366.33,386.19,386.07,348.09,0.0,-0.10564462095499039,-0.11349884420633316,0.018012620508670807,0.1965409368276596,-0.009367380291223526,-0.21171605587005615,0,0,0,0,0,-1,0,0,0,0,0,0,ELMX25F,ELMZ25F,ELMF26F,ELMG26F,ELMH26F,ELMJ26F,0.0,0.0,0.0,0.0,2043557.073,1970234.441,2079545.434,1980131.5984486917,2284488.30960406,2239534.55816113,0,0,0,0,0,0,0,0,running,12563226.684076952,12563226.684076952
2025-10-16,-0.325739624787761,0.0,0.0,5000000000.0,5000000000.0,0.0,0.0,176.04509166666665,260.0,292.0,364.83,384.88,384.76,347.05,0.0,-0.09140032529830933,-0.12747563421726227,0.014104089699685574,0.19971559941768646,8.072890341281891e-05,-0.22116057574748993,0,0,0,0,0,-1,0,0,0,0,0,0,ELMX25F,ELMZ25F,ELMF26F,ELMG26F,ELMH26F,ELMJ26F,0.0,0.0,0.0,0.0,2043557.073,1970234.441,2079545.434,1980131.5984486917,2284488.30960406,2239534.55816113,0,0,0,0,0,0,0,0,running,11808486.83072825,11808486.83072825
2025-10-17,-0.3095074361375798,0.0,0.0,5000000000.0,5000000000.0,0.0,0.0,160.36165833333334,250.0,310.0,363.3,383.49,383.45,346.01,0.0,-0.11536313593387604,-0.1464579850435257,0.013032902032136917,0.18746455013751984,-0.013729645870625973,-0.22636531293392181,0,0,0,0,0,-1,0,0,0,0,0,0,ELMX25F,ELMZ25F,ELMF26F,ELMG26F,ELMH26F,ELMJ26F,0.0,0.0,0.0,0.0,2043557.073,1970234.441,2079545.434,1980131.5984486917,2284488.30960406,2239534.55816113,0,0,0,0,0,0,0,0,running,11446505.163735718,11446505.163735718
2025-10-20,-0.3246013524293556,0.0,0.0,5000000000.0,5000000000.0,0.0,0.0,147.291425,225.0,300.0,361.77,382.11,382.15,344.97,0.0,-0.1366371512413025,-0.15587785840034485,0.013735243119299412,0.18650312721729279,-0.02886171080172062,-0.2349948287010193,0,0,0,0,0,-1,0,0,0,0,0,0,ELMX25F,ELMZ25F,ELMF26F,ELMG26F,ELMH26F,ELMJ26F,0.0,0.0,0.0,0.0,2043557.073,1970234.441,2079545.434,1980131.5984486917,2284488.30960406,2239534.55816113,0,0,0,0,0,0,0,0,running,9835225.976927426,9835225.976927426
2025-10-21,-0.30000000000000004,0.0,0.0,5000000000.0,5000000000.0,0.0,0.0,179.39419166666667,225.0,300.0,361.77,382.11,382.15,344.97,0.0,-0.15715380012989044,-0.16523107886314392,0.014074793085455894,0.17370332777500153,-0.04779947176575661,-0.23728874325752258,0,0,0,0,0,-1,0,0,0,0,0,0,ELMX25F,ELMZ25F,ELMF26F,ELMG26F,ELMH26F,ELMJ26F,0.0,0.0,0.0,0.0,2043557.073,1970234.441,2079545.434,1980131.5984486917,2284488.30960406,2239534.55816113,0,0,0,0,0,0,0,0,running,13546438.41934921,13546438.41934921
2025-10-22,-0.30678791941002465,0.0,0.0,5000000000.0,5000000000.0,0.0,0.0,123.32715833333332,225.0,300.0,358.74,379.32,379.52,342.83,0.0,-0.15238024294376373,-0.1786693036556244,-0.0026826311368495226,0.16629312932491302,-0.03372524678707123,-0.2146698236465454,0,0,0,0,0,-1,0,0,0,0,0,0,ELMX25F,ELMZ25F,ELMF26F,ELMG26F,ELMH26F,ELMJ26F,0.0,0.0,0.0,0.0,2043557.073,1970234.441,2079545.434,1980131.5984486917,2284488.30960406,2239534.55816113,0,0,0,0,0,0,0,0,running,9387598.668902367,9387598.668902367
2025-10-23,-0.112873424675602,0.0,0.0,5000000000.0,5000000000.0,0.0,0.0,137.81476666666666,220.0,285.0,357.23,390.0,390.0,370.0,0.0,-0.15277127921581268,-0.19098031520843506,-0.03701630234718323,0.17104549705982208,-0.02453695796430111,-0.19785326719284058,0,0,0,0,0,0,0,0,0,0,0,0,ELMX25F,ELMZ25F,ELMF26F,ELMG26F,ELMH26F,ELMJ26F,0.0,0.0,0.0,0.0,2043557.073,1970234.441,2079545.434,1980131.5984486917,2284488.30960406,2239534.55816113,0,0,0,0,0,0,0,0,running,10817389.051670166,10817389.051670166
2025-10-24,-0.3035885564633081,0.0,0.0,5000000000.0,5000000000.0,0.0,0.0,125.450225,220.0,290.0,355.69,388.48,388.64,368.82,0.0,-0.1882251799106598,-0.20645630359649658,-0.0692601278424263,0.15883882343769073,-0.0379021018743515,-0.17969472706317902,0,-1,0,0,0,0,0,0,0,0,0,0,ELMX25F,ELMZ25F,ELMF26F,ELMG26F,ELMH26F,ELMJ26F,0.0,0.0,0.0,0.0,2043557.073,1970234.441,2079545.434,1980131.5984486917,2284488.30960406,2239534.55816113,0,0,0,0,0,0,0,0,running,9923136.256692076,9923136.256692076
2025-10-27,-0.5278850348070061,0.0,0.0,5000000000.0,5000000000.0,0.0,0.0,106.63914166666666,190.0,280.0,354.16,386.96,387.28,367.64,0.0,-0.21115532517433167,-0.21986880898475647,-0.09949246793985367,0.1458611637353897,-0.04983380436897278,-0.16676968336105347,-1,-1,0,0,0,0,0,0,0,0,0,0,ELMX25F,ELMZ25F,ELMF26F,ELMG26F,ELMH26F,ELMJ26F,0.0,0.0,0.0,0.0,2043557.073,1970234.441,2079545.434,1980131.5984486917,2284488.30960406,2239534.55816113,0,0,0,0,0,0,0,0,running,7020667.657702967,7020667.657702967
2025-10-28,-0.5035701387959087,0.0,0.0,5000000000.0,5000000000.0,0.0,0.0,169.49115833333337,190.0,280.0,352.64,385.45,385.92,366.46,0.0,-0.212284654378891,-0.22971488535404205,-0.12032021582126617,0.12879596650600433,-0.05756395682692528,-0.15088994801044464,-1,-1,0,0,0,0,0,0,0,0,0,0,ELMX25F,ELMZ25F,ELMF26F,ELMG26F,ELMH26F,ELMJ26F,0.0,0.0,0.0,0.0,2043557.073,1970234.441,2079545.434,1980131.5984486917,2284488.30960406,2239534.55816113,0,0,0,0,0,0,0,0,running,12060405.913012594,12060405.913012594
2025-10-29,-0.5094887435152253,0.0,0.0,5000000000.0,5000000000.0,0.0,0.0,117.53246666666666,190.0,270.0,351.12,383.95,384.53,365.29,0.0,-0.27264901995658875,-0.2280309945344925,-0.11884354799985886,0.1089862734079361,-0.09184981137514114,-0.19487200677394867,-1,-1,0,0,0,0,0,0,0,0,0,0,ELMX25F,ELMZ25F,ELMF26F,ELMG26F,ELMH26F,ELMJ26F,0.0,0.0,0.0,0.0,2043557.073,1970234.441,2079545.434,1980131.5984486917,2284488.30960406,2239534.55816113,0,0,0,0,0,0,0,0,running,8433945.3995598,8433945.3995598
2025-10-30,-0.5077487979825166,0.0,0.0,5000000000.0,5000000000.0,0.0,0.0,113.41794166666666,185.0,265.0,349.61,390.0,390.0,364.12,0.0,-0.24190542101860046,-0.23829886317253113,-0.12302136421203613,0.07594522088766098,-0.10085230320692062,-0.17932216823101044,-1,-1,0,0,0,0,0,0,0,0,0,0,ELMX25F,ELMZ25F,ELMF26F,ELMG26F,ELMH26F,ELMJ26F,0.0,0.0,0.0,0.0,2043557.073,1970234.441,2079545.434,1980131.5984486917,2284488.30960406,2239534.55816113,0,0,0,0,0,0,0,0,running,7945219.999129209,7945219.999129209
2025-10-31,-0.5036330132985303,0.0,0.0,5000000000.0,5000000000.0,0.0,0.0,107.80095833333333,185.0,265.0,348.07,388.44,388.6,362.95,0.0,-0.25203582644462585,-0.23996610939502716,-0.12316521257162094,0.04220224544405937,-0.11029907315969467,-0.1798257678747177,-1,-1,0,0,0,0,0,0,0,0,0,0,ELMX25F,ELMZ25F,ELMF26F,ELMG26F,ELMH26F,ELMJ26F,0.0,0.0,0.0,0.0,2043557.073,1970234.441,2079545.434,1980131.5984486917,2284488.30960406,2239534.55816113,0,0,0,0,0,0,0,0,running,7667672.0621822085,7667672.0621822085
2025-11-04,-0.5038381552677481,0.0,0.0,5000000000.0,5000000000.0,0.0,0.0,177.85281666666666,265.0,346.71,387.04,387.32,361.86,307.34,0.0,-0.25963708758354187,-0.23507195711135864,-0.12081190198659897,0.010173371993005276,-0.11999992281198502,-0.17134793102741241,-1,-1,0,0,0,0,0,0,0,0,0,0,ELMZ25F,ELMF26F,ELMG26F,ELMH26F,ELMJ26F,ELMK26F,0.0,0.0,0.0,0.0,1970234.441,2079545.434,1980131.5984486917,2284488.30960406,2239534.55816113,2285308.949670708,0,0,0,0,0,0,0,0,running,11908134.984211033,11908134.984211033
2025-11-05,-0.5,0.0,0.0,5000000000.0,5000000000.0,0.0,0.0,193.122,265.0,408.0,408.0,408.0,408.0,408.0,0.0,-0.2682059705257416,-0.22348538041114807,-0.11628562957048416,0.0019263619324192405,-0.12022485584020615,-0.16611884534358978,-1,-1,0,0,0,0,0,0,0,0,0,0,ELMZ25F,ELMF26F,ELMG26F,ELMH26F,ELMJ26F,ELMK26F,0.0,0.0,0.0,0.0,1970234.441,2079545.434,1980131.5984486917,2284488.30960406,2239534.55816113,2285308.949670708,0,0,0,0,0,0,0,0,running,14641800.896016004,14641800.896016004
2025-11-06,-0.5,0.0,0.0,5000000000.0,5000000000.0,0.0,0.0,185.79755,265.0,408.0,408.0,408.0,408.0,408.0,0.0,-0.24683056771755219,-0.20789366960525513,-0.1131400540471077,-0.0060527087189257145,-0.11695794761180878,-0.1499478816986084,-1,-1,0,0,0,0,0,0,0,0,0,0,ELMZ25F,ELMF26F,ELMG26F,ELMH26F,ELMJ26F,ELMK26F,0.0,0.0,0.0,0.0,1970234.441,2079545.434,1980131.5984486917,2284488.30960406,2239534.55816113,2285308.949670708,0,0,0,0,0,0,0,0,running,14329356.232639702,14329356.232639702
2025-11-07,-0.30000000000000004,0.0,0.0,5000000000.0,5000000000.0,0.0,0.0,225.93448333333333,280.0,408.0,408.0,408.0,408.0,408.0,0.0,-0.23548077046871185,-0.19587375223636627,-0.11284170299768448,0.0036342486273497343,-0.11829537153244019,-0.13987384736537933,-1,0,0,0,0,0,0,0,0,0,0,0,ELMZ25F,ELMF26F,ELMG26F,ELMH26F,ELMJ26F,ELMK26F,0.0,0.0,0.0,0.0,1970234.441,2079545.434,1980131.5984486917,2284488.30960406,2239534.55816113,2285308.949670708,0,0,0,0,0,0,0,0,running,17341303.712535452,17341303.712535452
2025-11-10,-0.1,0.0,0.0,5000000000.0,5000000000.0,0.0,0.0,254.8426333333333,280.0,408.0,408.0,408.0,408.0,408.0,0.0,-0.18765929341316223,-0.18115372955799103,-0.119545117020607,0.01247142069041729,-0.11165592074394226,-0.11234548687934875,0,0,0,0,0,0,0,0,0,0,0,0,ELMZ25F,ELMF26F,ELMG26F,ELMH26F,ELMJ26F,ELMK26F,0.0,0.0,0.0,0.0,1970234.441,2079545.434,1980131.5984486917,2284488.30960406,2239534.55816113,2285308.949670708,0,0,0,0,0,0,0,0,running,17628398.436232567,17628398.436232567
2025-11-11,-0.1,0.0,0.0,5000000000.0,5000000000.0,0.0,0.0,346.8536833333333,280.0,408.0,408.0,408.0,408.0,408.0,0.0,-0.18029911816120148,-0.18113026022911072,-0.13141636550426483,0.031941793859004974,-0.10747237503528595,-0.11487524211406708,0,0,0,0,0,0,0,0,0,0,0,0,ELMZ25F,ELMF26F,ELMG26F,ELMH26F,ELMJ26F,ELMK26F,0.0,0.0,0.0,0.0,1970234.441,2079545.434,1980131.5984486917,2284488.30960406,2239534.55816113,2285308.949670708,0,0,0,0,0,0,0,0,running,26544706.83584107,26544706.83584107
2025-11-12,-0.1,0.0,0.0,5000000000.0,5000000000.0,0.0,0.0,321.12385,280.0,408.0,408.0,408.0,408.0,408.0,0.0,-0.18015214800834656,-0.17377294600009918,-0.11779076606035233,0.026197412982583046,-0.12136343121528625,-0.12390197068452835,0,0,0,0,0,0,0,0,0,0,0,0,ELMZ25F,ELMF26F,ELMG26F,ELMH26F,ELMJ26F,ELMK26F,0.0,0.0,0.0,0.0,1970234.441,2079545.434,1980131.5984486917,2284488.30960406,2239534.55816113,2285308.949670708,0,0,0,0,0,0,0,0,running,25296558.57927725,25296558.57927725
2025-11-13,-0.10291893655783703,0.0,0.0,5000000000.0,5000000000.0,0.0,0.0,298.32405,280.0,406.98,407.39,407.06,407.06,407.06,0.0,-0.1789928525686264,-0.17076607048511505,-0.10851185768842697,0.045823607593774796,-0.12589900195598602,-0.1334807276725769,0,0,0,0,0,0,0,0,0,0,0,0,ELMZ25F,ELMF26F,ELMG26F,ELMH26F,ELMJ26F,ELMK26F,0.0,0.0,0.0,0.0,1970234.441,2079545.434,1980131.5984486917,2284488.30960406,2239534.55816113,2285308.949670708,0,0,0,0,0,0,0,0,running,24147302.050663803,24147302.050663803
2025-11-14,-0.10273979232724897,0.0,0.0,5000000000.0,5000000000.0,0.0,0.0,300.1530833333333,280.0,406.04,406.86,406.16,406.16,406.16,0.0,-0.1897249072790146,-0.17145588994026184,-0.09466604143381119,0.05505743995308876,-0.13776437938213348,-0.14006051421165466,0,0,0,0,0,0,0,0,0,0,0,0,ELMZ25F,ELMF26F,ELMG26F,ELMH26F,ELMJ26F,ELMK26F,0.0,0.0,0.0,0.0,1970234.441,2079545.434,1980131.5984486917,2284488.30960406,2239534.55816113,2285308.949670708,0,0,0,0,0,0,0,0,running,24108525.570595168,24108525.570595168
2025-11-18,-0.10294914455626412,0.0,0.0,5000000000.0,5000000000.0,0.0,0.0,231.86389166666663,280.17,405.02,406.21,405.23,405.19,405.23,0.0,-0.1452794224023819,-0.14302882552146912,-0.08103103935718536,0.04460323974490166,-0.13689768314361572,-0.12001319229602814,0,0,0,0,0,0,0,0,0,0,0,0,ELMZ25F,ELMF26F,ELMG26F,ELMH26F,ELMJ26F,ELMK26F,0.0,0.0,0.0,0.0,1970234.441,2079545.434,1980131.5984486917,2284488.30960406,2239534.55816113,2285308.949670708,0,0,0,0,0,0,0,0,running,15337297.926382916,15337297.926382916
2025-11-19,-0.10314946401026527,0.0,0.0,5000000000.0,5000000000.0,0.0,0.0,341.37328333333335,285.05,403.93,405.48,404.22,404.18,404.26,0.0,-0.15079635381698608,-0.13895554840564728,-0.07920343428850174,0.06054108589887619,-0.12677283585071564,-0.1323324739933014,0,0,0,0,0,0,0,0,0,0,0,0,ELMZ25F,ELMF26F,ELMG26F,ELMH26F,ELMJ26F,ELMK26F,0.0,0.0,0.0,0.0,1970234.441,2079545.434,1980131.5984486917,2284488.30960406,2239534.55816113,2285308.949670708,0,0,0,0,0,0,0,0,running,23638979.825090718,23638979.825090718
2025-11-20,-0.11515580682428697,0.0,0.0,5000000000.0,5000000000.0,0.0,0.0,229.178725,265.0,402.76,404.71,403.17,403.13,403.25,0.0,-0.17305856943130493,-0.14378412067890167,-0.07322592288255692,0.046379778534173965,-0.1346932351589203,-0.14756405353546143,0,0,0,0,0,0,0,0,0,0,0,0,ELMZ25F,ELMF26F,ELMG26F,ELMH26F,ELMJ26F,ELMK26F,0.0,0.0,0.0,0.0,1970234.441,2079545.434,1980131.5984486917,2284488.30960406,2239534.55816113,2285308.949670708,0,0,0,0,0,0,0,0,running,16587599.742582625,16587599.742582625
2025-11-21,-0.10330484666167192,0.0,0.0,5000000000.0,5000000000.0,0.0,0.0,278.71406666666667,270.0,401.59,403.94,402.12,402.08,402.24,0.0,-0.17641375958919525,-0.1371508687734604,-0.06481803208589554,0.03872447833418846,-0.1323002278804779,-0.15015141665935516,0,0,0,0,0,0,0,0,0,0,0,0,ELMZ25F,ELMF26F,ELMG26F,ELMH26F,ELMJ26F,ELMK26F,0.0,0.0,0.0,0.0,1970234.441,2079545.434,1980131.5984486917,2284488.30960406,2239534.55816113,2285308.949670708,0,0,0,0,0,0,0,0,running,19891653.758561537,19891653.758561537
2025-11-24,-0.10311946379478192,0.0,0.0,5000000000.0,5000000000.0,0.0,0.0,253.04098333333337,287.5,400.51,403.25,401.11,401.07,401.27,0.0,-0.19465942680835724,-0.13169315457344055,-0.054742757230997086,0.03855786845088005,-0.13236838579177856,-0.15464699268341064,0,0,0,0,0,0,0,0,0,0,0,0,ELMZ25F,ELMF26F,ELMG26F,ELMH26F,ELMJ26F,ELMK26F,0.0,0.0,0.0,0.0,1970234.441,2079545.434,1980131.5984486917,2284488.30960406,2239534.55816113,2285308.949670708,0,0,0,0,0,0,0,0,running,16702309.432875318,16702309.432875318
2025-11-25,-0.316601024085849,0.0,0.0,5000000000.0,5000000000.0,0.0,0.0,195.42016666666663,265.0,399.35,402.44,400.07,400.03,400.27,0.0,-0.22207333147525787,-0.09097690135240555,-0.03042556904256344,0.08618415892124176,-0.14028547704219818,-0.19087395071983337,-1,0,0,0,0,0,0,0,0,0,0,0,ELMZ25F,ELMF26F,ELMG26F,ELMH26F,ELMJ26F,ELMK26F,0.0,0.0,0.0,0.0,1970234.441,2079545.434,1980131.5984486917,2284488.30960406,2239534.55816113,2285308.949670708,0,0,0,0,0,0,0,0,running,14694809.77174233,14694809.77174233
2025-11-26,-0.30477367704505365,0.0,0.0,5000000000.0,5000000000.0,0.0,0.0,247.22410833333333,262.5,398.19,401.64,399.03,398.99,399.27,0.0,-0.262968510389328,-0.10073333978652954,-0.025528956204652786,0.07719235867261887,-0.1378326267004013,-0.19537405669689178,-1,0,0,0,0,0,0,0,0,0,0,0,ELMZ25F,ELMF26F,ELMG26F,ELMH26F,ELMJ26F,ELMK26F,0.0,0.0,0.0,0.0,1970234.441,2079545.434,1980131.5984486917,2284488.30960406,2239534.55816113,2285308.949670708,0,0,0,0,0,0,0,0,running,20403764.87737941,20403764.87737941
2025-11-27,-0.30700534689552167,0.0,0.0,5000000000.0,5000000000.0,0.0,0.0,251.51518333333337,255.0,420.0,400.84,397.99,397.95,398.27,0.0,-0.27695760130882263,-0.12827788293361664,-0.030305372551083565,0.0579318106174469,-0.13299429416656494,-0.1927565634250641,-1,0,0,0,0,0,0,0,0,0,0,0,ELMZ25F,ELMF26F,ELMG26F,ELMH26F,ELMJ26F,ELMK26F,0.0,0.0,0.0,0.0,1970234.441,2079545.434,1980131.5984486917,2284488.30960406,2239534.55816113,2285308.949670708,0,0,0,0,0,0,0,0,running,19911304.62192997,19911304.62192997
2025-11-28,-0.30255874733466837,0.0,0.0,5000000000.0,5000000000.0,0.0,0.0,261.8671,265.0,420.0,400.04,396.96,396.92,397.27,0.0,-0.29798275232315063,-0.15461307764053345,-0.03797870874404907,0.03043777123093605,-0.14026027917861938,-0.18691694736480713,-1,0,0,0,0,0,0,0,0,0,0,0,ELMZ25F,ELMF26F,ELMG26F,ELMH26F,ELMJ26F,ELMK26F,0.0,0.0,0.0,0.0,1970234.441,2079545.434,1980131.5984486917,2284488.30960406,2239534.55816113,2285308.949670708,0,0,0,0,0,0,0,0,running,21400848.8772364,21400848.8772364
2025-12-01,-0.3025725632113839,0.0,0.0,5000000000.0,5000000000.0,0.0,0.0,292.7493,420.0,399.52,396.13,396.05,396.44,385.22,0.0,-0.3088321387767792,-0.17233049869537354,-0.044110920280218124,0.009876488707959652,-0.1401250660419464,-0.19118037819862366,-1,0,0,0,0,0,0,0,0,0,0,0,ELMF26F,ELMG26F,ELMH26F,ELMJ26F,ELMK26F,ELMM26F,0.0,0.0,0.0,0.0,2079545.434,1980131.5984486917,2284488.30960406,2239534.55816113,2285308.949670708,2227426.5217549116,0,0,0,0,0,0,0,0,running,19356244.126812004,19356244.126812004
2025-12-02,-0.5024945133577894,0.0,0.0,5000000000.0,5000000000.0,0.0,0.0,254.20151666666663,420.0,399.04,395.34,395.22,395.61,384.41,0.0,-0.2899882197380066,-0.19074305891990662,-0.05016154423356056,0.029045064002275467,-0.1134786382317543,-0.2008311152458191,-1,0,0,0,0,-1,0,0,0,0,0,0,ELMF26F,ELMG26F,ELMH26F,ELMJ26F,ELMK26F,ELMM26F,0.0,0.0,0.0,0.0,2079545.434,1980131.5984486917,2284488.30960406,2239534.55816113,2285308.949670708,2227426.5217549116,0,0,0,0,0,0,0,0,running,18715861.20222133,18715861.20222133
2025-12-03,-0.8072927154945673,0.0,0.0,5000000000.0,5000000000.0,0.0,0.0,230.45415000000003,420.0,398.6,394.55,394.39,342.23,280.65,0.0,-0.2895768880844116,-0.21769019961357117,-0.06090746074914932,0.0278160460293293,-0.08969837427139282,-0.21235644817352295,-1,-1,0,0,0,-1,0,0,0,0,0,0,ELMF26F,ELMG26F,ELMH26F,ELMJ26F,ELMK26F,ELMM26F,0.0,0.0,0.0,0.0,2079545.434,1980131.5984486917,2284488.30960406,2239534.55816113,2285308.949670708,2227426.5217549116,0,0,0,0,0,0,0,0,running,17407808.2149255,17407808.2149255
2025-12-04,-0.7022286413024481,0.0,0.0,5000000000.0,5000000000.0,0.0,0.0,237.3106,420.0,398.08,393.72,393.52,341.58,280.17,0.0,-0.29344457387924194,-0.23990613222122192,-0.06881854683160782,0.016546815633773804,-0.07605303823947906,-0.221844881772995,-1,-1,0,0,0,-1,0,0,0,0,0,0,ELMF26F,ELMG26F,ELMH26F,ELMJ26F,ELMK26F,ELMM26F,0.0,0.0,0.0,0.0,2079545.434,1980131.5984486917,2284488.30960406,2239534.55816113,2285308.949670708,2227426.5217549116,0,0,0,0,0,0,0,0,running,17133701.4438668,17133701.4438668
2025-12-05,-0.705970173500658,0.0,0.0,5000000000.0,5000000000.0,0.0,0.0,188.3115,414.71,397.32,392.74,392.54,340.83,279.61,0.0,-0.29719871282577515,-0.2478192001581192,-0.077879898250103,0.006487742532044649,-0.0787697359919548,-0.21930544078350067,-1,-1,0,0,0,-1,0,0,0,0,0,0,ELMF26F,ELMG26F,ELMH26F,ELMJ26F,ELMK26F,ELMM26F,0.0,0.0,0.0,0.0,2079545.434,1980131.5984486917,2284488.30960406,2239534.55816113,2285308.949670708,2227426.5217549116,0,0,0,0,0,0,0,0,running,14636471.6037735,14636471.6037735
2025-12-09,-0.7069628839176831,0.0,0.0,5000000000.0,5000000000.0,0.0,0.0,219.91283333333337,408.07,396.25,391.56,391.4,339.94,280.65,0.0,-0.2993524372577667,-0.24840405583381653,-0.08056836575269699,-0.005388697609305382,-0.07873082160949707,-0.21907497942447662,-1,-1,0,0,0,-1,0,0,0,0,0,0,ELMF26F,ELMG26F,ELMH26F,ELMJ26F,ELMK26F,ELMM26F,0.0,0.0,0.0,0.0,2079545.434,1980131.5984486917,2284488.30960406,2239534.55816113,2285308.949670708,2227426.5217549116,0,0,0,0,0,0,0,0,running,14883447.220416002,14883447.220416002
2025-12-10,-0.9838792898215198,0.0,0.0,5000000000.0,5000000000.0,0.0,0.0,202.30094999999997,250.0,250.0,250.0,390.26,339.06,280.65,0.0,-0.30550292134284973,-0.24899505078792572,-0.08346864581108093,3.3447518944740295e-05,-0.07284213602542877,-0.2232372909784317,-1,-1,0,0,0,-1,0,0,0,0,0,0,ELMF26F,ELMG26F,ELMH26F,ELMJ26F,ELMK26F,ELMM26F,0.0,0.0,0.0,0.0,2079545.434,1980131.5984486917,2284488.30960406,2239534.55816113,2285308.949670708,2227426.5217549116,0,0,0,0,0,0,0,0,running,14500717.050090149,14500717.050090149
2025-12-11,-0.7013625237779297,0.0,0.0,5000000000.0,5000000000.0,0.0,0.0,235.0135,250.0,250.0,250.0,389.13,338.18,280.65,0.0,-0.260588675737381,-0.24413299560546875,-0.0915948897600174,0.010552617721259594,-0.04414615407586098,-0.21251097321510315,-1,-1,0,0,0,-1,0,0,0,0,0,0,ELMF26F,ELMG26F,ELMH26F,ELMJ26F,ELMK26F,ELMM26F,0.0,0.0,0.0,0.0,2079545.434,1980131.5984486917,2284488.30960406,2239534.55816113,2285308.949670708,2227426.5217549116,0,0,0,0,0,0,0,0,running,17070835.643693503,17070835.643693503
2025-12-12,-0.7013150815826849,0.0,0.0,5000000000.0,5000000000.0,0.0,0.0,251.70760000000004,252.0,255.0,255.0,388.04,337.33,280.65,0.0,-0.2516832947731018,-0.24380970001220703,-0.10300130397081375,0.01497628539800644,-0.03664715960621834,-0.20756830275058746,-1,-1,0,0,0,-1,0,0,0,0,0,0,ELMF26F,ELMG26F,ELMH26F,ELMJ26F,ELMK26F,ELMM26F,0.0,0.0,0.0,0.0,2079545.434,1980131.5984486917,2284488.30960406,2239534.55816113,2285308.949670708,2227426.5217549116,0,0,0,0,0,0,0,0,running,18546848.220867604,18546848.220867604
2025-12-15,-0.7026248628498347,0.0,0.0,5000000000.0,5000000000.0,0.0,0.0,293.72229999999996,250.24,254.9,254.59,387.07,336.55,280.65,0.0,-0.26176124811172485,-0.24754440784454346,-0.10868208110332489,0.03777329623699188,-0.039628516882658005,-0.21896813809871674,-1,-1,0,0,0,-1,0,0,0,0,0,0,ELMF26F,ELMG26F,ELMH26F,ELMJ26F,ELMK26F,ELMM26F,0.0,0.0,0.0,0.0,2079545.434,1980131.5984486917,2284488.30960406,2239534.55816113,2285308.949670708,2227426.5217549116,0,0,0,0,0,0,0,0,running,19708628.5742413,19708628.5742413
2025-12-16,-0.701132168728554,0.0,0.0,5000000000.0,5000000000.0,0.0,0.0,324.73886666666664,252.0,255.0,255.0,386.14,335.81,280.65,0.0,-0.24950116872787476,-0.24345611035823822,-0.11667486280202866,0.03580556437373161,-0.03270435705780983,-0.21602113544940948,-1,-1,0,0,0,-1,0,0,0,0,0,0,ELMF26F,ELMG26F,ELMH26F,ELMJ26F,ELMK26F,ELMM26F,0.0,0.0,0.0,0.0,2079545.434,1980131.5984486917,2284488.30960406,2239534.55816113,2285308.949670708,2227426.5217549116,0,0,0,0,0,0,0,0,running,23802880.261577196,23802880.261577196
2025-12-17,-0.7013980990837414,0.0,0.0,5000000000.0,5000000000.0,0.0,0.0,346.187625,252.0,255.1,255.0,385.25,335.14,280.14,0.0,-0.25304603576660156,-0.24565264582633972,-0.12101935595273972,0.03225335851311684,-0.02918305993080139,-0.22129589319229126,-1,-1,0,0,0,-1,0,0,0,0,0,0,ELMF26F,ELMG26F,ELMH26F,ELMJ26F,ELMK26F,ELMM26F,0.0,0.0,0.0,0.0,2079545.434,1980131.5984486917,2284488.30960406,2239534.55816113,2285308.949670708,2227426.5217549116,0,0,0,0,0,0,0,0,running,26619194.22086138,26619194.22086138
2025-12-18,-0.7281412314727604,0.0,0.0,5000000000.0,5000000000.0,0.0,0.0,379.1691666666666,325.0,362.0,359.0,373.0,334.5,251.0,0.0,-0.25025200843811035,-0.2474556267261505,-0.1269548237323761,0.03219648450613022,-0.021527189761400223,-0.22423768043518066,-1,-1,0,0,0,-1,0,0,0,0,0,0,ELMF26F,ELMG26F,ELMH26F,ELMJ26F,ELMK26F,ELMM26F,0.0,0.0,0.0,0.0,2079545.434,1980131.5984486917,2284488.30960406,2239534.55816113,2285308.949670708,2227426.5217549116,0,0,0,0,0,0,0,0,running,28551480.3377775,28551480.3377775
2025-12-19,-0.7018711965056088,0.0,0.0,5000000000.0,5000000000.0,0.0,0.0,384.92366666666663,322.66,380.5,380.5,373.0,333.9,251.0,0.0,-0.27631792426109314,-0.25173014402389526,-0.13104037940502167,0.03991327062249184,-0.0304876621812582,-0.22413168847560883,-1,-1,0,0,0,-1,0,0,0,0,0,0,ELMF26F,ELMG26F,ELMH26F,ELMJ26F,ELMK26F,ELMM26F,0.0,0.0,0.0,0.0,2079545.434,1980131.5984486917,2284488.30960406,2239534.55816113,2285308.949670708,2227426.5217549116,0,0,0,0,0,0,0,0,running,28573658.243084,28573658.243084
2025-12-22,-0.7010040917904627,0.0,0.0,5000000000.0,5000000000.0,0.0,0.0,437.8349333333333,321.6,380.5,380.5,373.0,333.4,251.0,0.0,-0.30039286613464355,-0.20346499979496002,-0.09413670003414154,0.06633138656616211,-0.0980815440416336,-0.24344350397586823,-1,-1,0,0,0,-1,0,0,0,0,0,0,ELMF26F,ELMG26F,ELMH26F,ELMJ26F,ELMK26F,ELMM26F,0.0,0.0,0.0,0.0,2079545.434,1980131.5984486917,2284488.30960406,2239534.55816113,2285308.949670708,2227426.5217549116,0,0,0,0,0,0,0,0,running,29895833.35302933,29895833.35302933
2025-12-23,-0.5003633641229976,0.0,0.0,5000000000.0,5000000000.0,0.0,0.0,435.147525,393.0,381.0,381.0,373.0,332.87,251.0,0.0,-0.3369273245334625,-0.1948726624250412,-0.06841385364532471,0.06921305507421494,-0.12225761264562607,-0.23254022002220154,-1,0,0,0,0,-1,0,0,0,0,0,0,ELMF26F,ELMG26F,ELMH26F,ELMJ26F,ELMK26F,ELMM26F,0.0,0.0,0.0,0.0,2079545.434,1980131.5984486917,2284488.30960406,2239534.55816113,2285308.949670708,2227426.5217549116,0,0,0,0,0,0,0,0,running,28603015.723926675,28603015.723926675
2025-12-24,-0.5003907878303937,0.0,0.0,5000000000.0,5000000000.0,0.0,0.0,270.67695,393.0,381.0,381.0,373.0,332.3,251.0,0.0,-0.3598729372024536,-0.19854316115379333,-0.05506865680217743,0.05190766975283623,-0.13132143020629883,-0.22021636366844177,-1,0,0,0,0,-1,0,0,0,0,0,0,ELMF26F,ELMG26F,ELMH26F,ELMJ26F,ELMK26F,ELMM26F,0.0,0.0,0.0,0.0,2079545.434,1980131.5984486917,2284488.30960406,2239534.55816113,2285308.949670708,2227426.5217549116,0,0,0,0,0,0,0,0,running,14448602.68861755,14448602.68861755
2025-12-26,-0.5004319233914878,0.0,0.0,5000000000.0,5000000000.0,0.0,0.0,253.2591666666667,393.0,381.0,381.0,373.0,331.67,251.0,0.0,-0.36320483684539795,-0.19852939248085022,-0.0489002987742424,0.04304688796401024,-0.13044339418411255,-0.20865927636623383,-1,0,0,0,0,-1,0,0,0,0,0,0,ELMF26F,ELMG26F,ELMH26F,ELMJ26F,ELMK26F,ELMM26F,0.0,0.0,0.0,0.0,2079545.434,1980131.5984486917,2284488.30960406,2239534.55816113,2285308.949670708,2227426.5217549116,0,0,0,0,0,0,0,0,running,13773473.6934725,13773473.6934725
2025-12-29,-0.3014058595711183,0.0,0.0,5000000000.0,5000000000.0,0.0,0.0,320.7418,393.0,399.0,402.0,372.1,330.94,250.55,0.0,-0.36780625581741333,-0.16950537264347076,-0.041843995451927185,0.06598445028066635,-0.133216992020607,-0.19049422442913055,-1,0,0,0,0,0,0,0,0,0,0,0,ELMF26F,ELMG26F,ELMH26F,ELMJ26F,ELMK26F,ELMM26F,0.0,0.0,0.0,0.0,2079545.434,1980131.5984486917,2284488.30960406,2239534.55816113,2285308.949670708,2227426.5217549116,0,0,0,0,0,0,0,0,running,18537386.194339003,18537386.194339003
2025-12-30,-0.3013991409674439,0.0,0.0,5000000000.0,5000000000.0,0.0,0.0,298.5135166666667,393.0,399.0,402.0,371.21,330.21,250.1,0.0,-0.35495468974113464,-0.10031872987747192,-0.023875944316387177,0.10191681981086731,-0.13140952587127686,-0.17016758024692535,-1,0,0,0,0,0,0,0,0,0,0,0,ELMF26F,ELMG26F,ELMH26F,ELMJ26F,ELMK26F,ELMM26F,0.0,0.0,0.0,0.0,2079545.434,1980131.5984486917,2284488.30960406,2239534.55816113,2285308.949670708,2227426.5217549116,0,0,0,0,0,0,0,0,running,16696238.606765252,16696238.606765252
2026-01-02,-0.3017308632114155,0.0,0.0,5000000000.0,5000000000.0,0.0,0.0,334.41450000000003,399.0,402.0,370.43,329.58,249.72,371.39,0.0,-0.2428697943687439,-0.03614368662238121,-0.031066609546542168,0.10390990227460861,-0.07757078111171722,-0.09809532016515732,-1,0,0,0,0,0,0,0,0,0,0,0,ELMG26F,ELMH26F,ELMJ26F,ELMK26F,ELMM26F,ELMN26F,0.0,0.0,0.0,0.0,1980131.5984486917,2284488.30960406,2239534.55816113,2285308.949670708,2227426.5217549116,2445831.50158675,0,0,0,0,0,0,0,0,running,16487357.854149,16487357.854149
2026-01-05,-0.10166795653913324,0.0,0.0,5000000000.0,5000000000.0,0.0,0.0,324.7563666666667,399.0,402.0,369.69,328.95,249.35,370.72,0.0,-0.18494632840156555,0.00393392238765955,-0.058863088488578796,0.10222692787647247,-0.10320372134447098,-0.10216503590345383,0,0,0,0,0,0,0,0,0,0,0,0,ELMG26F,ELMH26F,ELMJ26F,ELMK26F,ELMM26F,ELMN26F,0.0,0.0,0.0,0.0,1980131.5984486917,2284488.30960406,2239534.55816113,2285308.949670708,2227426.5217549116,2445831.50158675,0,0,0,0,0,0,0,0,running,19249196.761970703,19249196.761970703
2026-01-06,-0.3016679565391333,0.0,0.0,5000000000.0,5000000000.0,0.0,0.0,317.9762,399.0,402.0,368.95,328.32,248.98,370.05,0.0,-0.20383968949317932,0.021714968606829643,-0.102371446788311,0.10593000799417496,-0.1352842152118683,-0.1267523169517517,-1,0,0,0,0,0,0,0,0,0,0,0,ELMG26F,ELMH26F,ELMJ26F,ELMK26F,ELMM26F,ELMN26F,0.0,0.0,0.0,0.0,1980131.5984486917,2284488.30960406,2239534.55816113,2285308.949670708,2227426.5217549116,2445831.50158675,0,0,0,0,0,0,0,0,running,21650059.2023766,21650059.2023766
2026-01-07,-0.3016611006122843,0.0,0.0,5000000000.0,5000000000.0,0.0,0.0,274.1542083333333,399.0,402.0,368.21,327.7,248.61,369.38,0.0,-0.23900310695171356,0.026630613952875137,-0.13785286247730255,0.10993547737598419,-0.16593948006629944,-0.14979581534862518,-1,0,0,0,0,0,0,0,0,0,0,0,ELMG26F,ELMH26F,ELMJ26F,ELMK26F,ELMM26F,ELMN26F,0.0,0.0,0.0,0.0,1980131.5984486917,2284488.30960406,2239534.55816113,2285308.949670708,2227426.5217549116,2445831.50158675,0,0,0,0,0,0,0,0,running,19352722.94402279,19352722.94402279
2026-01-08,-0.30427569487338185,0.0,0.0,5000000000.0,5000000000.0,0.0,0.0,194.06564166666664,395.81,401.08,367.4,327.08,248.21,368.68,0.0,-0.2819051146507263,0.024273455142974854,-0.16154006123542786,0.11739420145750046,-0.18680505454540253,-0.17603753507137299,-1,0,0,0,0,0,0,0,0,0,0,0,ELMG26F,ELMH26F,ELMJ26F,ELMK26F,ELMM26F,ELMN26F,0.0,0.0,0.0,0.0,1980131.5984486917,2284488.30960406,2239534.55816113,2285308.949670708,2227426.5217549116,2445831.50158675,0,0,0,0,0,0,0,0,running,13939107.432631515,13939107.432631515
2026-01-09,-0.5047391823775749,0.0,0.0,5000000000.0,5000000000.0,0.0,0.0,196.36796666666663,392.13,400.08,366.55,326.39,247.79,367.94,0.0,-0.3151801526546478,0.017171911895275116,-0.17632441222667694,0.1156340092420578,-0.20386025309562683,-0.19308702647686005,-1,0,0,0,-1,0,0,0,0,0,0,0,ELMG26F,ELMH26F,ELMJ26F,ELMK26F,ELMM26F,ELMN26F,0.0,0.0,0.0,0.0,1980131.5984486917,2284488.30960406,2239534.55816113,2285308.949670708,2227426.5217549116,2445831.50158675,0,0,0,0,0,0,0,0,running,14439810.230083698,14439810.230083698
2026-01-13,-0.7069781126506496,0.0,0.0,5000000000.0,5000000000.0,0.0,0.0,145.00768333333335,385.78,398.8,365.49,325.51,247.24,367.06,0.0,-0.36085066199302673,0.03266407549381256,-0.14752152562141418,0.16639064252376556,-0.21427923440933228,-0.2270779311656952,-1,0,0,0,-1,-1,0,0,0,0,0,0,ELMG26F,ELMH26F,ELMJ26F,ELMK26F,ELMM26F,ELMN26F,0.0,0.0,0.0,0.0,1980131.5984486917,2284488.30960406,2239534.55816113,2285308.949670708,2227426.5217549116,2445831.50158675,0,0,0,0,0,0,0,0,running,9453698.480813768,9453698.480813768
2026-01-14,-0.513688836075745,0.0,0.0,5000000000.0,5000000000.0,0.0,0.0,137.46183333333332,379.22,393.66,362.02,323.13,245.93,365.11,0.0,-0.39618781208992004,0.011719774454832077,-0.11890046298503876,0.19140680134296417,-0.19128060340881348,-0.21929645538330078,-1,0,0,0,0,-1,0,0,0,0,0,0,ELMG26F,ELMH26F,ELMJ26F,ELMK26F,ELMM26F,ELMN26F,0.0,0.0,0.0,0.0,1980131.5984486917,2284488.30960406,2239534.55816113,2285308.949670708,2227426.5217549116,2445831.50158675,0,0,0,0,0,0,0,0,running,9346496.868719334,9346496.868719334
2026-01-15,-0.6838200133153616,0.0,0.0,4999653568.4,4918588574.0,81064994.4,0.0,143.19950833333334,372.32,388.38,358.54,320.77,244.6,363.17,1080000.0,-0.41578686237335205,-0.015859665349125862,-0.09887539595365524,0.20958077907562256,-0.16273656487464905,-0.21090713143348694,-1,0,0,1,0,-1,0,0,0,1,0,0,ELMG26F,ELMH26F,ELMJ26F,ELMK26F,ELMM26F,ELMN26F,0.0,346431.60000000003,0.0,0.0,1980131.5984486917,2284488.30960406,2239534.55816113,2285308.949670708,2227426.5217549116,2445831.50158675,0,0,0,3,0,0,0,0,running,9938273.565551585,10284705.165551584
2026-01-16,-0.6821023965835127,-2559600.0000000047,-2559600.0000000047,4997093968.4,4918588574.0,78505394.4,0.0,117.61296666666664,300.0,383.02,355.06,318.4,243.28,361.25,1080000.0,-0.42491498589515686,-0.009554024785757065,-0.08146616816520691,0.2551826536655426,-0.13406506180763245,-0.2290702760219574,-1,0,0,1,0,-1,0,0,0,0,0,0,ELMG26F,ELMH26F,ELMJ26F,ELMK26F,ELMM26F,ELMN26F,0.0,0.0,-2559600.0000000047,0.0,1980131.5984486917,2284488.30960406,2239534.55816113,2285308.949670708,2227426.5217549116,2445831.50158675,0,0,0,0,0,0,0,0,running,8143108.402422165,10702708.40242217
2026-01-19,-0.42306930816843263,-2581199.999999985,-5140799.99999999,4994512768.4,4918588574.0,75924194.40000002,0.0,147.51685,285.0,377.66,351.58,316.01,241.97,359.34,1080000.0,-0.4677797853946686,-0.02304987609386444,-0.047607675194740295,0.2597399950027466,-0.0916154682636261,-0.19660887122154236,-1,0,0,1,0,0,0,0,0,0,0,0,ELMG26F,ELMH26F,ELMJ26F,ELMK26F,ELMM26F,ELMN26F,0.0,0.0,-2581199.999999985,0.0,1980131.5984486917,2284488.30960406,2239534.55816113,2285308.949670708,2227426.5217549116,2445831.50158675,0,0,0,0,0,0,0,0,running,10642169.296194151,13223369.296194136
2026-01-20,-0.46414376794497364,-2559600.0000000047,-7700399.999999994,4991953168.4,4918588574.0,73364594.40000002,0.0,176.72193333333334,285.0,310.0,300.0,313.64,240.64,357.4,1080000.0,-0.47206223011016846,-0.020256416872143745,-0.024296604096889496,0.28521406650543213,-0.03526867553591728,-0.16578473150730133,-1,0,0,1,0,0,0,0,0,0,0,0,ELMG26F,ELMH26F,ELMJ26F,ELMK26F,ELMM26F,ELMN26F,0.0,0.0,-2559600.0000000047,0.0,1980131.5984486917,2284488.30960406,2239534.55816113,2285308.949670708,2227426.5217549116,2445831.50158675,0,0,0,0,0,0,0,0,running,13816409.511639068,16376009.511639073
2026-01-21,-0.385199530714348,-2570399.9999999953,-10270799.999999989,4989382768.4,4918588574.0,70794194.40000002,0.0,181.46936666666667,297.5,300.0,300.0,311.26,239.32,355.47,1080000.0,-0.46395909786224365,-0.018223043531179428,-0.006256733555346727,0.3214276432991028,0.026107124984264374,-0.14297305047512054,-1,0,0,1,0,0,0,0,0,0,0,0,ELMG26F,ELMH26F,ELMJ26F,ELMK26F,ELMM26F,ELMN26F,0.0,0.0,-2570399.9999999953,0.0,1980131.5984486917,2284488.30960406,2239534.55816113,2285308.949670708,2227426.5217549116,2445831.50158675,0,0,0,0,0,0,0,0,running,14424366.083835566,16994766.08383556
2026-01-22,0.4489540546501389,63439200.000000015,53168400.00000003,5052821968.4,4971756974.0,81064994.4,0.0,188.178,297.5,310.0,300.0,370.0,370.0,370.0,1080000.0,-0.4557172954082489,-0.007047588471323252,0.009633626788854599,0.35598063468933105,0.09755097329616547,-0.10611221939325333,-1,0,0,1,0,0,0,0,0,0,0,0,ELMG26F,ELMH26F,ELMJ26F,ELMK26F,ELMM26F,ELMN26F,0.0,0.0,63439200.000000015,0.0,1980131.5984486917,2284488.30960406,2239534.55816113,2285308.949670708,2227426.5217549116,2445831.50158675,0,0,0,0,0,0,0,0,running,15321873.902364003,-48117326.097636014
2026-01-23,-0.42927807722804046,0.0,53168400.00000003,5052821968.4,4971756974.0,81064994.4,0.0,202.59423333333336,297.5,307.5,300.0,370.0,370.0,370.0,1080000.0,-0.4510042369365692,-0.007538395468145609,0.029924705624580383,0.3535856008529663,0.15634343028068542,-0.05560905858874321,-1,0,0,1,0,0,0,0,0,0,0,0,ELMG26F,ELMH26F,ELMJ26F,ELMK26F,ELMM26F,ELMN26F,0.0,0.0,0.0,0.0,1980131.5984486917,2284488.30960406,2239534.55816113,2285308.949670708,2227426.5217549116,2445831.50158675,0,0,0,0,0,0,0,0,running,16152065.529260736,16152065.529260736
2026-01-26,-0.6213092931042377,0.0,53168400.00000003,5052155968.4,4871190974.0,180964994.4,652573.4782450884,248.15596666666667,297.5,310.0,300.0,370.0,370.0,370.0,2880000.0,-0.42697975039482117,-0.013060393743216991,0.03457040712237358,0.3727461099624634,0.20685529708862305,-0.02821711264550686,-1,0,0,1,1,0,0,0,0,0,1,0,ELMG26F,ELMH26F,ELMJ26F,ELMK26F,ELMM26F,ELMN26F,0.0,666000.0,0.0,0.0,1980131.5984486917,2284488.30960406,2239534.55816113,2285308.949670708,2227426.5217549116,2445831.50158675,0,0,0,0,5,0,0,0,running,18671191.652228504,19337191.652228504
2026-01-27,-0.5145545889499032,0.0,53168400.00000003,5052155968.4,4871190974.0,180964994.4,0.0,262.064375,297.5,307.5,300.0,370.0,370.0,370.0,2880000.0,-0.3962550759315491,-0.02597568929195404,0.027550097554922104,0.3798380196094513,0.2296944558620453,-0.011044925078749657,-1,0,0,1,1,0,0,0,0,0,0,0,ELMG26F,ELMH26F,ELMJ26F,ELMK26F,ELMM26F,ELMN26F,0.0,0.0,0.0,0.0,1980131.5984486917,2284488.30960406,2239534.55816113,2285308.949670708,2227426.5217549116,2445831.50158675,0,0,0,0,0,0,0,0,running,20876820.15414875,20876820.15414875
2026-01-28,-0.5345814159752249,0.0,53168400.00000003,5052155968.4,4871190974.0,180964994.4,0.0,258.02823333333333,290.0,295.0,300.0,370.0,370.0,370.0,2880000.0,-0.35538381338119507,0.018979139626026154,0.03105960227549076,0.45881494879722595,0.3432809114456177,0.0616360642015934,-1,0,0,1,1,0,0,0,0,0,0,0,ELMG26F,ELMH26F,ELMJ26F,ELMK26F,ELMM26F,ELMN26F,0.0,0.0,0.0,0.0,1980131.5984486917,2284488.30960406,2239534.55816113,2285308.949670708,2227426.5217549116,2445831.50158675,0,0,0,0,0,0,0,0,running,20630197.394927736,20630197.394927736
2026-01-29,-0.5487340251563041,0.0,53168400.00000003,5052155968.4,4871190974.0,180964994.4,0.0,246.27239166666664,287.0,295.0,300.0,370.0,370.0,370.0,2880000.0,-0.31624123454093933,-0.007243499159812927,0.007516168057918549,0.4313456118106842,0.31760138273239136,0.057542283087968826,-1,0,0,1,1,0,0,0,0,0,0,0,ELMG26F,ELMH26F,ELMJ26F,ELMK26F,ELMM26F,ELMN26F,0.0,0.0,0.0,0.0,1980131.5984486917,2284488.30960406,2239534.55816113,2285308.949670708,2227426.5217549116,2445831.50158675,0,0,0,0,0,0,0,0,running,19836117.900371604,19836117.900371604
2026-01-30,-0.7330163794350011,-7109999.999999959,46058400.000000075,5045045968.4,4871190974.0,173854994.40000004,0.0,206.1265,287.0,295.0,300.0,367.3,367.67,368.19,2880000.0,-0.33392980694770813,-0.06940732896327972,-0.02635759487748146,0.3627846837043762,0.2193848192691803,-0.012489338405430317,-1,0,0,1,1,0,0,0,0,0,0,0,ELMG26F,ELMH26F,ELMJ26F,ELMK26F,ELMM26F,ELMN26F,0.0,0.0,-7109999.999999959,0.0,1980131.5984486917,2284488.30960406,2239534.55816113,2285308.949670708,2227426.5217549116,2445831.50158675,0,0,0,0,0,0,1,0,timeline_end,15997667.713633,23107667.71363296
